trace_idx,while_counter,1,p,q,r,h,n
1,1,1,0,1,0,0,0
2,1,1,0,1,0,0,0
1,1,1,0,1,1,0,1
1,2,1,0,4,1,0,1
2,1,1,0,4,1,0,1
2,2,1,1,1,0,1,1
1,1,1,0,1,2,0,2
1,2,1,0,4,2,0,2
2,1,1,0,4,2,0,2
2,2,1,1,1,1,1,2
1,1,1,0,1,3,0,3
1,2,1,0,4,3,0,3
2,1,1,0,4,3,0,3
2,2,1,1,1,2,1,3
1,1,1,0,1,4,0,4
1,2,1,0,4,4,0,4
1,3,1,0,16,4,0,4
2,1,1,0,16,4,0,4
2,2,1,4,4,0,4,4
2,3,1,2,1,0,5,4
1,1,1,0,1,5,0,5
1,2,1,0,4,5,0,5
1,3,1,0,16,5,0,5
2,1,1,0,16,5,0,5
2,2,1,4,4,1,4,5
2,3,1,2,1,1,5,5
1,1,1,0,1,6,0,6
1,2,1,0,4,6,0,6
1,3,1,0,16,6,0,6
2,1,1,0,16,6,0,6
2,2,1,4,4,2,4,6
2,3,1,2,1,2,5,6
1,1,1,0,1,7,0,7
1,2,1,0,4,7,0,7
1,3,1,0,16,7,0,7
2,1,1,0,16,7,0,7
2,2,1,4,4,3,4,7
2,3,1,2,1,3,5,7
1,1,1,0,1,8,0,8
1,2,1,0,4,8,0,8
1,3,1,0,16,8,0,8
2,1,1,0,16,8,0,8
2,2,1,4,4,4,4,8
2,3,1,2,1,4,5,8
1,1,1,0,1,9,0,9
1,2,1,0,4,9,0,9
1,3,1,0,16,9,0,9
2,1,1,0,16,9,0,9
2,2,1,4,4,5,4,9
2,3,1,3,1,0,5,9
1,1,1,0,1,10,0,10
1,2,1,0,4,10,0,10
1,3,1,0,16,10,0,10
2,1,1,0,16,10,0,10
2,2,1,4,4,6,4,10
2,3,1,3,1,1,5,10
1,1,1,0,1,11,0,11
1,2,1,0,4,11,0,11
1,3,1,0,16,11,0,11
2,1,1,0,16,11,0,11
2,2,1,4,4,7,4,11
2,3,1,3,1,2,5,11
1,1,1,0,1,12,0,12
1,2,1,0,4,12,0,12
1,3,1,0,16,12,0,12
2,1,1,0,16,12,0,12
2,2,1,4,4,8,4,12
2,3,1,3,1,3,5,12
1,1,1,0,1,13,0,13
1,2,1,0,4,13,0,13
1,3,1,0,16,13,0,13
2,1,1,0,16,13,0,13
2,2,1,4,4,9,4,13
2,3,1,3,1,4,5,13
1,1,1,0,1,14,0,14
1,2,1,0,4,14,0,14
1,3,1,0,16,14,0,14
2,1,1,0,16,14,0,14
2,2,1,4,4,10,4,14
2,3,1,3,1,5,5,14
1,1,1,0,1,15,0,15
1,2,1,0,4,15,0,15
1,3,1,0,16,15,0,15
2,1,1,0,16,15,0,15
2,2,1,4,4,11,4,15
2,3,1,3,1,6,5,15
1,1,1,0,1,16,0,16
1,2,1,0,4,16,0,16
1,3,1,0,16,16,0,16
1,4,1,0,64,16,0,16
2,1,1,0,64,16,0,16
2,2,1,16,16,0,16,16
2,3,1,8,4,0,20,16
2,4,1,4,1,0,9,16
1,1,1,0,1,17,0,17
1,2,1,0,4,17,0,17
1,3,1,0,16,17,0,17
1,4,1,0,64,17,0,17
2,1,1,0,64,17,0,17
2,2,1,16,16,1,16,17
2,3,1,8,4,1,20,17
2,4,1,4,1,1,9,17
1,1,1,0,1,18,0,18
1,2,1,0,4,18,0,18
1,3,1,0,16,18,0,18
1,4,1,0,64,18,0,18
2,1,1,0,64,18,0,18
2,2,1,16,16,2,16,18
2,3,1,8,4,2,20,18
2,4,1,4,1,2,9,18
1,1,1,0,1,19,0,19
1,2,1,0,4,19,0,19
1,3,1,0,16,19,0,19
1,4,1,0,64,19,0,19
2,1,1,0,64,19,0,19
2,2,1,16,16,3,16,19
2,3,1,8,4,3,20,19
2,4,1,4,1,3,9,19
1,1,1,0,1,20,0,20
1,2,1,0,4,20,0,20
1,3,1,0,16,20,0,20
1,4,1,0,64,20,0,20
2,1,1,0,64,20,0,20
2,2,1,16,16,4,16,20
2,3,1,8,4,4,20,20
2,4,1,4,1,4,9,20
1,1,1,0,1,21,0,21
1,2,1,0,4,21,0,21
1,3,1,0,16,21,0,21
1,4,1,0,64,21,0,21
2,1,1,0,64,21,0,21
2,2,1,16,16,5,16,21
2,3,1,8,4,5,20,21
2,4,1,4,1,5,9,21
1,1,1,0,1,22,0,22
1,2,1,0,4,22,0,22
1,3,1,0,16,22,0,22
1,4,1,0,64,22,0,22
2,1,1,0,64,22,0,22
2,2,1,16,16,6,16,22
2,3,1,8,4,6,20,22
2,4,1,4,1,6,9,22
1,1,1,0,1,23,0,23
1,2,1,0,4,23,0,23
1,3,1,0,16,23,0,23
1,4,1,0,64,23,0,23
2,1,1,0,64,23,0,23
2,2,1,16,16,7,16,23
2,3,1,8,4,7,20,23
2,4,1,4,1,7,9,23
1,1,1,0,1,24,0,24
1,2,1,0,4,24,0,24
1,3,1,0,16,24,0,24
1,4,1,0,64,24,0,24
2,1,1,0,64,24,0,24
2,2,1,16,16,8,16,24
2,3,1,8,4,8,20,24
2,4,1,4,1,8,9,24
1,1,1,0,1,25,0,25
1,2,1,0,4,25,0,25
1,3,1,0,16,25,0,25
1,4,1,0,64,25,0,25
2,1,1,0,64,25,0,25
2,2,1,16,16,9,16,25
2,3,1,8,4,9,20,25
2,4,1,5,1,0,9,25
1,1,1,0,1,26,0,26
1,2,1,0,4,26,0,26
1,3,1,0,16,26,0,26
1,4,1,0,64,26,0,26
2,1,1,0,64,26,0,26
2,2,1,16,16,10,16,26
2,3,1,8,4,10,20,26
2,4,1,5,1,1,9,26
1,1,1,0,1,27,0,27
1,2,1,0,4,27,0,27
1,3,1,0,16,27,0,27
1,4,1,0,64,27,0,27
2,1,1,0,64,27,0,27
2,2,1,16,16,11,16,27
2,3,1,8,4,11,20,27
2,4,1,5,1,2,9,27
1,1,1,0,1,28,0,28
1,2,1,0,4,28,0,28
1,3,1,0,16,28,0,28
1,4,1,0,64,28,0,28
2,1,1,0,64,28,0,28
2,2,1,16,16,12,16,28
2,3,1,8,4,12,20,28
2,4,1,5,1,3,9,28
1,1,1,0,1,29,0,29
1,2,1,0,4,29,0,29
1,3,1,0,16,29,0,29
1,4,1,0,64,29,0,29
2,1,1,0,64,29,0,29
2,2,1,16,16,13,16,29
2,3,1,8,4,13,20,29
2,4,1,5,1,4,9,29
1,1,1,0,1,30,0,30
1,2,1,0,4,30,0,30
1,3,1,0,16,30,0,30
1,4,1,0,64,30,0,30
2,1,1,0,64,30,0,30
2,2,1,16,16,14,16,30
2,3,1,8,4,14,20,30
2,4,1,5,1,5,9,30
1,1,1,0,1,31,0,31
1,2,1,0,4,31,0,31
1,3,1,0,16,31,0,31
1,4,1,0,64,31,0,31
2,1,1,0,64,31,0,31
2,2,1,16,16,15,16,31
2,3,1,8,4,15,20,31
2,4,1,5,1,6,9,31
1,1,1,0,1,32,0,32
1,2,1,0,4,32,0,32
1,3,1,0,16,32,0,32
1,4,1,0,64,32,0,32
2,1,1,0,64,32,0,32
2,2,1,16,16,16,16,32
2,3,1,8,4,16,20,32
2,4,1,5,1,7,9,32
1,1,1,0,1,33,0,33
1,2,1,0,4,33,0,33
1,3,1,0,16,33,0,33
1,4,1,0,64,33,0,33
2,1,1,0,64,33,0,33
2,2,1,16,16,17,16,33
2,3,1,8,4,17,20,33
2,4,1,5,1,8,9,33
1,1,1,0,1,34,0,34
1,2,1,0,4,34,0,34
1,3,1,0,16,34,0,34
1,4,1,0,64,34,0,34
2,1,1,0,64,34,0,34
2,2,1,16,16,18,16,34
2,3,1,8,4,18,20,34
2,4,1,5,1,9,9,34
1,1,1,0,1,35,0,35
1,2,1,0,4,35,0,35
1,3,1,0,16,35,0,35
1,4,1,0,64,35,0,35
2,1,1,0,64,35,0,35
2,2,1,16,16,19,16,35
2,3,1,8,4,19,20,35
2,4,1,5,1,10,9,35
1,1,1,0,1,36,0,36
1,2,1,0,4,36,0,36
1,3,1,0,16,36,0,36
1,4,1,0,64,36,0,36
2,1,1,0,64,36,0,36
2,2,1,16,16,20,16,36
2,3,1,12,4,0,20,36
2,4,1,6,1,0,13,36
1,1,1,0,1,37,0,37
1,2,1,0,4,37,0,37
1,3,1,0,16,37,0,37
1,4,1,0,64,37,0,37
2,1,1,0,64,37,0,37
2,2,1,16,16,21,16,37
2,3,1,12,4,1,20,37
2,4,1,6,1,1,13,37
1,1,1,0,1,38,0,38
1,2,1,0,4,38,0,38
1,3,1,0,16,38,0,38
1,4,1,0,64,38,0,38
2,1,1,0,64,38,0,38
2,2,1,16,16,22,16,38
2,3,1,12,4,2,20,38
2,4,1,6,1,2,13,38
1,1,1,0,1,39,0,39
1,2,1,0,4,39,0,39
1,3,1,0,16,39,0,39
1,4,1,0,64,39,0,39
2,1,1,0,64,39,0,39
2,2,1,16,16,23,16,39
2,3,1,12,4,3,20,39
2,4,1,6,1,3,13,39
1,1,1,0,1,40,0,40
1,2,1,0,4,40,0,40
1,3,1,0,16,40,0,40
1,4,1,0,64,40,0,40
2,1,1,0,64,40,0,40
2,2,1,16,16,24,16,40
2,3,1,12,4,4,20,40
2,4,1,6,1,4,13,40
1,1,1,0,1,41,0,41
1,2,1,0,4,41,0,41
1,3,1,0,16,41,0,41
1,4,1,0,64,41,0,41
2,1,1,0,64,41,0,41
2,2,1,16,16,25,16,41
2,3,1,12,4,5,20,41
2,4,1,6,1,5,13,41
1,1,1,0,1,42,0,42
1,2,1,0,4,42,0,42
1,3,1,0,16,42,0,42
1,4,1,0,64,42,0,42
2,1,1,0,64,42,0,42
2,2,1,16,16,26,16,42
2,3,1,12,4,6,20,42
2,4,1,6,1,6,13,42
1,1,1,0,1,43,0,43
1,2,1,0,4,43,0,43
1,3,1,0,16,43,0,43
1,4,1,0,64,43,0,43
2,1,1,0,64,43,0,43
2,2,1,16,16,27,16,43
2,3,1,12,4,7,20,43
2,4,1,6,1,7,13,43
1,1,1,0,1,44,0,44
1,2,1,0,4,44,0,44
1,3,1,0,16,44,0,44
1,4,1,0,64,44,0,44
2,1,1,0,64,44,0,44
2,2,1,16,16,28,16,44
2,3,1,12,4,8,20,44
2,4,1,6,1,8,13,44
1,1,1,0,1,45,0,45
1,2,1,0,4,45,0,45
1,3,1,0,16,45,0,45
1,4,1,0,64,45,0,45
2,1,1,0,64,45,0,45
2,2,1,16,16,29,16,45
2,3,1,12,4,9,20,45
2,4,1,6,1,9,13,45
1,1,1,0,1,46,0,46
1,2,1,0,4,46,0,46
1,3,1,0,16,46,0,46
1,4,1,0,64,46,0,46
2,1,1,0,64,46,0,46
2,2,1,16,16,30,16,46
2,3,1,12,4,10,20,46
2,4,1,6,1,10,13,46
1,1,1,0,1,47,0,47
1,2,1,0,4,47,0,47
1,3,1,0,16,47,0,47
1,4,1,0,64,47,0,47
2,1,1,0,64,47,0,47
2,2,1,16,16,31,16,47
2,3,1,12,4,11,20,47
2,4,1,6,1,11,13,47
1,1,1,0,1,48,0,48
1,2,1,0,4,48,0,48
1,3,1,0,16,48,0,48
1,4,1,0,64,48,0,48
2,1,1,0,64,48,0,48
2,2,1,16,16,32,16,48
2,3,1,12,4,12,20,48
2,4,1,6,1,12,13,48
1,1,1,0,1,49,0,49
1,2,1,0,4,49,0,49
1,3,1,0,16,49,0,49
1,4,1,0,64,49,0,49
2,1,1,0,64,49,0,49
2,2,1,16,16,33,16,49
2,3,1,12,4,13,20,49
2,4,1,7,1,0,13,49
1,1,1,0,1,50,0,50
1,2,1,0,4,50,0,50
1,3,1,0,16,50,0,50
1,4,1,0,64,50,0,50
2,1,1,0,64,50,0,50
2,2,1,16,16,34,16,50
2,3,1,12,4,14,20,50
2,4,1,7,1,1,13,50
1,1,1,0,1,51,0,51
1,2,1,0,4,51,0,51
1,3,1,0,16,51,0,51
1,4,1,0,64,51,0,51
2,1,1,0,64,51,0,51
2,2,1,16,16,35,16,51
2,3,1,12,4,15,20,51
2,4,1,7,1,2,13,51
1,1,1,0,1,52,0,52
1,2,1,0,4,52,0,52
1,3,1,0,16,52,0,52
1,4,1,0,64,52,0,52
2,1,1,0,64,52,0,52
2,2,1,16,16,36,16,52
2,3,1,12,4,16,20,52
2,4,1,7,1,3,13,52
1,1,1,0,1,53,0,53
1,2,1,0,4,53,0,53
1,3,1,0,16,53,0,53
1,4,1,0,64,53,0,53
2,1,1,0,64,53,0,53
2,2,1,16,16,37,16,53
2,3,1,12,4,17,20,53
2,4,1,7,1,4,13,53
1,1,1,0,1,54,0,54
1,2,1,0,4,54,0,54
1,3,1,0,16,54,0,54
1,4,1,0,64,54,0,54
2,1,1,0,64,54,0,54
2,2,1,16,16,38,16,54
2,3,1,12,4,18,20,54
2,4,1,7,1,5,13,54
1,1,1,0,1,55,0,55
1,2,1,0,4,55,0,55
1,3,1,0,16,55,0,55
1,4,1,0,64,55,0,55
2,1,1,0,64,55,0,55
2,2,1,16,16,39,16,55
2,3,1,12,4,19,20,55
2,4,1,7,1,6,13,55
1,1,1,0,1,56,0,56
1,2,1,0,4,56,0,56
1,3,1,0,16,56,0,56
1,4,1,0,64,56,0,56
2,1,1,0,64,56,0,56
2,2,1,16,16,40,16,56
2,3,1,12,4,20,20,56
2,4,1,7,1,7,13,56
1,1,1,0,1,57,0,57
1,2,1,0,4,57,0,57
1,3,1,0,16,57,0,57
1,4,1,0,64,57,0,57
2,1,1,0,64,57,0,57
2,2,1,16,16,41,16,57
2,3,1,12,4,21,20,57
2,4,1,7,1,8,13,57
1,1,1,0,1,58,0,58
1,2,1,0,4,58,0,58
1,3,1,0,16,58,0,58
1,4,1,0,64,58,0,58
2,1,1,0,64,58,0,58
2,2,1,16,16,42,16,58
2,3,1,12,4,22,20,58
2,4,1,7,1,9,13,58
1,1,1,0,1,59,0,59
1,2,1,0,4,59,0,59
1,3,1,0,16,59,0,59
1,4,1,0,64,59,0,59
2,1,1,0,64,59,0,59
2,2,1,16,16,43,16,59
2,3,1,12,4,23,20,59
2,4,1,7,1,10,13,59
1,1,1,0,1,60,0,60
1,2,1,0,4,60,0,60
1,3,1,0,16,60,0,60
1,4,1,0,64,60,0,60
2,1,1,0,64,60,0,60
2,2,1,16,16,44,16,60
2,3,1,12,4,24,20,60
2,4,1,7,1,11,13,60
1,1,1,0,1,61,0,61
1,2,1,0,4,61,0,61
1,3,1,0,16,61,0,61
1,4,1,0,64,61,0,61
2,1,1,0,64,61,0,61
2,2,1,16,16,45,16,61
2,3,1,12,4,25,20,61
2,4,1,7,1,12,13,61
1,1,1,0,1,62,0,62
1,2,1,0,4,62,0,62
1,3,1,0,16,62,0,62
1,4,1,0,64,62,0,62
2,1,1,0,64,62,0,62
2,2,1,16,16,46,16,62
2,3,1,12,4,26,20,62
2,4,1,7,1,13,13,62
1,1,1,0,1,63,0,63
1,2,1,0,4,63,0,63
1,3,1,0,16,63,0,63
1,4,1,0,64,63,0,63
2,1,1,0,64,63,0,63
2,2,1,16,16,47,16,63
2,3,1,12,4,27,20,63
2,4,1,7,1,14,13,63
1,1,1,0,1,64,0,64
1,2,1,0,4,64,0,64
1,3,1,0,16,64,0,64
1,4,1,0,64,64,0,64
1,5,1,0,256,64,0,64
2,1,1,0,256,64,0,64
2,2,1,64,64,0,64,64
2,3,1,32,16,0,80,64
2,4,1,16,4,0,36,64
2,5,1,8,1,0,17,64
1,1,1,0,1,65,0,65
1,2,1,0,4,65,0,65
1,3,1,0,16,65,0,65
1,4,1,0,64,65,0,65
1,5,1,0,256,65,0,65
2,1,1,0,256,65,0,65
2,2,1,64,64,1,64,65
2,3,1,32,16,1,80,65
2,4,1,16,4,1,36,65
2,5,1,8,1,1,17,65
1,1,1,0,1,66,0,66
1,2,1,0,4,66,0,66
1,3,1,0,16,66,0,66
1,4,1,0,64,66,0,66
1,5,1,0,256,66,0,66
2,1,1,0,256,66,0,66
2,2,1,64,64,2,64,66
2,3,1,32,16,2,80,66
2,4,1,16,4,2,36,66
2,5,1,8,1,2,17,66
1,1,1,0,1,67,0,67
1,2,1,0,4,67,0,67
1,3,1,0,16,67,0,67
1,4,1,0,64,67,0,67
1,5,1,0,256,67,0,67
2,1,1,0,256,67,0,67
2,2,1,64,64,3,64,67
2,3,1,32,16,3,80,67
2,4,1,16,4,3,36,67
2,5,1,8,1,3,17,67
1,1,1,0,1,68,0,68
1,2,1,0,4,68,0,68
1,3,1,0,16,68,0,68
1,4,1,0,64,68,0,68
1,5,1,0,256,68,0,68
2,1,1,0,256,68,0,68
2,2,1,64,64,4,64,68
2,3,1,32,16,4,80,68
2,4,1,16,4,4,36,68
2,5,1,8,1,4,17,68
1,1,1,0,1,69,0,69
1,2,1,0,4,69,0,69
1,3,1,0,16,69,0,69
1,4,1,0,64,69,0,69
1,5,1,0,256,69,0,69
2,1,1,0,256,69,0,69
2,2,1,64,64,5,64,69
2,3,1,32,16,5,80,69
2,4,1,16,4,5,36,69
2,5,1,8,1,5,17,69
1,1,1,0,1,70,0,70
1,2,1,0,4,70,0,70
1,3,1,0,16,70,0,70
1,4,1,0,64,70,0,70
1,5,1,0,256,70,0,70
2,1,1,0,256,70,0,70
2,2,1,64,64,6,64,70
2,3,1,32,16,6,80,70
2,4,1,16,4,6,36,70
2,5,1,8,1,6,17,70
1,1,1,0,1,71,0,71
1,2,1,0,4,71,0,71
1,3,1,0,16,71,0,71
1,4,1,0,64,71,0,71
1,5,1,0,256,71,0,71
2,1,1,0,256,71,0,71
2,2,1,64,64,7,64,71
2,3,1,32,16,7,80,71
2,4,1,16,4,7,36,71
2,5,1,8,1,7,17,71
1,1,1,0,1,72,0,72
1,2,1,0,4,72,0,72
1,3,1,0,16,72,0,72
1,4,1,0,64,72,0,72
1,5,1,0,256,72,0,72
2,1,1,0,256,72,0,72
2,2,1,64,64,8,64,72
2,3,1,32,16,8,80,72
2,4,1,16,4,8,36,72
2,5,1,8,1,8,17,72
1,1,1,0,1,73,0,73
1,2,1,0,4,73,0,73
1,3,1,0,16,73,0,73
1,4,1,0,64,73,0,73
1,5,1,0,256,73,0,73
2,1,1,0,256,73,0,73
2,2,1,64,64,9,64,73
2,3,1,32,16,9,80,73
2,4,1,16,4,9,36,73
2,5,1,8,1,9,17,73
1,1,1,0,1,74,0,74
1,2,1,0,4,74,0,74
1,3,1,0,16,74,0,74
1,4,1,0,64,74,0,74
1,5,1,0,256,74,0,74
2,1,1,0,256,74,0,74
2,2,1,64,64,10,64,74
2,3,1,32,16,10,80,74
2,4,1,16,4,10,36,74
2,5,1,8,1,10,17,74
1,1,1,0,1,75,0,75
1,2,1,0,4,75,0,75
1,3,1,0,16,75,0,75
1,4,1,0,64,75,0,75
1,5,1,0,256,75,0,75
2,1,1,0,256,75,0,75
2,2,1,64,64,11,64,75
2,3,1,32,16,11,80,75
2,4,1,16,4,11,36,75
2,5,1,8,1,11,17,75
1,1,1,0,1,76,0,76
1,2,1,0,4,76,0,76
1,3,1,0,16,76,0,76
1,4,1,0,64,76,0,76
1,5,1,0,256,76,0,76
2,1,1,0,256,76,0,76
2,2,1,64,64,12,64,76
2,3,1,32,16,12,80,76
2,4,1,16,4,12,36,76
2,5,1,8,1,12,17,76
1,1,1,0,1,77,0,77
1,2,1,0,4,77,0,77
1,3,1,0,16,77,0,77
1,4,1,0,64,77,0,77
1,5,1,0,256,77,0,77
2,1,1,0,256,77,0,77
2,2,1,64,64,13,64,77
2,3,1,32,16,13,80,77
2,4,1,16,4,13,36,77
2,5,1,8,1,13,17,77
1,1,1,0,1,78,0,78
1,2,1,0,4,78,0,78
1,3,1,0,16,78,0,78
1,4,1,0,64,78,0,78
1,5,1,0,256,78,0,78
2,1,1,0,256,78,0,78
2,2,1,64,64,14,64,78
2,3,1,32,16,14,80,78
2,4,1,16,4,14,36,78
2,5,1,8,1,14,17,78
1,1,1,0,1,79,0,79
1,2,1,0,4,79,0,79
1,3,1,0,16,79,0,79
1,4,1,0,64,79,0,79
1,5,1,0,256,79,0,79
2,1,1,0,256,79,0,79
2,2,1,64,64,15,64,79
2,3,1,32,16,15,80,79
2,4,1,16,4,15,36,79
2,5,1,8,1,15,17,79
1,1,1,0,1,80,0,80
1,2,1,0,4,80,0,80
1,3,1,0,16,80,0,80
1,4,1,0,64,80,0,80
1,5,1,0,256,80,0,80
2,1,1,0,256,80,0,80
2,2,1,64,64,16,64,80
2,3,1,32,16,16,80,80
2,4,1,16,4,16,36,80
2,5,1,8,1,16,17,80
1,1,1,0,1,81,0,81
1,2,1,0,4,81,0,81
1,3,1,0,16,81,0,81
1,4,1,0,64,81,0,81
1,5,1,0,256,81,0,81
2,1,1,0,256,81,0,81
2,2,1,64,64,17,64,81
2,3,1,32,16,17,80,81
2,4,1,16,4,17,36,81
2,5,1,9,1,0,17,81
1,1,1,0,1,82,0,82
1,2,1,0,4,82,0,82
1,3,1,0,16,82,0,82
1,4,1,0,64,82,0,82
1,5,1,0,256,82,0,82
2,1,1,0,256,82,0,82
2,2,1,64,64,18,64,82
2,3,1,32,16,18,80,82
2,4,1,16,4,18,36,82
2,5,1,9,1,1,17,82
1,1,1,0,1,83,0,83
1,2,1,0,4,83,0,83
1,3,1,0,16,83,0,83
1,4,1,0,64,83,0,83
1,5,1,0,256,83,0,83
2,1,1,0,256,83,0,83
2,2,1,64,64,19,64,83
2,3,1,32,16,19,80,83
2,4,1,16,4,19,36,83
2,5,1,9,1,2,17,83
1,1,1,0,1,84,0,84
1,2,1,0,4,84,0,84
1,3,1,0,16,84,0,84
1,4,1,0,64,84,0,84
1,5,1,0,256,84,0,84
2,1,1,0,256,84,0,84
2,2,1,64,64,20,64,84
2,3,1,32,16,20,80,84
2,4,1,16,4,20,36,84
2,5,1,9,1,3,17,84
1,1,1,0,1,85,0,85
1,2,1,0,4,85,0,85
1,3,1,0,16,85,0,85
1,4,1,0,64,85,0,85
1,5,1,0,256,85,0,85
2,1,1,0,256,85,0,85
2,2,1,64,64,21,64,85
2,3,1,32,16,21,80,85
2,4,1,16,4,21,36,85
2,5,1,9,1,4,17,85
1,1,1,0,1,86,0,86
1,2,1,0,4,86,0,86
1,3,1,0,16,86,0,86
1,4,1,0,64,86,0,86
1,5,1,0,256,86,0,86
2,1,1,0,256,86,0,86
2,2,1,64,64,22,64,86
2,3,1,32,16,22,80,86
2,4,1,16,4,22,36,86
2,5,1,9,1,5,17,86
1,1,1,0,1,87,0,87
1,2,1,0,4,87,0,87
1,3,1,0,16,87,0,87
1,4,1,0,64,87,0,87
1,5,1,0,256,87,0,87
2,1,1,0,256,87,0,87
2,2,1,64,64,23,64,87
2,3,1,32,16,23,80,87
2,4,1,16,4,23,36,87
2,5,1,9,1,6,17,87
1,1,1,0,1,88,0,88
1,2,1,0,4,88,0,88
1,3,1,0,16,88,0,88
1,4,1,0,64,88,0,88
1,5,1,0,256,88,0,88
2,1,1,0,256,88,0,88
2,2,1,64,64,24,64,88
2,3,1,32,16,24,80,88
2,4,1,16,4,24,36,88
2,5,1,9,1,7,17,88
1,1,1,0,1,89,0,89
1,2,1,0,4,89,0,89
1,3,1,0,16,89,0,89
1,4,1,0,64,89,0,89
1,5,1,0,256,89,0,89
2,1,1,0,256,89,0,89
2,2,1,64,64,25,64,89
2,3,1,32,16,25,80,89
2,4,1,16,4,25,36,89
2,5,1,9,1,8,17,89
1,1,1,0,1,90,0,90
1,2,1,0,4,90,0,90
1,3,1,0,16,90,0,90
1,4,1,0,64,90,0,90
1,5,1,0,256,90,0,90
2,1,1,0,256,90,0,90
2,2,1,64,64,26,64,90
2,3,1,32,16,26,80,90
2,4,1,16,4,26,36,90
2,5,1,9,1,9,17,90
1,1,1,0,1,91,0,91
1,2,1,0,4,91,0,91
1,3,1,0,16,91,0,91
1,4,1,0,64,91,0,91
1,5,1,0,256,91,0,91
2,1,1,0,256,91,0,91
2,2,1,64,64,27,64,91
2,3,1,32,16,27,80,91
2,4,1,16,4,27,36,91
2,5,1,9,1,10,17,91
1,1,1,0,1,92,0,92
1,2,1,0,4,92,0,92
1,3,1,0,16,92,0,92
1,4,1,0,64,92,0,92
1,5,1,0,256,92,0,92
2,1,1,0,256,92,0,92
2,2,1,64,64,28,64,92
2,3,1,32,16,28,80,92
2,4,1,16,4,28,36,92
2,5,1,9,1,11,17,92
1,1,1,0,1,93,0,93
1,2,1,0,4,93,0,93
1,3,1,0,16,93,0,93
1,4,1,0,64,93,0,93
1,5,1,0,256,93,0,93
2,1,1,0,256,93,0,93
2,2,1,64,64,29,64,93
2,3,1,32,16,29,80,93
2,4,1,16,4,29,36,93
2,5,1,9,1,12,17,93
1,1,1,0,1,94,0,94
1,2,1,0,4,94,0,94
1,3,1,0,16,94,0,94
1,4,1,0,64,94,0,94
1,5,1,0,256,94,0,94
2,1,1,0,256,94,0,94
2,2,1,64,64,30,64,94
2,3,1,32,16,30,80,94
2,4,1,16,4,30,36,94
2,5,1,9,1,13,17,94
1,1,1,0,1,95,0,95
1,2,1,0,4,95,0,95
1,3,1,0,16,95,0,95
1,4,1,0,64,95,0,95
1,5,1,0,256,95,0,95
2,1,1,0,256,95,0,95
2,2,1,64,64,31,64,95
2,3,1,32,16,31,80,95
2,4,1,16,4,31,36,95
2,5,1,9,1,14,17,95
1,1,1,0,1,96,0,96
1,2,1,0,4,96,0,96
1,3,1,0,16,96,0,96
1,4,1,0,64,96,0,96
1,5,1,0,256,96,0,96
2,1,1,0,256,96,0,96
2,2,1,64,64,32,64,96
2,3,1,32,16,32,80,96
2,4,1,16,4,32,36,96
2,5,1,9,1,15,17,96
1,1,1,0,1,97,0,97
1,2,1,0,4,97,0,97
1,3,1,0,16,97,0,97
1,4,1,0,64,97,0,97
1,5,1,0,256,97,0,97
2,1,1,0,256,97,0,97
2,2,1,64,64,33,64,97
2,3,1,32,16,33,80,97
2,4,1,16,4,33,36,97
2,5,1,9,1,16,17,97
1,1,1,0,1,98,0,98
1,2,1,0,4,98,0,98
1,3,1,0,16,98,0,98
1,4,1,0,64,98,0,98
1,5,1,0,256,98,0,98
2,1,1,0,256,98,0,98
2,2,1,64,64,34,64,98
2,3,1,32,16,34,80,98
2,4,1,16,4,34,36,98
2,5,1,9,1,17,17,98
1,1,1,0,1,99,0,99
1,2,1,0,4,99,0,99
1,3,1,0,16,99,0,99
1,4,1,0,64,99,0,99
1,5,1,0,256,99,0,99
2,1,1,0,256,99,0,99
2,2,1,64,64,35,64,99
2,3,1,32,16,35,80,99
2,4,1,16,4,35,36,99
2,5,1,9,1,18,17,99
1,1,1,0,1,100,0,100
1,2,1,0,4,100,0,100
1,3,1,0,16,100,0,100
1,4,1,0,64,100,0,100
1,5,1,0,256,100,0,100
2,1,1,0,256,100,0,100
2,2,1,64,64,36,64,100
2,3,1,32,16,36,80,100
2,4,1,20,4,0,36,100
2,5,1,10,1,0,21,100
1,1,1,0,1,103,0,103
1,2,1,0,4,103,0,103
1,3,1,0,16,103,0,103
1,4,1,0,64,103,0,103
1,5,1,0,256,103,0,103
2,1,1,0,256,103,0,103
2,2,1,64,64,39,64,103
2,3,1,32,16,39,80,103
2,4,1,20,4,3,36,103
2,5,1,10,1,3,21,103
1,1,1,0,1,106,0,106
1,2,1,0,4,106,0,106
1,3,1,0,16,106,0,106
1,4,1,0,64,106,0,106
1,5,1,0,256,106,0,106
2,1,1,0,256,106,0,106
2,2,1,64,64,42,64,106
2,3,1,32,16,42,80,106
2,4,1,20,4,6,36,106
2,5,1,10,1,6,21,106
1,1,1,0,1,109,0,109
1,2,1,0,4,109,0,109
1,3,1,0,16,109,0,109
1,4,1,0,64,109,0,109
1,5,1,0,256,109,0,109
2,1,1,0,256,109,0,109
2,2,1,64,64,45,64,109
2,3,1,32,16,45,80,109
2,4,1,20,4,9,36,109
2,5,1,10,1,9,21,109
1,1,1,0,1,112,0,112
1,2,1,0,4,112,0,112
1,3,1,0,16,112,0,112
1,4,1,0,64,112,0,112
1,5,1,0,256,112,0,112
2,1,1,0,256,112,0,112
2,2,1,64,64,48,64,112
2,3,1,32,16,48,80,112
2,4,1,20,4,12,36,112
2,5,1,10,1,12,21,112
1,1,1,0,1,115,0,115
1,2,1,0,4,115,0,115
1,3,1,0,16,115,0,115
1,4,1,0,64,115,0,115
1,5,1,0,256,115,0,115
2,1,1,0,256,115,0,115
2,2,1,64,64,51,64,115
2,3,1,32,16,51,80,115
2,4,1,20,4,15,36,115
2,5,1,10,1,15,21,115
1,1,1,0,1,118,0,118
1,2,1,0,4,118,0,118
1,3,1,0,16,118,0,118
1,4,1,0,64,118,0,118
1,5,1,0,256,118,0,118
2,1,1,0,256,118,0,118
2,2,1,64,64,54,64,118
2,3,1,32,16,54,80,118
2,4,1,20,4,18,36,118
2,5,1,10,1,18,21,118
1,1,1,0,1,121,0,121
1,2,1,0,4,121,0,121
1,3,1,0,16,121,0,121
1,4,1,0,64,121,0,121
1,5,1,0,256,121,0,121
2,1,1,0,256,121,0,121
2,2,1,64,64,57,64,121
2,3,1,32,16,57,80,121
2,4,1,20,4,21,36,121
2,5,1,11,1,0,21,121
1,1,1,0,1,124,0,124
1,2,1,0,4,124,0,124
1,3,1,0,16,124,0,124
1,4,1,0,64,124,0,124
1,5,1,0,256,124,0,124
2,1,1,0,256,124,0,124
2,2,1,64,64,60,64,124
2,3,1,32,16,60,80,124
2,4,1,20,4,24,36,124
2,5,1,11,1,3,21,124
1,1,1,0,1,127,0,127
1,2,1,0,4,127,0,127
1,3,1,0,16,127,0,127
1,4,1,0,64,127,0,127
1,5,1,0,256,127,0,127
2,1,1,0,256,127,0,127
2,2,1,64,64,63,64,127
2,3,1,32,16,63,80,127
2,4,1,20,4,27,36,127
2,5,1,11,1,6,21,127
1,1,1,0,1,130,0,130
1,2,1,0,4,130,0,130
1,3,1,0,16,130,0,130
1,4,1,0,64,130,0,130
1,5,1,0,256,130,0,130
2,1,1,0,256,130,0,130
2,2,1,64,64,66,64,130
2,3,1,32,16,66,80,130
2,4,1,20,4,30,36,130
2,5,1,11,1,9,21,130
1,1,1,0,1,133,0,133
1,2,1,0,4,133,0,133
1,3,1,0,16,133,0,133
1,4,1,0,64,133,0,133
1,5,1,0,256,133,0,133
2,1,1,0,256,133,0,133
2,2,1,64,64,69,64,133
2,3,1,32,16,69,80,133
2,4,1,20,4,33,36,133
2,5,1,11,1,12,21,133
1,1,1,0,1,136,0,136
1,2,1,0,4,136,0,136
1,3,1,0,16,136,0,136
1,4,1,0,64,136,0,136
1,5,1,0,256,136,0,136
2,1,1,0,256,136,0,136
2,2,1,64,64,72,64,136
2,3,1,32,16,72,80,136
2,4,1,20,4,36,36,136
2,5,1,11,1,15,21,136
1,1,1,0,1,139,0,139
1,2,1,0,4,139,0,139
1,3,1,0,16,139,0,139
1,4,1,0,64,139,0,139
1,5,1,0,256,139,0,139
2,1,1,0,256,139,0,139
2,2,1,64,64,75,64,139
2,3,1,32,16,75,80,139
2,4,1,20,4,39,36,139
2,5,1,11,1,18,21,139
1,1,1,0,1,142,0,142
1,2,1,0,4,142,0,142
1,3,1,0,16,142,0,142
1,4,1,0,64,142,0,142
1,5,1,0,256,142,0,142
2,1,1,0,256,142,0,142
2,2,1,64,64,78,64,142
2,3,1,32,16,78,80,142
2,4,1,20,4,42,36,142
2,5,1,11,1,21,21,142
1,1,1,0,1,145,0,145
1,2,1,0,4,145,0,145
1,3,1,0,16,145,0,145
1,4,1,0,64,145,0,145
1,5,1,0,256,145,0,145
2,1,1,0,256,145,0,145
2,2,1,64,64,81,64,145
2,3,1,48,16,1,80,145
2,4,1,24,4,1,52,145
2,5,1,12,1,1,25,145
1,1,1,0,1,148,0,148
1,2,1,0,4,148,0,148
1,3,1,0,16,148,0,148
1,4,1,0,64,148,0,148
1,5,1,0,256,148,0,148
2,1,1,0,256,148,0,148
2,2,1,64,64,84,64,148
2,3,1,48,16,4,80,148
2,4,1,24,4,4,52,148
2,5,1,12,1,4,25,148
1,1,1,0,1,151,0,151
1,2,1,0,4,151,0,151
1,3,1,0,16,151,0,151
1,4,1,0,64,151,0,151
1,5,1,0,256,151,0,151
2,1,1,0,256,151,0,151
2,2,1,64,64,87,64,151
2,3,1,48,16,7,80,151
2,4,1,24,4,7,52,151
2,5,1,12,1,7,25,151
1,1,1,0,1,154,0,154
1,2,1,0,4,154,0,154
1,3,1,0,16,154,0,154
1,4,1,0,64,154,0,154
1,5,1,0,256,154,0,154
2,1,1,0,256,154,0,154
2,2,1,64,64,90,64,154
2,3,1,48,16,10,80,154
2,4,1,24,4,10,52,154
2,5,1,12,1,10,25,154
1,1,1,0,1,157,0,157
1,2,1,0,4,157,0,157
1,3,1,0,16,157,0,157
1,4,1,0,64,157,0,157
1,5,1,0,256,157,0,157
2,1,1,0,256,157,0,157
2,2,1,64,64,93,64,157
2,3,1,48,16,13,80,157
2,4,1,24,4,13,52,157
2,5,1,12,1,13,25,157
1,1,1,0,1,160,0,160
1,2,1,0,4,160,0,160
1,3,1,0,16,160,0,160
1,4,1,0,64,160,0,160
1,5,1,0,256,160,0,160
2,1,1,0,256,160,0,160
2,2,1,64,64,96,64,160
2,3,1,48,16,16,80,160
2,4,1,24,4,16,52,160
2,5,1,12,1,16,25,160
1,1,1,0,1,163,0,163
1,2,1,0,4,163,0,163
1,3,1,0,16,163,0,163
1,4,1,0,64,163,0,163
1,5,1,0,256,163,0,163
2,1,1,0,256,163,0,163
2,2,1,64,64,99,64,163
2,3,1,48,16,19,80,163
2,4,1,24,4,19,52,163
2,5,1,12,1,19,25,163
1,1,1,0,1,166,0,166
1,2,1,0,4,166,0,166
1,3,1,0,16,166,0,166
1,4,1,0,64,166,0,166
1,5,1,0,256,166,0,166
2,1,1,0,256,166,0,166
2,2,1,64,64,102,64,166
2,3,1,48,16,22,80,166
2,4,1,24,4,22,52,166
2,5,1,12,1,22,25,166
1,1,1,0,1,169,0,169
1,2,1,0,4,169,0,169
1,3,1,0,16,169,0,169
1,4,1,0,64,169,0,169
1,5,1,0,256,169,0,169
2,1,1,0,256,169,0,169
2,2,1,64,64,105,64,169
2,3,1,48,16,25,80,169
2,4,1,24,4,25,52,169
2,5,1,13,1,0,25,169
1,1,1,0,1,172,0,172
1,2,1,0,4,172,0,172
1,3,1,0,16,172,0,172
1,4,1,0,64,172,0,172
1,5,1,0,256,172,0,172
2,1,1,0,256,172,0,172
2,2,1,64,64,108,64,172
2,3,1,48,16,28,80,172
2,4,1,24,4,28,52,172
2,5,1,13,1,3,25,172
1,1,1,0,1,175,0,175
1,2,1,0,4,175,0,175
1,3,1,0,16,175,0,175
1,4,1,0,64,175,0,175
1,5,1,0,256,175,0,175
2,1,1,0,256,175,0,175
2,2,1,64,64,111,64,175
2,3,1,48,16,31,80,175
2,4,1,24,4,31,52,175
2,5,1,13,1,6,25,175
1,1,1,0,1,178,0,178
1,2,1,0,4,178,0,178
1,3,1,0,16,178,0,178
1,4,1,0,64,178,0,178
1,5,1,0,256,178,0,178
2,1,1,0,256,178,0,178
2,2,1,64,64,114,64,178
2,3,1,48,16,34,80,178
2,4,1,24,4,34,52,178
2,5,1,13,1,9,25,178
1,1,1,0,1,181,0,181
1,2,1,0,4,181,0,181
1,3,1,0,16,181,0,181
1,4,1,0,64,181,0,181
1,5,1,0,256,181,0,181
2,1,1,0,256,181,0,181
2,2,1,64,64,117,64,181
2,3,1,48,16,37,80,181
2,4,1,24,4,37,52,181
2,5,1,13,1,12,25,181
1,1,1,0,1,184,0,184
1,2,1,0,4,184,0,184
1,3,1,0,16,184,0,184
1,4,1,0,64,184,0,184
1,5,1,0,256,184,0,184
2,1,1,0,256,184,0,184
2,2,1,64,64,120,64,184
2,3,1,48,16,40,80,184
2,4,1,24,4,40,52,184
2,5,1,13,1,15,25,184
1,1,1,0,1,187,0,187
1,2,1,0,4,187,0,187
1,3,1,0,16,187,0,187
1,4,1,0,64,187,0,187
1,5,1,0,256,187,0,187
2,1,1,0,256,187,0,187
2,2,1,64,64,123,64,187
2,3,1,48,16,43,80,187
2,4,1,24,4,43,52,187
2,5,1,13,1,18,25,187
1,1,1,0,1,190,0,190
1,2,1,0,4,190,0,190
1,3,1,0,16,190,0,190
1,4,1,0,64,190,0,190
1,5,1,0,256,190,0,190
2,1,1,0,256,190,0,190
2,2,1,64,64,126,64,190
2,3,1,48,16,46,80,190
2,4,1,24,4,46,52,190
2,5,1,13,1,21,25,190
1,1,1,0,1,193,0,193
1,2,1,0,4,193,0,193
1,3,1,0,16,193,0,193
1,4,1,0,64,193,0,193
1,5,1,0,256,193,0,193
2,1,1,0,256,193,0,193
2,2,1,64,64,129,64,193
2,3,1,48,16,49,80,193
2,4,1,24,4,49,52,193
2,5,1,13,1,24,25,193
1,1,1,0,1,196,0,196
1,2,1,0,4,196,0,196
1,3,1,0,16,196,0,196
1,4,1,0,64,196,0,196
1,5,1,0,256,196,0,196
2,1,1,0,256,196,0,196
2,2,1,64,64,132,64,196
2,3,1,48,16,52,80,196
2,4,1,28,4,0,52,196
2,5,1,14,1,0,29,196
1,1,1,0,1,199,0,199
1,2,1,0,4,199,0,199
1,3,1,0,16,199,0,199
1,4,1,0,64,199,0,199
1,5,1,0,256,199,0,199
2,1,1,0,256,199,0,199
2,2,1,64,64,135,64,199
2,3,1,48,16,55,80,199
2,4,1,28,4,3,52,199
2,5,1,14,1,3,29,199
1,1,1,0,1,202,0,202
1,2,1,0,4,202,0,202
1,3,1,0,16,202,0,202
1,4,1,0,64,202,0,202
1,5,1,0,256,202,0,202
2,1,1,0,256,202,0,202
2,2,1,64,64,138,64,202
2,3,1,48,16,58,80,202
2,4,1,28,4,6,52,202
2,5,1,14,1,6,29,202
1,1,1,0,1,205,0,205
1,2,1,0,4,205,0,205
1,3,1,0,16,205,0,205
1,4,1,0,64,205,0,205
1,5,1,0,256,205,0,205
2,1,1,0,256,205,0,205
2,2,1,64,64,141,64,205
2,3,1,48,16,61,80,205
2,4,1,28,4,9,52,205
2,5,1,14,1,9,29,205
1,1,1,0,1,208,0,208
1,2,1,0,4,208,0,208
1,3,1,0,16,208,0,208
1,4,1,0,64,208,0,208
1,5,1,0,256,208,0,208
2,1,1,0,256,208,0,208
2,2,1,64,64,144,64,208
2,3,1,48,16,64,80,208
2,4,1,28,4,12,52,208
2,5,1,14,1,12,29,208
1,1,1,0,1,211,0,211
1,2,1,0,4,211,0,211
1,3,1,0,16,211,0,211
1,4,1,0,64,211,0,211
1,5,1,0,256,211,0,211
2,1,1,0,256,211,0,211
2,2,1,64,64,147,64,211
2,3,1,48,16,67,80,211
2,4,1,28,4,15,52,211
2,5,1,14,1,15,29,211
1,1,1,0,1,214,0,214
1,2,1,0,4,214,0,214
1,3,1,0,16,214,0,214
1,4,1,0,64,214,0,214
1,5,1,0,256,214,0,214
2,1,1,0,256,214,0,214
2,2,1,64,64,150,64,214
2,3,1,48,16,70,80,214
2,4,1,28,4,18,52,214
2,5,1,14,1,18,29,214
1,1,1,0,1,217,0,217
1,2,1,0,4,217,0,217
1,3,1,0,16,217,0,217
1,4,1,0,64,217,0,217
1,5,1,0,256,217,0,217
2,1,1,0,256,217,0,217
2,2,1,64,64,153,64,217
2,3,1,48,16,73,80,217
2,4,1,28,4,21,52,217
2,5,1,14,1,21,29,217
1,1,1,0,1,220,0,220
1,2,1,0,4,220,0,220
1,3,1,0,16,220,0,220
1,4,1,0,64,220,0,220
1,5,1,0,256,220,0,220
2,1,1,0,256,220,0,220
2,2,1,64,64,156,64,220
2,3,1,48,16,76,80,220
2,4,1,28,4,24,52,220
2,5,1,14,1,24,29,220
1,1,1,0,1,223,0,223
1,2,1,0,4,223,0,223
1,3,1,0,16,223,0,223
1,4,1,0,64,223,0,223
1,5,1,0,256,223,0,223
2,1,1,0,256,223,0,223
2,2,1,64,64,159,64,223
2,3,1,48,16,79,80,223
2,4,1,28,4,27,52,223
2,5,1,14,1,27,29,223
1,1,1,0,1,226,0,226
1,2,1,0,4,226,0,226
1,3,1,0,16,226,0,226
1,4,1,0,64,226,0,226
1,5,1,0,256,226,0,226
2,1,1,0,256,226,0,226
2,2,1,64,64,162,64,226
2,3,1,48,16,82,80,226
2,4,1,28,4,30,52,226
2,5,1,15,1,1,29,226
1,1,1,0,1,229,0,229
1,2,1,0,4,229,0,229
1,3,1,0,16,229,0,229
1,4,1,0,64,229,0,229
1,5,1,0,256,229,0,229
2,1,1,0,256,229,0,229
2,2,1,64,64,165,64,229
2,3,1,48,16,85,80,229
2,4,1,28,4,33,52,229
2,5,1,15,1,4,29,229
1,1,1,0,1,232,0,232
1,2,1,0,4,232,0,232
1,3,1,0,16,232,0,232
1,4,1,0,64,232,0,232
1,5,1,0,256,232,0,232
2,1,1,0,256,232,0,232
2,2,1,64,64,168,64,232
2,3,1,48,16,88,80,232
2,4,1,28,4,36,52,232
2,5,1,15,1,7,29,232
1,1,1,0,1,235,0,235
1,2,1,0,4,235,0,235
1,3,1,0,16,235,0,235
1,4,1,0,64,235,0,235
1,5,1,0,256,235,0,235
2,1,1,0,256,235,0,235
2,2,1,64,64,171,64,235
2,3,1,48,16,91,80,235
2,4,1,28,4,39,52,235
2,5,1,15,1,10,29,235
1,1,1,0,1,238,0,238
1,2,1,0,4,238,0,238
1,3,1,0,16,238,0,238
1,4,1,0,64,238,0,238
1,5,1,0,256,238,0,238
2,1,1,0,256,238,0,238
2,2,1,64,64,174,64,238
2,3,1,48,16,94,80,238
2,4,1,28,4,42,52,238
2,5,1,15,1,13,29,238
1,1,1,0,1,241,0,241
1,2,1,0,4,241,0,241
1,3,1,0,16,241,0,241
1,4,1,0,64,241,0,241
1,5,1,0,256,241,0,241
2,1,1,0,256,241,0,241
2,2,1,64,64,177,64,241
2,3,1,48,16,97,80,241
2,4,1,28,4,45,52,241
2,5,1,15,1,16,29,241
1,1,1,0,1,244,0,244
1,2,1,0,4,244,0,244
1,3,1,0,16,244,0,244
1,4,1,0,64,244,0,244
1,5,1,0,256,244,0,244
2,1,1,0,256,244,0,244
2,2,1,64,64,180,64,244
2,3,1,48,16,100,80,244
2,4,1,28,4,48,52,244
2,5,1,15,1,19,29,244
1,1,1,0,1,247,0,247
1,2,1,0,4,247,0,247
1,3,1,0,16,247,0,247
1,4,1,0,64,247,0,247
1,5,1,0,256,247,0,247
2,1,1,0,256,247,0,247
2,2,1,64,64,183,64,247
2,3,1,48,16,103,80,247
2,4,1,28,4,51,52,247
2,5,1,15,1,22,29,247
1,1,1,0,1,250,0,250
1,2,1,0,4,250,0,250
1,3,1,0,16,250,0,250
1,4,1,0,64,250,0,250
1,5,1,0,256,250,0,250
2,1,1,0,256,250,0,250
2,2,1,64,64,186,64,250
2,3,1,48,16,106,80,250
2,4,1,28,4,54,52,250
2,5,1,15,1,25,29,250
1,1,1,0,1,253,0,253
1,2,1,0,4,253,0,253
1,3,1,0,16,253,0,253
1,4,1,0,64,253,0,253
1,5,1,0,256,253,0,253
2,1,1,0,256,253,0,253
2,2,1,64,64,189,64,253
2,3,1,48,16,109,80,253
2,4,1,28,4,57,52,253
2,5,1,15,1,28,29,253
1,1,1,0,1,256,0,256
1,2,1,0,4,256,0,256
1,3,1,0,16,256,0,256
1,4,1,0,64,256,0,256
1,5,1,0,256,256,0,256
1,6,1,0,1024,256,0,256
2,1,1,0,1024,256,0,256
2,2,1,256,256,0,256,256
2,3,1,128,64,0,320,256
2,4,1,64,16,0,144,256
2,5,1,32,4,0,68,256
2,6,1,16,1,0,33,256
1,1,1,0,1,259,0,259
1,2,1,0,4,259,0,259
1,3,1,0,16,259,0,259
1,4,1,0,64,259,0,259
1,5,1,0,256,259,0,259
1,6,1,0,1024,259,0,259
2,1,1,0,1024,259,0,259
2,2,1,256,256,3,256,259
2,3,1,128,64,3,320,259
2,4,1,64,16,3,144,259
2,5,1,32,4,3,68,259
2,6,1,16,1,3,33,259
1,1,1,0,1,262,0,262
1,2,1,0,4,262,0,262
1,3,1,0,16,262,0,262
1,4,1,0,64,262,0,262
1,5,1,0,256,262,0,262
1,6,1,0,1024,262,0,262
2,1,1,0,1024,262,0,262
2,2,1,256,256,6,256,262
2,3,1,128,64,6,320,262
2,4,1,64,16,6,144,262
2,5,1,32,4,6,68,262
2,6,1,16,1,6,33,262
1,1,1,0,1,265,0,265
1,2,1,0,4,265,0,265
1,3,1,0,16,265,0,265
1,4,1,0,64,265,0,265
1,5,1,0,256,265,0,265
1,6,1,0,1024,265,0,265
2,1,1,0,1024,265,0,265
2,2,1,256,256,9,256,265
2,3,1,128,64,9,320,265
2,4,1,64,16,9,144,265
2,5,1,32,4,9,68,265
2,6,1,16,1,9,33,265
1,1,1,0,1,268,0,268
1,2,1,0,4,268,0,268
1,3,1,0,16,268,0,268
1,4,1,0,64,268,0,268
1,5,1,0,256,268,0,268
1,6,1,0,1024,268,0,268
2,1,1,0,1024,268,0,268
2,2,1,256,256,12,256,268
2,3,1,128,64,12,320,268
2,4,1,64,16,12,144,268
2,5,1,32,4,12,68,268
2,6,1,16,1,12,33,268
1,1,1,0,1,271,0,271
1,2,1,0,4,271,0,271
1,3,1,0,16,271,0,271
1,4,1,0,64,271,0,271
1,5,1,0,256,271,0,271
1,6,1,0,1024,271,0,271
2,1,1,0,1024,271,0,271
2,2,1,256,256,15,256,271
2,3,1,128,64,15,320,271
2,4,1,64,16,15,144,271
2,5,1,32,4,15,68,271
2,6,1,16,1,15,33,271
1,1,1,0,1,274,0,274
1,2,1,0,4,274,0,274
1,3,1,0,16,274,0,274
1,4,1,0,64,274,0,274
1,5,1,0,256,274,0,274
1,6,1,0,1024,274,0,274
2,1,1,0,1024,274,0,274
2,2,1,256,256,18,256,274
2,3,1,128,64,18,320,274
2,4,1,64,16,18,144,274
2,5,1,32,4,18,68,274
2,6,1,16,1,18,33,274
1,1,1,0,1,277,0,277
1,2,1,0,4,277,0,277
1,3,1,0,16,277,0,277
1,4,1,0,64,277,0,277
1,5,1,0,256,277,0,277
1,6,1,0,1024,277,0,277
2,1,1,0,1024,277,0,277
2,2,1,256,256,21,256,277
2,3,1,128,64,21,320,277
2,4,1,64,16,21,144,277
2,5,1,32,4,21,68,277
2,6,1,16,1,21,33,277
1,1,1,0,1,280,0,280
1,2,1,0,4,280,0,280
1,3,1,0,16,280,0,280
1,4,1,0,64,280,0,280
1,5,1,0,256,280,0,280
1,6,1,0,1024,280,0,280
2,1,1,0,1024,280,0,280
2,2,1,256,256,24,256,280
2,3,1,128,64,24,320,280
2,4,1,64,16,24,144,280
2,5,1,32,4,24,68,280
2,6,1,16,1,24,33,280
1,1,1,0,1,283,0,283
1,2,1,0,4,283,0,283
1,3,1,0,16,283,0,283
1,4,1,0,64,283,0,283
1,5,1,0,256,283,0,283
1,6,1,0,1024,283,0,283
2,1,1,0,1024,283,0,283
2,2,1,256,256,27,256,283
2,3,1,128,64,27,320,283
2,4,1,64,16,27,144,283
2,5,1,32,4,27,68,283
2,6,1,16,1,27,33,283
1,1,1,0,1,286,0,286
1,2,1,0,4,286,0,286
1,3,1,0,16,286,0,286
1,4,1,0,64,286,0,286
1,5,1,0,256,286,0,286
1,6,1,0,1024,286,0,286
2,1,1,0,1024,286,0,286
2,2,1,256,256,30,256,286
2,3,1,128,64,30,320,286
2,4,1,64,16,30,144,286
2,5,1,32,4,30,68,286
2,6,1,16,1,30,33,286
1,1,1,0,1,289,0,289
1,2,1,0,4,289,0,289
1,3,1,0,16,289,0,289
1,4,1,0,64,289,0,289
1,5,1,0,256,289,0,289
1,6,1,0,1024,289,0,289
2,1,1,0,1024,289,0,289
2,2,1,256,256,33,256,289
2,3,1,128,64,33,320,289
2,4,1,64,16,33,144,289
2,5,1,32,4,33,68,289
2,6,1,17,1,0,33,289
1,1,1,0,1,292,0,292
1,2,1,0,4,292,0,292
1,3,1,0,16,292,0,292
1,4,1,0,64,292,0,292
1,5,1,0,256,292,0,292
1,6,1,0,1024,292,0,292
2,1,1,0,1024,292,0,292
2,2,1,256,256,36,256,292
2,3,1,128,64,36,320,292
2,4,1,64,16,36,144,292
2,5,1,32,4,36,68,292
2,6,1,17,1,3,33,292
1,1,1,0,1,295,0,295
1,2,1,0,4,295,0,295
1,3,1,0,16,295,0,295
1,4,1,0,64,295,0,295
1,5,1,0,256,295,0,295
1,6,1,0,1024,295,0,295
2,1,1,0,1024,295,0,295
2,2,1,256,256,39,256,295
2,3,1,128,64,39,320,295
2,4,1,64,16,39,144,295
2,5,1,32,4,39,68,295
2,6,1,17,1,6,33,295
1,1,1,0,1,298,0,298
1,2,1,0,4,298,0,298
1,3,1,0,16,298,0,298
1,4,1,0,64,298,0,298
1,5,1,0,256,298,0,298
1,6,1,0,1024,298,0,298
2,1,1,0,1024,298,0,298
2,2,1,256,256,42,256,298
2,3,1,128,64,42,320,298
2,4,1,64,16,42,144,298
2,5,1,32,4,42,68,298
2,6,1,17,1,9,33,298
1,1,1,0,1,301,0,301
1,2,1,0,4,301,0,301
1,3,1,0,16,301,0,301
1,4,1,0,64,301,0,301
1,5,1,0,256,301,0,301
1,6,1,0,1024,301,0,301
2,1,1,0,1024,301,0,301
2,2,1,256,256,45,256,301
2,3,1,128,64,45,320,301
2,4,1,64,16,45,144,301
2,5,1,32,4,45,68,301
2,6,1,17,1,12,33,301
1,1,1,0,1,304,0,304
1,2,1,0,4,304,0,304
1,3,1,0,16,304,0,304
1,4,1,0,64,304,0,304
1,5,1,0,256,304,0,304
1,6,1,0,1024,304,0,304
2,1,1,0,1024,304,0,304
2,2,1,256,256,48,256,304
2,3,1,128,64,48,320,304
2,4,1,64,16,48,144,304
2,5,1,32,4,48,68,304
2,6,1,17,1,15,33,304
1,1,1,0,1,307,0,307
1,2,1,0,4,307,0,307
1,3,1,0,16,307,0,307
1,4,1,0,64,307,0,307
1,5,1,0,256,307,0,307
1,6,1,0,1024,307,0,307
2,1,1,0,1024,307,0,307
2,2,1,256,256,51,256,307
2,3,1,128,64,51,320,307
2,4,1,64,16,51,144,307
2,5,1,32,4,51,68,307
2,6,1,17,1,18,33,307
1,1,1,0,1,310,0,310
1,2,1,0,4,310,0,310
1,3,1,0,16,310,0,310
1,4,1,0,64,310,0,310
1,5,1,0,256,310,0,310
1,6,1,0,1024,310,0,310
2,1,1,0,1024,310,0,310
2,2,1,256,256,54,256,310
2,3,1,128,64,54,320,310
2,4,1,64,16,54,144,310
2,5,1,32,4,54,68,310
2,6,1,17,1,21,33,310
1,1,1,0,1,313,0,313
1,2,1,0,4,313,0,313
1,3,1,0,16,313,0,313
1,4,1,0,64,313,0,313
1,5,1,0,256,313,0,313
1,6,1,0,1024,313,0,313
2,1,1,0,1024,313,0,313
2,2,1,256,256,57,256,313
2,3,1,128,64,57,320,313
2,4,1,64,16,57,144,313
2,5,1,32,4,57,68,313
2,6,1,17,1,24,33,313
1,1,1,0,1,316,0,316
1,2,1,0,4,316,0,316
1,3,1,0,16,316,0,316
1,4,1,0,64,316,0,316
1,5,1,0,256,316,0,316
1,6,1,0,1024,316,0,316
2,1,1,0,1024,316,0,316
2,2,1,256,256,60,256,316
2,3,1,128,64,60,320,316
2,4,1,64,16,60,144,316
2,5,1,32,4,60,68,316
2,6,1,17,1,27,33,316
1,1,1,0,1,319,0,319
1,2,1,0,4,319,0,319
1,3,1,0,16,319,0,319
1,4,1,0,64,319,0,319
1,5,1,0,256,319,0,319
1,6,1,0,1024,319,0,319
2,1,1,0,1024,319,0,319
2,2,1,256,256,63,256,319
2,3,1,128,64,63,320,319
2,4,1,64,16,63,144,319
2,5,1,32,4,63,68,319
2,6,1,17,1,30,33,319
1,1,1,0,1,322,0,322
1,2,1,0,4,322,0,322
1,3,1,0,16,322,0,322
1,4,1,0,64,322,0,322
1,5,1,0,256,322,0,322
1,6,1,0,1024,322,0,322
2,1,1,0,1024,322,0,322
2,2,1,256,256,66,256,322
2,3,1,128,64,66,320,322
2,4,1,64,16,66,144,322
2,5,1,32,4,66,68,322
2,6,1,17,1,33,33,322
1,1,1,0,1,325,0,325
1,2,1,0,4,325,0,325
1,3,1,0,16,325,0,325
1,4,1,0,64,325,0,325
1,5,1,0,256,325,0,325
1,6,1,0,1024,325,0,325
2,1,1,0,1024,325,0,325
2,2,1,256,256,69,256,325
2,3,1,128,64,69,320,325
2,4,1,64,16,69,144,325
2,5,1,36,4,1,68,325
2,6,1,18,1,1,37,325
1,1,1,0,1,328,0,328
1,2,1,0,4,328,0,328
1,3,1,0,16,328,0,328
1,4,1,0,64,328,0,328
1,5,1,0,256,328,0,328
1,6,1,0,1024,328,0,328
2,1,1,0,1024,328,0,328
2,2,1,256,256,72,256,328
2,3,1,128,64,72,320,328
2,4,1,64,16,72,144,328
2,5,1,36,4,4,68,328
2,6,1,18,1,4,37,328
1,1,1,0,1,331,0,331
1,2,1,0,4,331,0,331
1,3,1,0,16,331,0,331
1,4,1,0,64,331,0,331
1,5,1,0,256,331,0,331
1,6,1,0,1024,331,0,331
2,1,1,0,1024,331,0,331
2,2,1,256,256,75,256,331
2,3,1,128,64,75,320,331
2,4,1,64,16,75,144,331
2,5,1,36,4,7,68,331
2,6,1,18,1,7,37,331
1,1,1,0,1,334,0,334
1,2,1,0,4,334,0,334
1,3,1,0,16,334,0,334
1,4,1,0,64,334,0,334
1,5,1,0,256,334,0,334
1,6,1,0,1024,334,0,334
2,1,1,0,1024,334,0,334
2,2,1,256,256,78,256,334
2,3,1,128,64,78,320,334
2,4,1,64,16,78,144,334
2,5,1,36,4,10,68,334
2,6,1,18,1,10,37,334
1,1,1,0,1,337,0,337
1,2,1,0,4,337,0,337
1,3,1,0,16,337,0,337
1,4,1,0,64,337,0,337
1,5,1,0,256,337,0,337
1,6,1,0,1024,337,0,337
2,1,1,0,1024,337,0,337
2,2,1,256,256,81,256,337
2,3,1,128,64,81,320,337
2,4,1,64,16,81,144,337
2,5,1,36,4,13,68,337
2,6,1,18,1,13,37,337
1,1,1,0,1,340,0,340
1,2,1,0,4,340,0,340
1,3,1,0,16,340,0,340
1,4,1,0,64,340,0,340
1,5,1,0,256,340,0,340
1,6,1,0,1024,340,0,340
2,1,1,0,1024,340,0,340
2,2,1,256,256,84,256,340
2,3,1,128,64,84,320,340
2,4,1,64,16,84,144,340
2,5,1,36,4,16,68,340
2,6,1,18,1,16,37,340
1,1,1,0,1,343,0,343
1,2,1,0,4,343,0,343
1,3,1,0,16,343,0,343
1,4,1,0,64,343,0,343
1,5,1,0,256,343,0,343
1,6,1,0,1024,343,0,343
2,1,1,0,1024,343,0,343
2,2,1,256,256,87,256,343
2,3,1,128,64,87,320,343
2,4,1,64,16,87,144,343
2,5,1,36,4,19,68,343
2,6,1,18,1,19,37,343
1,1,1,0,1,346,0,346
1,2,1,0,4,346,0,346
1,3,1,0,16,346,0,346
1,4,1,0,64,346,0,346
1,5,1,0,256,346,0,346
1,6,1,0,1024,346,0,346
2,1,1,0,1024,346,0,346
2,2,1,256,256,90,256,346
2,3,1,128,64,90,320,346
2,4,1,64,16,90,144,346
2,5,1,36,4,22,68,346
2,6,1,18,1,22,37,346
1,1,1,0,1,349,0,349
1,2,1,0,4,349,0,349
1,3,1,0,16,349,0,349
1,4,1,0,64,349,0,349
1,5,1,0,256,349,0,349
1,6,1,0,1024,349,0,349
2,1,1,0,1024,349,0,349
2,2,1,256,256,93,256,349
2,3,1,128,64,93,320,349
2,4,1,64,16,93,144,349
2,5,1,36,4,25,68,349
2,6,1,18,1,25,37,349
1,1,1,0,1,352,0,352
1,2,1,0,4,352,0,352
1,3,1,0,16,352,0,352
1,4,1,0,64,352,0,352
1,5,1,0,256,352,0,352
1,6,1,0,1024,352,0,352
2,1,1,0,1024,352,0,352
2,2,1,256,256,96,256,352
2,3,1,128,64,96,320,352
2,4,1,64,16,96,144,352
2,5,1,36,4,28,68,352
2,6,1,18,1,28,37,352
1,1,1,0,1,355,0,355
1,2,1,0,4,355,0,355
1,3,1,0,16,355,0,355
1,4,1,0,64,355,0,355
1,5,1,0,256,355,0,355
1,6,1,0,1024,355,0,355
2,1,1,0,1024,355,0,355
2,2,1,256,256,99,256,355
2,3,1,128,64,99,320,355
2,4,1,64,16,99,144,355
2,5,1,36,4,31,68,355
2,6,1,18,1,31,37,355
1,1,1,0,1,358,0,358
1,2,1,0,4,358,0,358
1,3,1,0,16,358,0,358
1,4,1,0,64,358,0,358
1,5,1,0,256,358,0,358
1,6,1,0,1024,358,0,358
2,1,1,0,1024,358,0,358
2,2,1,256,256,102,256,358
2,3,1,128,64,102,320,358
2,4,1,64,16,102,144,358
2,5,1,36,4,34,68,358
2,6,1,18,1,34,37,358
1,1,1,0,1,361,0,361
1,2,1,0,4,361,0,361
1,3,1,0,16,361,0,361
1,4,1,0,64,361,0,361
1,5,1,0,256,361,0,361
1,6,1,0,1024,361,0,361
2,1,1,0,1024,361,0,361
2,2,1,256,256,105,256,361
2,3,1,128,64,105,320,361
2,4,1,64,16,105,144,361
2,5,1,36,4,37,68,361
2,6,1,19,1,0,37,361
1,1,1,0,1,364,0,364
1,2,1,0,4,364,0,364
1,3,1,0,16,364,0,364
1,4,1,0,64,364,0,364
1,5,1,0,256,364,0,364
1,6,1,0,1024,364,0,364
2,1,1,0,1024,364,0,364
2,2,1,256,256,108,256,364
2,3,1,128,64,108,320,364
2,4,1,64,16,108,144,364
2,5,1,36,4,40,68,364
2,6,1,19,1,3,37,364
1,1,1,0,1,367,0,367
1,2,1,0,4,367,0,367
1,3,1,0,16,367,0,367
1,4,1,0,64,367,0,367
1,5,1,0,256,367,0,367
1,6,1,0,1024,367,0,367
2,1,1,0,1024,367,0,367
2,2,1,256,256,111,256,367
2,3,1,128,64,111,320,367
2,4,1,64,16,111,144,367
2,5,1,36,4,43,68,367
2,6,1,19,1,6,37,367
1,1,1,0,1,370,0,370
1,2,1,0,4,370,0,370
1,3,1,0,16,370,0,370
1,4,1,0,64,370,0,370
1,5,1,0,256,370,0,370
1,6,1,0,1024,370,0,370
2,1,1,0,1024,370,0,370
2,2,1,256,256,114,256,370
2,3,1,128,64,114,320,370
2,4,1,64,16,114,144,370
2,5,1,36,4,46,68,370
2,6,1,19,1,9,37,370
1,1,1,0,1,373,0,373
1,2,1,0,4,373,0,373
1,3,1,0,16,373,0,373
1,4,1,0,64,373,0,373
1,5,1,0,256,373,0,373
1,6,1,0,1024,373,0,373
2,1,1,0,1024,373,0,373
2,2,1,256,256,117,256,373
2,3,1,128,64,117,320,373
2,4,1,64,16,117,144,373
2,5,1,36,4,49,68,373
2,6,1,19,1,12,37,373
1,1,1,0,1,376,0,376
1,2,1,0,4,376,0,376
1,3,1,0,16,376,0,376
1,4,1,0,64,376,0,376
1,5,1,0,256,376,0,376
1,6,1,0,1024,376,0,376
2,1,1,0,1024,376,0,376
2,2,1,256,256,120,256,376
2,3,1,128,64,120,320,376
2,4,1,64,16,120,144,376
2,5,1,36,4,52,68,376
2,6,1,19,1,15,37,376
1,1,1,0,1,379,0,379
1,2,1,0,4,379,0,379
1,3,1,0,16,379,0,379
1,4,1,0,64,379,0,379
1,5,1,0,256,379,0,379
1,6,1,0,1024,379,0,379
2,1,1,0,1024,379,0,379
2,2,1,256,256,123,256,379
2,3,1,128,64,123,320,379
2,4,1,64,16,123,144,379
2,5,1,36,4,55,68,379
2,6,1,19,1,18,37,379
1,1,1,0,1,382,0,382
1,2,1,0,4,382,0,382
1,3,1,0,16,382,0,382
1,4,1,0,64,382,0,382
1,5,1,0,256,382,0,382
1,6,1,0,1024,382,0,382
2,1,1,0,1024,382,0,382
2,2,1,256,256,126,256,382
2,3,1,128,64,126,320,382
2,4,1,64,16,126,144,382
2,5,1,36,4,58,68,382
2,6,1,19,1,21,37,382
1,1,1,0,1,385,0,385
1,2,1,0,4,385,0,385
1,3,1,0,16,385,0,385
1,4,1,0,64,385,0,385
1,5,1,0,256,385,0,385
1,6,1,0,1024,385,0,385
2,1,1,0,1024,385,0,385
2,2,1,256,256,129,256,385
2,3,1,128,64,129,320,385
2,4,1,64,16,129,144,385
2,5,1,36,4,61,68,385
2,6,1,19,1,24,37,385
1,1,1,0,1,388,0,388
1,2,1,0,4,388,0,388
1,3,1,0,16,388,0,388
1,4,1,0,64,388,0,388
1,5,1,0,256,388,0,388
1,6,1,0,1024,388,0,388
2,1,1,0,1024,388,0,388
2,2,1,256,256,132,256,388
2,3,1,128,64,132,320,388
2,4,1,64,16,132,144,388
2,5,1,36,4,64,68,388
2,6,1,19,1,27,37,388
1,1,1,0,1,391,0,391
1,2,1,0,4,391,0,391
1,3,1,0,16,391,0,391
1,4,1,0,64,391,0,391
1,5,1,0,256,391,0,391
1,6,1,0,1024,391,0,391
2,1,1,0,1024,391,0,391
2,2,1,256,256,135,256,391
2,3,1,128,64,135,320,391
2,4,1,64,16,135,144,391
2,5,1,36,4,67,68,391
2,6,1,19,1,30,37,391
1,1,1,0,1,394,0,394
1,2,1,0,4,394,0,394
1,3,1,0,16,394,0,394
1,4,1,0,64,394,0,394
1,5,1,0,256,394,0,394
1,6,1,0,1024,394,0,394
2,1,1,0,1024,394,0,394
2,2,1,256,256,138,256,394
2,3,1,128,64,138,320,394
2,4,1,64,16,138,144,394
2,5,1,36,4,70,68,394
2,6,1,19,1,33,37,394
1,1,1,0,1,397,0,397
1,2,1,0,4,397,0,397
1,3,1,0,16,397,0,397
1,4,1,0,64,397,0,397
1,5,1,0,256,397,0,397
1,6,1,0,1024,397,0,397
2,1,1,0,1024,397,0,397
2,2,1,256,256,141,256,397
2,3,1,128,64,141,320,397
2,4,1,64,16,141,144,397
2,5,1,36,4,73,68,397
2,6,1,19,1,36,37,397
1,1,1,0,1,400,0,400
1,2,1,0,4,400,0,400
1,3,1,0,16,400,0,400
1,4,1,0,64,400,0,400
1,5,1,0,256,400,0,400
1,6,1,0,1024,400,0,400
2,1,1,0,1024,400,0,400
2,2,1,256,256,144,256,400
2,3,1,128,64,144,320,400
2,4,1,80,16,0,144,400
2,5,1,40,4,0,84,400
2,6,1,20,1,0,41,400
1,1,1,0,1,403,0,403
1,2,1,0,4,403,0,403
1,3,1,0,16,403,0,403
1,4,1,0,64,403,0,403
1,5,1,0,256,403,0,403
1,6,1,0,1024,403,0,403
2,1,1,0,1024,403,0,403
2,2,1,256,256,147,256,403
2,3,1,128,64,147,320,403
2,4,1,80,16,3,144,403
2,5,1,40,4,3,84,403
2,6,1,20,1,3,41,403
1,1,1,0,1,406,0,406
1,2,1,0,4,406,0,406
1,3,1,0,16,406,0,406
1,4,1,0,64,406,0,406
1,5,1,0,256,406,0,406
1,6,1,0,1024,406,0,406
2,1,1,0,1024,406,0,406
2,2,1,256,256,150,256,406
2,3,1,128,64,150,320,406
2,4,1,80,16,6,144,406
2,5,1,40,4,6,84,406
2,6,1,20,1,6,41,406
1,1,1,0,1,409,0,409
1,2,1,0,4,409,0,409
1,3,1,0,16,409,0,409
1,4,1,0,64,409,0,409
1,5,1,0,256,409,0,409
1,6,1,0,1024,409,0,409
2,1,1,0,1024,409,0,409
2,2,1,256,256,153,256,409
2,3,1,128,64,153,320,409
2,4,1,80,16,9,144,409
2,5,1,40,4,9,84,409
2,6,1,20,1,9,41,409
1,1,1,0,1,412,0,412
1,2,1,0,4,412,0,412
1,3,1,0,16,412,0,412
1,4,1,0,64,412,0,412
1,5,1,0,256,412,0,412
1,6,1,0,1024,412,0,412
2,1,1,0,1024,412,0,412
2,2,1,256,256,156,256,412
2,3,1,128,64,156,320,412
2,4,1,80,16,12,144,412
2,5,1,40,4,12,84,412
2,6,1,20,1,12,41,412
1,1,1,0,1,415,0,415
1,2,1,0,4,415,0,415
1,3,1,0,16,415,0,415
1,4,1,0,64,415,0,415
1,5,1,0,256,415,0,415
1,6,1,0,1024,415,0,415
2,1,1,0,1024,415,0,415
2,2,1,256,256,159,256,415
2,3,1,128,64,159,320,415
2,4,1,80,16,15,144,415
2,5,1,40,4,15,84,415
2,6,1,20,1,15,41,415
1,1,1,0,1,418,0,418
1,2,1,0,4,418,0,418
1,3,1,0,16,418,0,418
1,4,1,0,64,418,0,418
1,5,1,0,256,418,0,418
1,6,1,0,1024,418,0,418
2,1,1,0,1024,418,0,418
2,2,1,256,256,162,256,418
2,3,1,128,64,162,320,418
2,4,1,80,16,18,144,418
2,5,1,40,4,18,84,418
2,6,1,20,1,18,41,418
1,1,1,0,1,421,0,421
1,2,1,0,4,421,0,421
1,3,1,0,16,421,0,421
1,4,1,0,64,421,0,421
1,5,1,0,256,421,0,421
1,6,1,0,1024,421,0,421
2,1,1,0,1024,421,0,421
2,2,1,256,256,165,256,421
2,3,1,128,64,165,320,421
2,4,1,80,16,21,144,421
2,5,1,40,4,21,84,421
2,6,1,20,1,21,41,421
1,1,1,0,1,424,0,424
1,2,1,0,4,424,0,424
1,3,1,0,16,424,0,424
1,4,1,0,64,424,0,424
1,5,1,0,256,424,0,424
1,6,1,0,1024,424,0,424
2,1,1,0,1024,424,0,424
2,2,1,256,256,168,256,424
2,3,1,128,64,168,320,424
2,4,1,80,16,24,144,424
2,5,1,40,4,24,84,424
2,6,1,20,1,24,41,424
1,1,1,0,1,427,0,427
1,2,1,0,4,427,0,427
1,3,1,0,16,427,0,427
1,4,1,0,64,427,0,427
1,5,1,0,256,427,0,427
1,6,1,0,1024,427,0,427
2,1,1,0,1024,427,0,427
2,2,1,256,256,171,256,427
2,3,1,128,64,171,320,427
2,4,1,80,16,27,144,427
2,5,1,40,4,27,84,427
2,6,1,20,1,27,41,427
1,1,1,0,1,430,0,430
1,2,1,0,4,430,0,430
1,3,1,0,16,430,0,430
1,4,1,0,64,430,0,430
1,5,1,0,256,430,0,430
1,6,1,0,1024,430,0,430
2,1,1,0,1024,430,0,430
2,2,1,256,256,174,256,430
2,3,1,128,64,174,320,430
2,4,1,80,16,30,144,430
2,5,1,40,4,30,84,430
2,6,1,20,1,30,41,430
1,1,1,0,1,433,0,433
1,2,1,0,4,433,0,433
1,3,1,0,16,433,0,433
1,4,1,0,64,433,0,433
1,5,1,0,256,433,0,433
1,6,1,0,1024,433,0,433
2,1,1,0,1024,433,0,433
2,2,1,256,256,177,256,433
2,3,1,128,64,177,320,433
2,4,1,80,16,33,144,433
2,5,1,40,4,33,84,433
2,6,1,20,1,33,41,433
1,1,1,0,1,436,0,436
1,2,1,0,4,436,0,436
1,3,1,0,16,436,0,436
1,4,1,0,64,436,0,436
1,5,1,0,256,436,0,436
1,6,1,0,1024,436,0,436
2,1,1,0,1024,436,0,436
2,2,1,256,256,180,256,436
2,3,1,128,64,180,320,436
2,4,1,80,16,36,144,436
2,5,1,40,4,36,84,436
2,6,1,20,1,36,41,436
1,1,1,0,1,439,0,439
1,2,1,0,4,439,0,439
1,3,1,0,16,439,0,439
1,4,1,0,64,439,0,439
1,5,1,0,256,439,0,439
1,6,1,0,1024,439,0,439
2,1,1,0,1024,439,0,439
2,2,1,256,256,183,256,439
2,3,1,128,64,183,320,439
2,4,1,80,16,39,144,439
2,5,1,40,4,39,84,439
2,6,1,20,1,39,41,439
1,1,1,0,1,442,0,442
1,2,1,0,4,442,0,442
1,3,1,0,16,442,0,442
1,4,1,0,64,442,0,442
1,5,1,0,256,442,0,442
1,6,1,0,1024,442,0,442
2,1,1,0,1024,442,0,442
2,2,1,256,256,186,256,442
2,3,1,128,64,186,320,442
2,4,1,80,16,42,144,442
2,5,1,40,4,42,84,442
2,6,1,21,1,1,41,442
1,1,1,0,1,445,0,445
1,2,1,0,4,445,0,445
1,3,1,0,16,445,0,445
1,4,1,0,64,445,0,445
1,5,1,0,256,445,0,445
1,6,1,0,1024,445,0,445
2,1,1,0,1024,445,0,445
2,2,1,256,256,189,256,445
2,3,1,128,64,189,320,445
2,4,1,80,16,45,144,445
2,5,1,40,4,45,84,445
2,6,1,21,1,4,41,445
1,1,1,0,1,448,0,448
1,2,1,0,4,448,0,448
1,3,1,0,16,448,0,448
1,4,1,0,64,448,0,448
1,5,1,0,256,448,0,448
1,6,1,0,1024,448,0,448
2,1,1,0,1024,448,0,448
2,2,1,256,256,192,256,448
2,3,1,128,64,192,320,448
2,4,1,80,16,48,144,448
2,5,1,40,4,48,84,448
2,6,1,21,1,7,41,448
1,1,1,0,1,451,0,451
1,2,1,0,4,451,0,451
1,3,1,0,16,451,0,451
1,4,1,0,64,451,0,451
1,5,1,0,256,451,0,451
1,6,1,0,1024,451,0,451
2,1,1,0,1024,451,0,451
2,2,1,256,256,195,256,451
2,3,1,128,64,195,320,451
2,4,1,80,16,51,144,451
2,5,1,40,4,51,84,451
2,6,1,21,1,10,41,451
1,1,1,0,1,454,0,454
1,2,1,0,4,454,0,454
1,3,1,0,16,454,0,454
1,4,1,0,64,454,0,454
1,5,1,0,256,454,0,454
1,6,1,0,1024,454,0,454
2,1,1,0,1024,454,0,454
2,2,1,256,256,198,256,454
2,3,1,128,64,198,320,454
2,4,1,80,16,54,144,454
2,5,1,40,4,54,84,454
2,6,1,21,1,13,41,454
1,1,1,0,1,457,0,457
1,2,1,0,4,457,0,457
1,3,1,0,16,457,0,457
1,4,1,0,64,457,0,457
1,5,1,0,256,457,0,457
1,6,1,0,1024,457,0,457
2,1,1,0,1024,457,0,457
2,2,1,256,256,201,256,457
2,3,1,128,64,201,320,457
2,4,1,80,16,57,144,457
2,5,1,40,4,57,84,457
2,6,1,21,1,16,41,457
1,1,1,0,1,460,0,460
1,2,1,0,4,460,0,460
1,3,1,0,16,460,0,460
1,4,1,0,64,460,0,460
1,5,1,0,256,460,0,460
1,6,1,0,1024,460,0,460
2,1,1,0,1024,460,0,460
2,2,1,256,256,204,256,460
2,3,1,128,64,204,320,460
2,4,1,80,16,60,144,460
2,5,1,40,4,60,84,460
2,6,1,21,1,19,41,460
1,1,1,0,1,463,0,463
1,2,1,0,4,463,0,463
1,3,1,0,16,463,0,463
1,4,1,0,64,463,0,463
1,5,1,0,256,463,0,463
1,6,1,0,1024,463,0,463
2,1,1,0,1024,463,0,463
2,2,1,256,256,207,256,463
2,3,1,128,64,207,320,463
2,4,1,80,16,63,144,463
2,5,1,40,4,63,84,463
2,6,1,21,1,22,41,463
1,1,1,0,1,466,0,466
1,2,1,0,4,466,0,466
1,3,1,0,16,466,0,466
1,4,1,0,64,466,0,466
1,5,1,0,256,466,0,466
1,6,1,0,1024,466,0,466
2,1,1,0,1024,466,0,466
2,2,1,256,256,210,256,466
2,3,1,128,64,210,320,466
2,4,1,80,16,66,144,466
2,5,1,40,4,66,84,466
2,6,1,21,1,25,41,466
1,1,1,0,1,469,0,469
1,2,1,0,4,469,0,469
1,3,1,0,16,469,0,469
1,4,1,0,64,469,0,469
1,5,1,0,256,469,0,469
1,6,1,0,1024,469,0,469
2,1,1,0,1024,469,0,469
2,2,1,256,256,213,256,469
2,3,1,128,64,213,320,469
2,4,1,80,16,69,144,469
2,5,1,40,4,69,84,469
2,6,1,21,1,28,41,469
1,1,1,0,1,472,0,472
1,2,1,0,4,472,0,472
1,3,1,0,16,472,0,472
1,4,1,0,64,472,0,472
1,5,1,0,256,472,0,472
1,6,1,0,1024,472,0,472
2,1,1,0,1024,472,0,472
2,2,1,256,256,216,256,472
2,3,1,128,64,216,320,472
2,4,1,80,16,72,144,472
2,5,1,40,4,72,84,472
2,6,1,21,1,31,41,472
1,1,1,0,1,475,0,475
1,2,1,0,4,475,0,475
1,3,1,0,16,475,0,475
1,4,1,0,64,475,0,475
1,5,1,0,256,475,0,475
1,6,1,0,1024,475,0,475
2,1,1,0,1024,475,0,475
2,2,1,256,256,219,256,475
2,3,1,128,64,219,320,475
2,4,1,80,16,75,144,475
2,5,1,40,4,75,84,475
2,6,1,21,1,34,41,475
1,1,1,0,1,478,0,478
1,2,1,0,4,478,0,478
1,3,1,0,16,478,0,478
1,4,1,0,64,478,0,478
1,5,1,0,256,478,0,478
1,6,1,0,1024,478,0,478
2,1,1,0,1024,478,0,478
2,2,1,256,256,222,256,478
2,3,1,128,64,222,320,478
2,4,1,80,16,78,144,478
2,5,1,40,4,78,84,478
2,6,1,21,1,37,41,478
1,1,1,0,1,481,0,481
1,2,1,0,4,481,0,481
1,3,1,0,16,481,0,481
1,4,1,0,64,481,0,481
1,5,1,0,256,481,0,481
1,6,1,0,1024,481,0,481
2,1,1,0,1024,481,0,481
2,2,1,256,256,225,256,481
2,3,1,128,64,225,320,481
2,4,1,80,16,81,144,481
2,5,1,40,4,81,84,481
2,6,1,21,1,40,41,481
1,1,1,0,1,484,0,484
1,2,1,0,4,484,0,484
1,3,1,0,16,484,0,484
1,4,1,0,64,484,0,484
1,5,1,0,256,484,0,484
1,6,1,0,1024,484,0,484
2,1,1,0,1024,484,0,484
2,2,1,256,256,228,256,484
2,3,1,128,64,228,320,484
2,4,1,80,16,84,144,484
2,5,1,44,4,0,84,484
2,6,1,22,1,0,45,484
1,1,1,0,1,487,0,487
1,2,1,0,4,487,0,487
1,3,1,0,16,487,0,487
1,4,1,0,64,487,0,487
1,5,1,0,256,487,0,487
1,6,1,0,1024,487,0,487
2,1,1,0,1024,487,0,487
2,2,1,256,256,231,256,487
2,3,1,128,64,231,320,487
2,4,1,80,16,87,144,487
2,5,1,44,4,3,84,487
2,6,1,22,1,3,45,487
1,1,1,0,1,490,0,490
1,2,1,0,4,490,0,490
1,3,1,0,16,490,0,490
1,4,1,0,64,490,0,490
1,5,1,0,256,490,0,490
1,6,1,0,1024,490,0,490
2,1,1,0,1024,490,0,490
2,2,1,256,256,234,256,490
2,3,1,128,64,234,320,490
2,4,1,80,16,90,144,490
2,5,1,44,4,6,84,490
2,6,1,22,1,6,45,490
1,1,1,0,1,493,0,493
1,2,1,0,4,493,0,493
1,3,1,0,16,493,0,493
1,4,1,0,64,493,0,493
1,5,1,0,256,493,0,493
1,6,1,0,1024,493,0,493
2,1,1,0,1024,493,0,493
2,2,1,256,256,237,256,493
2,3,1,128,64,237,320,493
2,4,1,80,16,93,144,493
2,5,1,44,4,9,84,493
2,6,1,22,1,9,45,493
1,1,1,0,1,496,0,496
1,2,1,0,4,496,0,496
1,3,1,0,16,496,0,496
1,4,1,0,64,496,0,496
1,5,1,0,256,496,0,496
1,6,1,0,1024,496,0,496
2,1,1,0,1024,496,0,496
2,2,1,256,256,240,256,496
2,3,1,128,64,240,320,496
2,4,1,80,16,96,144,496
2,5,1,44,4,12,84,496
2,6,1,22,1,12,45,496
1,1,1,0,1,499,0,499
1,2,1,0,4,499,0,499
1,3,1,0,16,499,0,499
1,4,1,0,64,499,0,499
1,5,1,0,256,499,0,499
1,6,1,0,1024,499,0,499
2,1,1,0,1024,499,0,499
2,2,1,256,256,243,256,499
2,3,1,128,64,243,320,499
2,4,1,80,16,99,144,499
2,5,1,44,4,15,84,499
2,6,1,22,1,15,45,499
1,1,1,0,1,502,0,502
1,2,1,0,4,502,0,502
1,3,1,0,16,502,0,502
1,4,1,0,64,502,0,502
1,5,1,0,256,502,0,502
1,6,1,0,1024,502,0,502
2,1,1,0,1024,502,0,502
2,2,1,256,256,246,256,502
2,3,1,128,64,246,320,502
2,4,1,80,16,102,144,502
2,5,1,44,4,18,84,502
2,6,1,22,1,18,45,502
1,1,1,0,1,505,0,505
1,2,1,0,4,505,0,505
1,3,1,0,16,505,0,505
1,4,1,0,64,505,0,505
1,5,1,0,256,505,0,505
1,6,1,0,1024,505,0,505
2,1,1,0,1024,505,0,505
2,2,1,256,256,249,256,505
2,3,1,128,64,249,320,505
2,4,1,80,16,105,144,505
2,5,1,44,4,21,84,505
2,6,1,22,1,21,45,505
1,1,1,0,1,508,0,508
1,2,1,0,4,508,0,508
1,3,1,0,16,508,0,508
1,4,1,0,64,508,0,508
1,5,1,0,256,508,0,508
1,6,1,0,1024,508,0,508
2,1,1,0,1024,508,0,508
2,2,1,256,256,252,256,508
2,3,1,128,64,252,320,508
2,4,1,80,16,108,144,508
2,5,1,44,4,24,84,508
2,6,1,22,1,24,45,508
1,1,1,0,1,511,0,511
1,2,1,0,4,511,0,511
1,3,1,0,16,511,0,511
1,4,1,0,64,511,0,511
1,5,1,0,256,511,0,511
1,6,1,0,1024,511,0,511
2,1,1,0,1024,511,0,511
2,2,1,256,256,255,256,511
2,3,1,128,64,255,320,511
2,4,1,80,16,111,144,511
2,5,1,44,4,27,84,511
2,6,1,22,1,27,45,511
1,1,1,0,1,514,0,514
1,2,1,0,4,514,0,514
1,3,1,0,16,514,0,514
1,4,1,0,64,514,0,514
1,5,1,0,256,514,0,514
1,6,1,0,1024,514,0,514
2,1,1,0,1024,514,0,514
2,2,1,256,256,258,256,514
2,3,1,128,64,258,320,514
2,4,1,80,16,114,144,514
2,5,1,44,4,30,84,514
2,6,1,22,1,30,45,514
1,1,1,0,1,517,0,517
1,2,1,0,4,517,0,517
1,3,1,0,16,517,0,517
1,4,1,0,64,517,0,517
1,5,1,0,256,517,0,517
1,6,1,0,1024,517,0,517
2,1,1,0,1024,517,0,517
2,2,1,256,256,261,256,517
2,3,1,128,64,261,320,517
2,4,1,80,16,117,144,517
2,5,1,44,4,33,84,517
2,6,1,22,1,33,45,517
1,1,1,0,1,520,0,520
1,2,1,0,4,520,0,520
1,3,1,0,16,520,0,520
1,4,1,0,64,520,0,520
1,5,1,0,256,520,0,520
1,6,1,0,1024,520,0,520
2,1,1,0,1024,520,0,520
2,2,1,256,256,264,256,520
2,3,1,128,64,264,320,520
2,4,1,80,16,120,144,520
2,5,1,44,4,36,84,520
2,6,1,22,1,36,45,520
1,1,1,0,1,523,0,523
1,2,1,0,4,523,0,523
1,3,1,0,16,523,0,523
1,4,1,0,64,523,0,523
1,5,1,0,256,523,0,523
1,6,1,0,1024,523,0,523
2,1,1,0,1024,523,0,523
2,2,1,256,256,267,256,523
2,3,1,128,64,267,320,523
2,4,1,80,16,123,144,523
2,5,1,44,4,39,84,523
2,6,1,22,1,39,45,523
1,1,1,0,1,526,0,526
1,2,1,0,4,526,0,526
1,3,1,0,16,526,0,526
1,4,1,0,64,526,0,526
1,5,1,0,256,526,0,526
1,6,1,0,1024,526,0,526
2,1,1,0,1024,526,0,526
2,2,1,256,256,270,256,526
2,3,1,128,64,270,320,526
2,4,1,80,16,126,144,526
2,5,1,44,4,42,84,526
2,6,1,22,1,42,45,526
1,1,1,0,1,529,0,529
1,2,1,0,4,529,0,529
1,3,1,0,16,529,0,529
1,4,1,0,64,529,0,529
1,5,1,0,256,529,0,529
1,6,1,0,1024,529,0,529
2,1,1,0,1024,529,0,529
2,2,1,256,256,273,256,529
2,3,1,128,64,273,320,529
2,4,1,80,16,129,144,529
2,5,1,44,4,45,84,529
2,6,1,23,1,0,45,529
1,1,1,0,1,532,0,532
1,2,1,0,4,532,0,532
1,3,1,0,16,532,0,532
1,4,1,0,64,532,0,532
1,5,1,0,256,532,0,532
1,6,1,0,1024,532,0,532
2,1,1,0,1024,532,0,532
2,2,1,256,256,276,256,532
2,3,1,128,64,276,320,532
2,4,1,80,16,132,144,532
2,5,1,44,4,48,84,532
2,6,1,23,1,3,45,532
1,1,1,0,1,535,0,535
1,2,1,0,4,535,0,535
1,3,1,0,16,535,0,535
1,4,1,0,64,535,0,535
1,5,1,0,256,535,0,535
1,6,1,0,1024,535,0,535
2,1,1,0,1024,535,0,535
2,2,1,256,256,279,256,535
2,3,1,128,64,279,320,535
2,4,1,80,16,135,144,535
2,5,1,44,4,51,84,535
2,6,1,23,1,6,45,535
1,1,1,0,1,538,0,538
1,2,1,0,4,538,0,538
1,3,1,0,16,538,0,538
1,4,1,0,64,538,0,538
1,5,1,0,256,538,0,538
1,6,1,0,1024,538,0,538
2,1,1,0,1024,538,0,538
2,2,1,256,256,282,256,538
2,3,1,128,64,282,320,538
2,4,1,80,16,138,144,538
2,5,1,44,4,54,84,538
2,6,1,23,1,9,45,538
1,1,1,0,1,541,0,541
1,2,1,0,4,541,0,541
1,3,1,0,16,541,0,541
1,4,1,0,64,541,0,541
1,5,1,0,256,541,0,541
1,6,1,0,1024,541,0,541
2,1,1,0,1024,541,0,541
2,2,1,256,256,285,256,541
2,3,1,128,64,285,320,541
2,4,1,80,16,141,144,541
2,5,1,44,4,57,84,541
2,6,1,23,1,12,45,541
1,1,1,0,1,544,0,544
1,2,1,0,4,544,0,544
1,3,1,0,16,544,0,544
1,4,1,0,64,544,0,544
1,5,1,0,256,544,0,544
1,6,1,0,1024,544,0,544
2,1,1,0,1024,544,0,544
2,2,1,256,256,288,256,544
2,3,1,128,64,288,320,544
2,4,1,80,16,144,144,544
2,5,1,44,4,60,84,544
2,6,1,23,1,15,45,544
1,1,1,0,1,547,0,547
1,2,1,0,4,547,0,547
1,3,1,0,16,547,0,547
1,4,1,0,64,547,0,547
1,5,1,0,256,547,0,547
1,6,1,0,1024,547,0,547
2,1,1,0,1024,547,0,547
2,2,1,256,256,291,256,547
2,3,1,128,64,291,320,547
2,4,1,80,16,147,144,547
2,5,1,44,4,63,84,547
2,6,1,23,1,18,45,547
1,1,1,0,1,550,0,550
1,2,1,0,4,550,0,550
1,3,1,0,16,550,0,550
1,4,1,0,64,550,0,550
1,5,1,0,256,550,0,550
1,6,1,0,1024,550,0,550
2,1,1,0,1024,550,0,550
2,2,1,256,256,294,256,550
2,3,1,128,64,294,320,550
2,4,1,80,16,150,144,550
2,5,1,44,4,66,84,550
2,6,1,23,1,21,45,550
1,1,1,0,1,553,0,553
1,2,1,0,4,553,0,553
1,3,1,0,16,553,0,553
1,4,1,0,64,553,0,553
1,5,1,0,256,553,0,553
1,6,1,0,1024,553,0,553
2,1,1,0,1024,553,0,553
2,2,1,256,256,297,256,553
2,3,1,128,64,297,320,553
2,4,1,80,16,153,144,553
2,5,1,44,4,69,84,553
2,6,1,23,1,24,45,553
1,1,1,0,1,556,0,556
1,2,1,0,4,556,0,556
1,3,1,0,16,556,0,556
1,4,1,0,64,556,0,556
1,5,1,0,256,556,0,556
1,6,1,0,1024,556,0,556
2,1,1,0,1024,556,0,556
2,2,1,256,256,300,256,556
2,3,1,128,64,300,320,556
2,4,1,80,16,156,144,556
2,5,1,44,4,72,84,556
2,6,1,23,1,27,45,556
1,1,1,0,1,559,0,559
1,2,1,0,4,559,0,559
1,3,1,0,16,559,0,559
1,4,1,0,64,559,0,559
1,5,1,0,256,559,0,559
1,6,1,0,1024,559,0,559
2,1,1,0,1024,559,0,559
2,2,1,256,256,303,256,559
2,3,1,128,64,303,320,559
2,4,1,80,16,159,144,559
2,5,1,44,4,75,84,559
2,6,1,23,1,30,45,559
1,1,1,0,1,562,0,562
1,2,1,0,4,562,0,562
1,3,1,0,16,562,0,562
1,4,1,0,64,562,0,562
1,5,1,0,256,562,0,562
1,6,1,0,1024,562,0,562
2,1,1,0,1024,562,0,562
2,2,1,256,256,306,256,562
2,3,1,128,64,306,320,562
2,4,1,80,16,162,144,562
2,5,1,44,4,78,84,562
2,6,1,23,1,33,45,562
1,1,1,0,1,565,0,565
1,2,1,0,4,565,0,565
1,3,1,0,16,565,0,565
1,4,1,0,64,565,0,565
1,5,1,0,256,565,0,565
1,6,1,0,1024,565,0,565
2,1,1,0,1024,565,0,565
2,2,1,256,256,309,256,565
2,3,1,128,64,309,320,565
2,4,1,80,16,165,144,565
2,5,1,44,4,81,84,565
2,6,1,23,1,36,45,565
1,1,1,0,1,568,0,568
1,2,1,0,4,568,0,568
1,3,1,0,16,568,0,568
1,4,1,0,64,568,0,568
1,5,1,0,256,568,0,568
1,6,1,0,1024,568,0,568
2,1,1,0,1024,568,0,568
2,2,1,256,256,312,256,568
2,3,1,128,64,312,320,568
2,4,1,80,16,168,144,568
2,5,1,44,4,84,84,568
2,6,1,23,1,39,45,568
1,1,1,0,1,571,0,571
1,2,1,0,4,571,0,571
1,3,1,0,16,571,0,571
1,4,1,0,64,571,0,571
1,5,1,0,256,571,0,571
1,6,1,0,1024,571,0,571
2,1,1,0,1024,571,0,571
2,2,1,256,256,315,256,571
2,3,1,128,64,315,320,571
2,4,1,80,16,171,144,571
2,5,1,44,4,87,84,571
2,6,1,23,1,42,45,571
1,1,1,0,1,574,0,574
1,2,1,0,4,574,0,574
1,3,1,0,16,574,0,574
1,4,1,0,64,574,0,574
1,5,1,0,256,574,0,574
1,6,1,0,1024,574,0,574
2,1,1,0,1024,574,0,574
2,2,1,256,256,318,256,574
2,3,1,128,64,318,320,574
2,4,1,80,16,174,144,574
2,5,1,44,4,90,84,574
2,6,1,23,1,45,45,574
1,1,1,0,1,577,0,577
1,2,1,0,4,577,0,577
1,3,1,0,16,577,0,577
1,4,1,0,64,577,0,577
1,5,1,0,256,577,0,577
1,6,1,0,1024,577,0,577
2,1,1,0,1024,577,0,577
2,2,1,256,256,321,256,577
2,3,1,192,64,1,320,577
2,4,1,96,16,1,208,577
2,5,1,48,4,1,100,577
2,6,1,24,1,1,49,577
1,1,1,0,1,580,0,580
1,2,1,0,4,580,0,580
1,3,1,0,16,580,0,580
1,4,1,0,64,580,0,580
1,5,1,0,256,580,0,580
1,6,1,0,1024,580,0,580
2,1,1,0,1024,580,0,580
2,2,1,256,256,324,256,580
2,3,1,192,64,4,320,580
2,4,1,96,16,4,208,580
2,5,1,48,4,4,100,580
2,6,1,24,1,4,49,580
1,1,1,0,1,583,0,583
1,2,1,0,4,583,0,583
1,3,1,0,16,583,0,583
1,4,1,0,64,583,0,583
1,5,1,0,256,583,0,583
1,6,1,0,1024,583,0,583
2,1,1,0,1024,583,0,583
2,2,1,256,256,327,256,583
2,3,1,192,64,7,320,583
2,4,1,96,16,7,208,583
2,5,1,48,4,7,100,583
2,6,1,24,1,7,49,583
1,1,1,0,1,586,0,586
1,2,1,0,4,586,0,586
1,3,1,0,16,586,0,586
1,4,1,0,64,586,0,586
1,5,1,0,256,586,0,586
1,6,1,0,1024,586,0,586
2,1,1,0,1024,586,0,586
2,2,1,256,256,330,256,586
2,3,1,192,64,10,320,586
2,4,1,96,16,10,208,586
2,5,1,48,4,10,100,586
2,6,1,24,1,10,49,586
1,1,1,0,1,589,0,589
1,2,1,0,4,589,0,589
1,3,1,0,16,589,0,589
1,4,1,0,64,589,0,589
1,5,1,0,256,589,0,589
1,6,1,0,1024,589,0,589
2,1,1,0,1024,589,0,589
2,2,1,256,256,333,256,589
2,3,1,192,64,13,320,589
2,4,1,96,16,13,208,589
2,5,1,48,4,13,100,589
2,6,1,24,1,13,49,589
1,1,1,0,1,592,0,592
1,2,1,0,4,592,0,592
1,3,1,0,16,592,0,592
1,4,1,0,64,592,0,592
1,5,1,0,256,592,0,592
1,6,1,0,1024,592,0,592
2,1,1,0,1024,592,0,592
2,2,1,256,256,336,256,592
2,3,1,192,64,16,320,592
2,4,1,96,16,16,208,592
2,5,1,48,4,16,100,592
2,6,1,24,1,16,49,592
1,1,1,0,1,595,0,595
1,2,1,0,4,595,0,595
1,3,1,0,16,595,0,595
1,4,1,0,64,595,0,595
1,5,1,0,256,595,0,595
1,6,1,0,1024,595,0,595
2,1,1,0,1024,595,0,595
2,2,1,256,256,339,256,595
2,3,1,192,64,19,320,595
2,4,1,96,16,19,208,595
2,5,1,48,4,19,100,595
2,6,1,24,1,19,49,595
1,1,1,0,1,598,0,598
1,2,1,0,4,598,0,598
1,3,1,0,16,598,0,598
1,4,1,0,64,598,0,598
1,5,1,0,256,598,0,598
1,6,1,0,1024,598,0,598
2,1,1,0,1024,598,0,598
2,2,1,256,256,342,256,598
2,3,1,192,64,22,320,598
2,4,1,96,16,22,208,598
2,5,1,48,4,22,100,598
2,6,1,24,1,22,49,598
1,1,1,0,1,601,0,601
1,2,1,0,4,601,0,601
1,3,1,0,16,601,0,601
1,4,1,0,64,601,0,601
1,5,1,0,256,601,0,601
1,6,1,0,1024,601,0,601
2,1,1,0,1024,601,0,601
2,2,1,256,256,345,256,601
2,3,1,192,64,25,320,601
2,4,1,96,16,25,208,601
2,5,1,48,4,25,100,601
2,6,1,24,1,25,49,601
1,1,1,0,1,604,0,604
1,2,1,0,4,604,0,604
1,3,1,0,16,604,0,604
1,4,1,0,64,604,0,604
1,5,1,0,256,604,0,604
1,6,1,0,1024,604,0,604
2,1,1,0,1024,604,0,604
2,2,1,256,256,348,256,604
2,3,1,192,64,28,320,604
2,4,1,96,16,28,208,604
2,5,1,48,4,28,100,604
2,6,1,24,1,28,49,604
1,1,1,0,1,607,0,607
1,2,1,0,4,607,0,607
1,3,1,0,16,607,0,607
1,4,1,0,64,607,0,607
1,5,1,0,256,607,0,607
1,6,1,0,1024,607,0,607
2,1,1,0,1024,607,0,607
2,2,1,256,256,351,256,607
2,3,1,192,64,31,320,607
2,4,1,96,16,31,208,607
2,5,1,48,4,31,100,607
2,6,1,24,1,31,49,607
1,1,1,0,1,610,0,610
1,2,1,0,4,610,0,610
1,3,1,0,16,610,0,610
1,4,1,0,64,610,0,610
1,5,1,0,256,610,0,610
1,6,1,0,1024,610,0,610
2,1,1,0,1024,610,0,610
2,2,1,256,256,354,256,610
2,3,1,192,64,34,320,610
2,4,1,96,16,34,208,610
2,5,1,48,4,34,100,610
2,6,1,24,1,34,49,610
1,1,1,0,1,613,0,613
1,2,1,0,4,613,0,613
1,3,1,0,16,613,0,613
1,4,1,0,64,613,0,613
1,5,1,0,256,613,0,613
1,6,1,0,1024,613,0,613
2,1,1,0,1024,613,0,613
2,2,1,256,256,357,256,613
2,3,1,192,64,37,320,613
2,4,1,96,16,37,208,613
2,5,1,48,4,37,100,613
2,6,1,24,1,37,49,613
1,1,1,0,1,616,0,616
1,2,1,0,4,616,0,616
1,3,1,0,16,616,0,616
1,4,1,0,64,616,0,616
1,5,1,0,256,616,0,616
1,6,1,0,1024,616,0,616
2,1,1,0,1024,616,0,616
2,2,1,256,256,360,256,616
2,3,1,192,64,40,320,616
2,4,1,96,16,40,208,616
2,5,1,48,4,40,100,616
2,6,1,24,1,40,49,616
1,1,1,0,1,619,0,619
1,2,1,0,4,619,0,619
1,3,1,0,16,619,0,619
1,4,1,0,64,619,0,619
1,5,1,0,256,619,0,619
1,6,1,0,1024,619,0,619
2,1,1,0,1024,619,0,619
2,2,1,256,256,363,256,619
2,3,1,192,64,43,320,619
2,4,1,96,16,43,208,619
2,5,1,48,4,43,100,619
2,6,1,24,1,43,49,619
1,1,1,0,1,622,0,622
1,2,1,0,4,622,0,622
1,3,1,0,16,622,0,622
1,4,1,0,64,622,0,622
1,5,1,0,256,622,0,622
1,6,1,0,1024,622,0,622
2,1,1,0,1024,622,0,622
2,2,1,256,256,366,256,622
2,3,1,192,64,46,320,622
2,4,1,96,16,46,208,622
2,5,1,48,4,46,100,622
2,6,1,24,1,46,49,622
1,1,1,0,1,625,0,625
1,2,1,0,4,625,0,625
1,3,1,0,16,625,0,625
1,4,1,0,64,625,0,625
1,5,1,0,256,625,0,625
1,6,1,0,1024,625,0,625
2,1,1,0,1024,625,0,625
2,2,1,256,256,369,256,625
2,3,1,192,64,49,320,625
2,4,1,96,16,49,208,625
2,5,1,48,4,49,100,625
2,6,1,25,1,0,49,625
1,1,1,0,1,628,0,628
1,2,1,0,4,628,0,628
1,3,1,0,16,628,0,628
1,4,1,0,64,628,0,628
1,5,1,0,256,628,0,628
1,6,1,0,1024,628,0,628
2,1,1,0,1024,628,0,628
2,2,1,256,256,372,256,628
2,3,1,192,64,52,320,628
2,4,1,96,16,52,208,628
2,5,1,48,4,52,100,628
2,6,1,25,1,3,49,628
1,1,1,0,1,631,0,631
1,2,1,0,4,631,0,631
1,3,1,0,16,631,0,631
1,4,1,0,64,631,0,631
1,5,1,0,256,631,0,631
1,6,1,0,1024,631,0,631
2,1,1,0,1024,631,0,631
2,2,1,256,256,375,256,631
2,3,1,192,64,55,320,631
2,4,1,96,16,55,208,631
2,5,1,48,4,55,100,631
2,6,1,25,1,6,49,631
1,1,1,0,1,634,0,634
1,2,1,0,4,634,0,634
1,3,1,0,16,634,0,634
1,4,1,0,64,634,0,634
1,5,1,0,256,634,0,634
1,6,1,0,1024,634,0,634
2,1,1,0,1024,634,0,634
2,2,1,256,256,378,256,634
2,3,1,192,64,58,320,634
2,4,1,96,16,58,208,634
2,5,1,48,4,58,100,634
2,6,1,25,1,9,49,634
1,1,1,0,1,637,0,637
1,2,1,0,4,637,0,637
1,3,1,0,16,637,0,637
1,4,1,0,64,637,0,637
1,5,1,0,256,637,0,637
1,6,1,0,1024,637,0,637
2,1,1,0,1024,637,0,637
2,2,1,256,256,381,256,637
2,3,1,192,64,61,320,637
2,4,1,96,16,61,208,637
2,5,1,48,4,61,100,637
2,6,1,25,1,12,49,637
1,1,1,0,1,640,0,640
1,2,1,0,4,640,0,640
1,3,1,0,16,640,0,640
1,4,1,0,64,640,0,640
1,5,1,0,256,640,0,640
1,6,1,0,1024,640,0,640
2,1,1,0,1024,640,0,640
2,2,1,256,256,384,256,640
2,3,1,192,64,64,320,640
2,4,1,96,16,64,208,640
2,5,1,48,4,64,100,640
2,6,1,25,1,15,49,640
1,1,1,0,1,643,0,643
1,2,1,0,4,643,0,643
1,3,1,0,16,643,0,643
1,4,1,0,64,643,0,643
1,5,1,0,256,643,0,643
1,6,1,0,1024,643,0,643
2,1,1,0,1024,643,0,643
2,2,1,256,256,387,256,643
2,3,1,192,64,67,320,643
2,4,1,96,16,67,208,643
2,5,1,48,4,67,100,643
2,6,1,25,1,18,49,643
1,1,1,0,1,646,0,646
1,2,1,0,4,646,0,646
1,3,1,0,16,646,0,646
1,4,1,0,64,646,0,646
1,5,1,0,256,646,0,646
1,6,1,0,1024,646,0,646
2,1,1,0,1024,646,0,646
2,2,1,256,256,390,256,646
2,3,1,192,64,70,320,646
2,4,1,96,16,70,208,646
2,5,1,48,4,70,100,646
2,6,1,25,1,21,49,646
1,1,1,0,1,649,0,649
1,2,1,0,4,649,0,649
1,3,1,0,16,649,0,649
1,4,1,0,64,649,0,649
1,5,1,0,256,649,0,649
1,6,1,0,1024,649,0,649
2,1,1,0,1024,649,0,649
2,2,1,256,256,393,256,649
2,3,1,192,64,73,320,649
2,4,1,96,16,73,208,649
2,5,1,48,4,73,100,649
2,6,1,25,1,24,49,649
1,1,1,0,1,652,0,652
1,2,1,0,4,652,0,652
1,3,1,0,16,652,0,652
1,4,1,0,64,652,0,652
1,5,1,0,256,652,0,652
1,6,1,0,1024,652,0,652
2,1,1,0,1024,652,0,652
2,2,1,256,256,396,256,652
2,3,1,192,64,76,320,652
2,4,1,96,16,76,208,652
2,5,1,48,4,76,100,652
2,6,1,25,1,27,49,652
1,1,1,0,1,655,0,655
1,2,1,0,4,655,0,655
1,3,1,0,16,655,0,655
1,4,1,0,64,655,0,655
1,5,1,0,256,655,0,655
1,6,1,0,1024,655,0,655
2,1,1,0,1024,655,0,655
2,2,1,256,256,399,256,655
2,3,1,192,64,79,320,655
2,4,1,96,16,79,208,655
2,5,1,48,4,79,100,655
2,6,1,25,1,30,49,655
1,1,1,0,1,658,0,658
1,2,1,0,4,658,0,658
1,3,1,0,16,658,0,658
1,4,1,0,64,658,0,658
1,5,1,0,256,658,0,658
1,6,1,0,1024,658,0,658
2,1,1,0,1024,658,0,658
2,2,1,256,256,402,256,658
2,3,1,192,64,82,320,658
2,4,1,96,16,82,208,658
2,5,1,48,4,82,100,658
2,6,1,25,1,33,49,658
1,1,1,0,1,661,0,661
1,2,1,0,4,661,0,661
1,3,1,0,16,661,0,661
1,4,1,0,64,661,0,661
1,5,1,0,256,661,0,661
1,6,1,0,1024,661,0,661
2,1,1,0,1024,661,0,661
2,2,1,256,256,405,256,661
2,3,1,192,64,85,320,661
2,4,1,96,16,85,208,661
2,5,1,48,4,85,100,661
2,6,1,25,1,36,49,661
1,1,1,0,1,664,0,664
1,2,1,0,4,664,0,664
1,3,1,0,16,664,0,664
1,4,1,0,64,664,0,664
1,5,1,0,256,664,0,664
1,6,1,0,1024,664,0,664
2,1,1,0,1024,664,0,664
2,2,1,256,256,408,256,664
2,3,1,192,64,88,320,664
2,4,1,96,16,88,208,664
2,5,1,48,4,88,100,664
2,6,1,25,1,39,49,664
1,1,1,0,1,667,0,667
1,2,1,0,4,667,0,667
1,3,1,0,16,667,0,667
1,4,1,0,64,667,0,667
1,5,1,0,256,667,0,667
1,6,1,0,1024,667,0,667
2,1,1,0,1024,667,0,667
2,2,1,256,256,411,256,667
2,3,1,192,64,91,320,667
2,4,1,96,16,91,208,667
2,5,1,48,4,91,100,667
2,6,1,25,1,42,49,667
1,1,1,0,1,670,0,670
1,2,1,0,4,670,0,670
1,3,1,0,16,670,0,670
1,4,1,0,64,670,0,670
1,5,1,0,256,670,0,670
1,6,1,0,1024,670,0,670
2,1,1,0,1024,670,0,670
2,2,1,256,256,414,256,670
2,3,1,192,64,94,320,670
2,4,1,96,16,94,208,670
2,5,1,48,4,94,100,670
2,6,1,25,1,45,49,670
1,1,1,0,1,673,0,673
1,2,1,0,4,673,0,673
1,3,1,0,16,673,0,673
1,4,1,0,64,673,0,673
1,5,1,0,256,673,0,673
1,6,1,0,1024,673,0,673
2,1,1,0,1024,673,0,673
2,2,1,256,256,417,256,673
2,3,1,192,64,97,320,673
2,4,1,96,16,97,208,673
2,5,1,48,4,97,100,673
2,6,1,25,1,48,49,673
1,1,1,0,1,676,0,676
1,2,1,0,4,676,0,676
1,3,1,0,16,676,0,676
1,4,1,0,64,676,0,676
1,5,1,0,256,676,0,676
1,6,1,0,1024,676,0,676
2,1,1,0,1024,676,0,676
2,2,1,256,256,420,256,676
2,3,1,192,64,100,320,676
2,4,1,96,16,100,208,676
2,5,1,52,4,0,100,676
2,6,1,26,1,0,53,676
1,1,1,0,1,679,0,679
1,2,1,0,4,679,0,679
1,3,1,0,16,679,0,679
1,4,1,0,64,679,0,679
1,5,1,0,256,679,0,679
1,6,1,0,1024,679,0,679
2,1,1,0,1024,679,0,679
2,2,1,256,256,423,256,679
2,3,1,192,64,103,320,679
2,4,1,96,16,103,208,679
2,5,1,52,4,3,100,679
2,6,1,26,1,3,53,679
1,1,1,0,1,682,0,682
1,2,1,0,4,682,0,682
1,3,1,0,16,682,0,682
1,4,1,0,64,682,0,682
1,5,1,0,256,682,0,682
1,6,1,0,1024,682,0,682
2,1,1,0,1024,682,0,682
2,2,1,256,256,426,256,682
2,3,1,192,64,106,320,682
2,4,1,96,16,106,208,682
2,5,1,52,4,6,100,682
2,6,1,26,1,6,53,682
1,1,1,0,1,685,0,685
1,2,1,0,4,685,0,685
1,3,1,0,16,685,0,685
1,4,1,0,64,685,0,685
1,5,1,0,256,685,0,685
1,6,1,0,1024,685,0,685
2,1,1,0,1024,685,0,685
2,2,1,256,256,429,256,685
2,3,1,192,64,109,320,685
2,4,1,96,16,109,208,685
2,5,1,52,4,9,100,685
2,6,1,26,1,9,53,685
1,1,1,0,1,688,0,688
1,2,1,0,4,688,0,688
1,3,1,0,16,688,0,688
1,4,1,0,64,688,0,688
1,5,1,0,256,688,0,688
1,6,1,0,1024,688,0,688
2,1,1,0,1024,688,0,688
2,2,1,256,256,432,256,688
2,3,1,192,64,112,320,688
2,4,1,96,16,112,208,688
2,5,1,52,4,12,100,688
2,6,1,26,1,12,53,688
1,1,1,0,1,691,0,691
1,2,1,0,4,691,0,691
1,3,1,0,16,691,0,691
1,4,1,0,64,691,0,691
1,5,1,0,256,691,0,691
1,6,1,0,1024,691,0,691
2,1,1,0,1024,691,0,691
2,2,1,256,256,435,256,691
2,3,1,192,64,115,320,691
2,4,1,96,16,115,208,691
2,5,1,52,4,15,100,691
2,6,1,26,1,15,53,691
1,1,1,0,1,694,0,694
1,2,1,0,4,694,0,694
1,3,1,0,16,694,0,694
1,4,1,0,64,694,0,694
1,5,1,0,256,694,0,694
1,6,1,0,1024,694,0,694
2,1,1,0,1024,694,0,694
2,2,1,256,256,438,256,694
2,3,1,192,64,118,320,694
2,4,1,96,16,118,208,694
2,5,1,52,4,18,100,694
2,6,1,26,1,18,53,694
1,1,1,0,1,697,0,697
1,2,1,0,4,697,0,697
1,3,1,0,16,697,0,697
1,4,1,0,64,697,0,697
1,5,1,0,256,697,0,697
1,6,1,0,1024,697,0,697
2,1,1,0,1024,697,0,697
2,2,1,256,256,441,256,697
2,3,1,192,64,121,320,697
2,4,1,96,16,121,208,697
2,5,1,52,4,21,100,697
2,6,1,26,1,21,53,697
1,1,1,0,1,700,0,700
1,2,1,0,4,700,0,700
1,3,1,0,16,700,0,700
1,4,1,0,64,700,0,700
1,5,1,0,256,700,0,700
1,6,1,0,1024,700,0,700
2,1,1,0,1024,700,0,700
2,2,1,256,256,444,256,700
2,3,1,192,64,124,320,700
2,4,1,96,16,124,208,700
2,5,1,52,4,24,100,700
2,6,1,26,1,24,53,700
1,1,1,0,1,703,0,703
1,2,1,0,4,703,0,703
1,3,1,0,16,703,0,703
1,4,1,0,64,703,0,703
1,5,1,0,256,703,0,703
1,6,1,0,1024,703,0,703
2,1,1,0,1024,703,0,703
2,2,1,256,256,447,256,703
2,3,1,192,64,127,320,703
2,4,1,96,16,127,208,703
2,5,1,52,4,27,100,703
2,6,1,26,1,27,53,703
1,1,1,0,1,706,0,706
1,2,1,0,4,706,0,706
1,3,1,0,16,706,0,706
1,4,1,0,64,706,0,706
1,5,1,0,256,706,0,706
1,6,1,0,1024,706,0,706
2,1,1,0,1024,706,0,706
2,2,1,256,256,450,256,706
2,3,1,192,64,130,320,706
2,4,1,96,16,130,208,706
2,5,1,52,4,30,100,706
2,6,1,26,1,30,53,706
1,1,1,0,1,709,0,709
1,2,1,0,4,709,0,709
1,3,1,0,16,709,0,709
1,4,1,0,64,709,0,709
1,5,1,0,256,709,0,709
1,6,1,0,1024,709,0,709
2,1,1,0,1024,709,0,709
2,2,1,256,256,453,256,709
2,3,1,192,64,133,320,709
2,4,1,96,16,133,208,709
2,5,1,52,4,33,100,709
2,6,1,26,1,33,53,709
1,1,1,0,1,712,0,712
1,2,1,0,4,712,0,712
1,3,1,0,16,712,0,712
1,4,1,0,64,712,0,712
1,5,1,0,256,712,0,712
1,6,1,0,1024,712,0,712
2,1,1,0,1024,712,0,712
2,2,1,256,256,456,256,712
2,3,1,192,64,136,320,712
2,4,1,96,16,136,208,712
2,5,1,52,4,36,100,712
2,6,1,26,1,36,53,712
1,1,1,0,1,715,0,715
1,2,1,0,4,715,0,715
1,3,1,0,16,715,0,715
1,4,1,0,64,715,0,715
1,5,1,0,256,715,0,715
1,6,1,0,1024,715,0,715
2,1,1,0,1024,715,0,715
2,2,1,256,256,459,256,715
2,3,1,192,64,139,320,715
2,4,1,96,16,139,208,715
2,5,1,52,4,39,100,715
2,6,1,26,1,39,53,715
1,1,1,0,1,718,0,718
1,2,1,0,4,718,0,718
1,3,1,0,16,718,0,718
1,4,1,0,64,718,0,718
1,5,1,0,256,718,0,718
1,6,1,0,1024,718,0,718
2,1,1,0,1024,718,0,718
2,2,1,256,256,462,256,718
2,3,1,192,64,142,320,718
2,4,1,96,16,142,208,718
2,5,1,52,4,42,100,718
2,6,1,26,1,42,53,718
1,1,1,0,1,721,0,721
1,2,1,0,4,721,0,721
1,3,1,0,16,721,0,721
1,4,1,0,64,721,0,721
1,5,1,0,256,721,0,721
1,6,1,0,1024,721,0,721
2,1,1,0,1024,721,0,721
2,2,1,256,256,465,256,721
2,3,1,192,64,145,320,721
2,4,1,96,16,145,208,721
2,5,1,52,4,45,100,721
2,6,1,26,1,45,53,721
1,1,1,0,1,724,0,724
1,2,1,0,4,724,0,724
1,3,1,0,16,724,0,724
1,4,1,0,64,724,0,724
1,5,1,0,256,724,0,724
1,6,1,0,1024,724,0,724
2,1,1,0,1024,724,0,724
2,2,1,256,256,468,256,724
2,3,1,192,64,148,320,724
2,4,1,96,16,148,208,724
2,5,1,52,4,48,100,724
2,6,1,26,1,48,53,724
1,1,1,0,1,727,0,727
1,2,1,0,4,727,0,727
1,3,1,0,16,727,0,727
1,4,1,0,64,727,0,727
1,5,1,0,256,727,0,727
1,6,1,0,1024,727,0,727
2,1,1,0,1024,727,0,727
2,2,1,256,256,471,256,727
2,3,1,192,64,151,320,727
2,4,1,96,16,151,208,727
2,5,1,52,4,51,100,727
2,6,1,26,1,51,53,727
1,1,1,0,1,730,0,730
1,2,1,0,4,730,0,730
1,3,1,0,16,730,0,730
1,4,1,0,64,730,0,730
1,5,1,0,256,730,0,730
1,6,1,0,1024,730,0,730
2,1,1,0,1024,730,0,730
2,2,1,256,256,474,256,730
2,3,1,192,64,154,320,730
2,4,1,96,16,154,208,730
2,5,1,52,4,54,100,730
2,6,1,27,1,1,53,730
1,1,1,0,1,733,0,733
1,2,1,0,4,733,0,733
1,3,1,0,16,733,0,733
1,4,1,0,64,733,0,733
1,5,1,0,256,733,0,733
1,6,1,0,1024,733,0,733
2,1,1,0,1024,733,0,733
2,2,1,256,256,477,256,733
2,3,1,192,64,157,320,733
2,4,1,96,16,157,208,733
2,5,1,52,4,57,100,733
2,6,1,27,1,4,53,733
1,1,1,0,1,736,0,736
1,2,1,0,4,736,0,736
1,3,1,0,16,736,0,736
1,4,1,0,64,736,0,736
1,5,1,0,256,736,0,736
1,6,1,0,1024,736,0,736
2,1,1,0,1024,736,0,736
2,2,1,256,256,480,256,736
2,3,1,192,64,160,320,736
2,4,1,96,16,160,208,736
2,5,1,52,4,60,100,736
2,6,1,27,1,7,53,736
1,1,1,0,1,739,0,739
1,2,1,0,4,739,0,739
1,3,1,0,16,739,0,739
1,4,1,0,64,739,0,739
1,5,1,0,256,739,0,739
1,6,1,0,1024,739,0,739
2,1,1,0,1024,739,0,739
2,2,1,256,256,483,256,739
2,3,1,192,64,163,320,739
2,4,1,96,16,163,208,739
2,5,1,52,4,63,100,739
2,6,1,27,1,10,53,739
1,1,1,0,1,742,0,742
1,2,1,0,4,742,0,742
1,3,1,0,16,742,0,742
1,4,1,0,64,742,0,742
1,5,1,0,256,742,0,742
1,6,1,0,1024,742,0,742
2,1,1,0,1024,742,0,742
2,2,1,256,256,486,256,742
2,3,1,192,64,166,320,742
2,4,1,96,16,166,208,742
2,5,1,52,4,66,100,742
2,6,1,27,1,13,53,742
1,1,1,0,1,745,0,745
1,2,1,0,4,745,0,745
1,3,1,0,16,745,0,745
1,4,1,0,64,745,0,745
1,5,1,0,256,745,0,745
1,6,1,0,1024,745,0,745
2,1,1,0,1024,745,0,745
2,2,1,256,256,489,256,745
2,3,1,192,64,169,320,745
2,4,1,96,16,169,208,745
2,5,1,52,4,69,100,745
2,6,1,27,1,16,53,745
1,1,1,0,1,748,0,748
1,2,1,0,4,748,0,748
1,3,1,0,16,748,0,748
1,4,1,0,64,748,0,748
1,5,1,0,256,748,0,748
1,6,1,0,1024,748,0,748
2,1,1,0,1024,748,0,748
2,2,1,256,256,492,256,748
2,3,1,192,64,172,320,748
2,4,1,96,16,172,208,748
2,5,1,52,4,72,100,748
2,6,1,27,1,19,53,748
1,1,1,0,1,751,0,751
1,2,1,0,4,751,0,751
1,3,1,0,16,751,0,751
1,4,1,0,64,751,0,751
1,5,1,0,256,751,0,751
1,6,1,0,1024,751,0,751
2,1,1,0,1024,751,0,751
2,2,1,256,256,495,256,751
2,3,1,192,64,175,320,751
2,4,1,96,16,175,208,751
2,5,1,52,4,75,100,751
2,6,1,27,1,22,53,751
1,1,1,0,1,754,0,754
1,2,1,0,4,754,0,754
1,3,1,0,16,754,0,754
1,4,1,0,64,754,0,754
1,5,1,0,256,754,0,754
1,6,1,0,1024,754,0,754
2,1,1,0,1024,754,0,754
2,2,1,256,256,498,256,754
2,3,1,192,64,178,320,754
2,4,1,96,16,178,208,754
2,5,1,52,4,78,100,754
2,6,1,27,1,25,53,754
1,1,1,0,1,757,0,757
1,2,1,0,4,757,0,757
1,3,1,0,16,757,0,757
1,4,1,0,64,757,0,757
1,5,1,0,256,757,0,757
1,6,1,0,1024,757,0,757
2,1,1,0,1024,757,0,757
2,2,1,256,256,501,256,757
2,3,1,192,64,181,320,757
2,4,1,96,16,181,208,757
2,5,1,52,4,81,100,757
2,6,1,27,1,28,53,757
1,1,1,0,1,760,0,760
1,2,1,0,4,760,0,760
1,3,1,0,16,760,0,760
1,4,1,0,64,760,0,760
1,5,1,0,256,760,0,760
1,6,1,0,1024,760,0,760
2,1,1,0,1024,760,0,760
2,2,1,256,256,504,256,760
2,3,1,192,64,184,320,760
2,4,1,96,16,184,208,760
2,5,1,52,4,84,100,760
2,6,1,27,1,31,53,760
1,1,1,0,1,763,0,763
1,2,1,0,4,763,0,763
1,3,1,0,16,763,0,763
1,4,1,0,64,763,0,763
1,5,1,0,256,763,0,763
1,6,1,0,1024,763,0,763
2,1,1,0,1024,763,0,763
2,2,1,256,256,507,256,763
2,3,1,192,64,187,320,763
2,4,1,96,16,187,208,763
2,5,1,52,4,87,100,763
2,6,1,27,1,34,53,763
1,1,1,0,1,766,0,766
1,2,1,0,4,766,0,766
1,3,1,0,16,766,0,766
1,4,1,0,64,766,0,766
1,5,1,0,256,766,0,766
1,6,1,0,1024,766,0,766
2,1,1,0,1024,766,0,766
2,2,1,256,256,510,256,766
2,3,1,192,64,190,320,766
2,4,1,96,16,190,208,766
2,5,1,52,4,90,100,766
2,6,1,27,1,37,53,766
1,1,1,0,1,769,0,769
1,2,1,0,4,769,0,769
1,3,1,0,16,769,0,769
1,4,1,0,64,769,0,769
1,5,1,0,256,769,0,769
1,6,1,0,1024,769,0,769
2,1,1,0,1024,769,0,769
2,2,1,256,256,513,256,769
2,3,1,192,64,193,320,769
2,4,1,96,16,193,208,769
2,5,1,52,4,93,100,769
2,6,1,27,1,40,53,769
1,1,1,0,1,772,0,772
1,2,1,0,4,772,0,772
1,3,1,0,16,772,0,772
1,4,1,0,64,772,0,772
1,5,1,0,256,772,0,772
1,6,1,0,1024,772,0,772
2,1,1,0,1024,772,0,772
2,2,1,256,256,516,256,772
2,3,1,192,64,196,320,772
2,4,1,96,16,196,208,772
2,5,1,52,4,96,100,772
2,6,1,27,1,43,53,772
1,1,1,0,1,775,0,775
1,2,1,0,4,775,0,775
1,3,1,0,16,775,0,775
1,4,1,0,64,775,0,775
1,5,1,0,256,775,0,775
1,6,1,0,1024,775,0,775
2,1,1,0,1024,775,0,775
2,2,1,256,256,519,256,775
2,3,1,192,64,199,320,775
2,4,1,96,16,199,208,775
2,5,1,52,4,99,100,775
2,6,1,27,1,46,53,775
1,1,1,0,1,778,0,778
1,2,1,0,4,778,0,778
1,3,1,0,16,778,0,778
1,4,1,0,64,778,0,778
1,5,1,0,256,778,0,778
1,6,1,0,1024,778,0,778
2,1,1,0,1024,778,0,778
2,2,1,256,256,522,256,778
2,3,1,192,64,202,320,778
2,4,1,96,16,202,208,778
2,5,1,52,4,102,100,778
2,6,1,27,1,49,53,778
1,1,1,0,1,781,0,781
1,2,1,0,4,781,0,781
1,3,1,0,16,781,0,781
1,4,1,0,64,781,0,781
1,5,1,0,256,781,0,781
1,6,1,0,1024,781,0,781
2,1,1,0,1024,781,0,781
2,2,1,256,256,525,256,781
2,3,1,192,64,205,320,781
2,4,1,96,16,205,208,781
2,5,1,52,4,105,100,781
2,6,1,27,1,52,53,781
1,1,1,0,1,784,0,784
1,2,1,0,4,784,0,784
1,3,1,0,16,784,0,784
1,4,1,0,64,784,0,784
1,5,1,0,256,784,0,784
1,6,1,0,1024,784,0,784
2,1,1,0,1024,784,0,784
2,2,1,256,256,528,256,784
2,3,1,192,64,208,320,784
2,4,1,112,16,0,208,784
2,5,1,56,4,0,116,784
2,6,1,28,1,0,57,784
1,1,1,0,1,787,0,787
1,2,1,0,4,787,0,787
1,3,1,0,16,787,0,787
1,4,1,0,64,787,0,787
1,5,1,0,256,787,0,787
1,6,1,0,1024,787,0,787
2,1,1,0,1024,787,0,787
2,2,1,256,256,531,256,787
2,3,1,192,64,211,320,787
2,4,1,112,16,3,208,787
2,5,1,56,4,3,116,787
2,6,1,28,1,3,57,787
1,1,1,0,1,790,0,790
1,2,1,0,4,790,0,790
1,3,1,0,16,790,0,790
1,4,1,0,64,790,0,790
1,5,1,0,256,790,0,790
1,6,1,0,1024,790,0,790
2,1,1,0,1024,790,0,790
2,2,1,256,256,534,256,790
2,3,1,192,64,214,320,790
2,4,1,112,16,6,208,790
2,5,1,56,4,6,116,790
2,6,1,28,1,6,57,790
1,1,1,0,1,793,0,793
1,2,1,0,4,793,0,793
1,3,1,0,16,793,0,793
1,4,1,0,64,793,0,793
1,5,1,0,256,793,0,793
1,6,1,0,1024,793,0,793
2,1,1,0,1024,793,0,793
2,2,1,256,256,537,256,793
2,3,1,192,64,217,320,793
2,4,1,112,16,9,208,793
2,5,1,56,4,9,116,793
2,6,1,28,1,9,57,793
1,1,1,0,1,796,0,796
1,2,1,0,4,796,0,796
1,3,1,0,16,796,0,796
1,4,1,0,64,796,0,796
1,5,1,0,256,796,0,796
1,6,1,0,1024,796,0,796
2,1,1,0,1024,796,0,796
2,2,1,256,256,540,256,796
2,3,1,192,64,220,320,796
2,4,1,112,16,12,208,796
2,5,1,56,4,12,116,796
2,6,1,28,1,12,57,796
1,1,1,0,1,799,0,799
1,2,1,0,4,799,0,799
1,3,1,0,16,799,0,799
1,4,1,0,64,799,0,799
1,5,1,0,256,799,0,799
1,6,1,0,1024,799,0,799
2,1,1,0,1024,799,0,799
2,2,1,256,256,543,256,799
2,3,1,192,64,223,320,799
2,4,1,112,16,15,208,799
2,5,1,56,4,15,116,799
2,6,1,28,1,15,57,799
1,1,1,0,1,802,0,802
1,2,1,0,4,802,0,802
1,3,1,0,16,802,0,802
1,4,1,0,64,802,0,802
1,5,1,0,256,802,0,802
1,6,1,0,1024,802,0,802
2,1,1,0,1024,802,0,802
2,2,1,256,256,546,256,802
2,3,1,192,64,226,320,802
2,4,1,112,16,18,208,802
2,5,1,56,4,18,116,802
2,6,1,28,1,18,57,802
1,1,1,0,1,805,0,805
1,2,1,0,4,805,0,805
1,3,1,0,16,805,0,805
1,4,1,0,64,805,0,805
1,5,1,0,256,805,0,805
1,6,1,0,1024,805,0,805
2,1,1,0,1024,805,0,805
2,2,1,256,256,549,256,805
2,3,1,192,64,229,320,805
2,4,1,112,16,21,208,805
2,5,1,56,4,21,116,805
2,6,1,28,1,21,57,805
1,1,1,0,1,808,0,808
1,2,1,0,4,808,0,808
1,3,1,0,16,808,0,808
1,4,1,0,64,808,0,808
1,5,1,0,256,808,0,808
1,6,1,0,1024,808,0,808
2,1,1,0,1024,808,0,808
2,2,1,256,256,552,256,808
2,3,1,192,64,232,320,808
2,4,1,112,16,24,208,808
2,5,1,56,4,24,116,808
2,6,1,28,1,24,57,808
1,1,1,0,1,811,0,811
1,2,1,0,4,811,0,811
1,3,1,0,16,811,0,811
1,4,1,0,64,811,0,811
1,5,1,0,256,811,0,811
1,6,1,0,1024,811,0,811
2,1,1,0,1024,811,0,811
2,2,1,256,256,555,256,811
2,3,1,192,64,235,320,811
2,4,1,112,16,27,208,811
2,5,1,56,4,27,116,811
2,6,1,28,1,27,57,811
1,1,1,0,1,814,0,814
1,2,1,0,4,814,0,814
1,3,1,0,16,814,0,814
1,4,1,0,64,814,0,814
1,5,1,0,256,814,0,814
1,6,1,0,1024,814,0,814
2,1,1,0,1024,814,0,814
2,2,1,256,256,558,256,814
2,3,1,192,64,238,320,814
2,4,1,112,16,30,208,814
2,5,1,56,4,30,116,814
2,6,1,28,1,30,57,814
1,1,1,0,1,817,0,817
1,2,1,0,4,817,0,817
1,3,1,0,16,817,0,817
1,4,1,0,64,817,0,817
1,5,1,0,256,817,0,817
1,6,1,0,1024,817,0,817
2,1,1,0,1024,817,0,817
2,2,1,256,256,561,256,817
2,3,1,192,64,241,320,817
2,4,1,112,16,33,208,817
2,5,1,56,4,33,116,817
2,6,1,28,1,33,57,817
1,1,1,0,1,820,0,820
1,2,1,0,4,820,0,820
1,3,1,0,16,820,0,820
1,4,1,0,64,820,0,820
1,5,1,0,256,820,0,820
1,6,1,0,1024,820,0,820
2,1,1,0,1024,820,0,820
2,2,1,256,256,564,256,820
2,3,1,192,64,244,320,820
2,4,1,112,16,36,208,820
2,5,1,56,4,36,116,820
2,6,1,28,1,36,57,820
1,1,1,0,1,823,0,823
1,2,1,0,4,823,0,823
1,3,1,0,16,823,0,823
1,4,1,0,64,823,0,823
1,5,1,0,256,823,0,823
1,6,1,0,1024,823,0,823
2,1,1,0,1024,823,0,823
2,2,1,256,256,567,256,823
2,3,1,192,64,247,320,823
2,4,1,112,16,39,208,823
2,5,1,56,4,39,116,823
2,6,1,28,1,39,57,823
1,1,1,0,1,826,0,826
1,2,1,0,4,826,0,826
1,3,1,0,16,826,0,826
1,4,1,0,64,826,0,826
1,5,1,0,256,826,0,826
1,6,1,0,1024,826,0,826
2,1,1,0,1024,826,0,826
2,2,1,256,256,570,256,826
2,3,1,192,64,250,320,826
2,4,1,112,16,42,208,826
2,5,1,56,4,42,116,826
2,6,1,28,1,42,57,826
1,1,1,0,1,829,0,829
1,2,1,0,4,829,0,829
1,3,1,0,16,829,0,829
1,4,1,0,64,829,0,829
1,5,1,0,256,829,0,829
1,6,1,0,1024,829,0,829
2,1,1,0,1024,829,0,829
2,2,1,256,256,573,256,829
2,3,1,192,64,253,320,829
2,4,1,112,16,45,208,829
2,5,1,56,4,45,116,829
2,6,1,28,1,45,57,829
1,1,1,0,1,832,0,832
1,2,1,0,4,832,0,832
1,3,1,0,16,832,0,832
1,4,1,0,64,832,0,832
1,5,1,0,256,832,0,832
1,6,1,0,1024,832,0,832
2,1,1,0,1024,832,0,832
2,2,1,256,256,576,256,832
2,3,1,192,64,256,320,832
2,4,1,112,16,48,208,832
2,5,1,56,4,48,116,832
2,6,1,28,1,48,57,832
1,1,1,0,1,835,0,835
1,2,1,0,4,835,0,835
1,3,1,0,16,835,0,835
1,4,1,0,64,835,0,835
1,5,1,0,256,835,0,835
1,6,1,0,1024,835,0,835
2,1,1,0,1024,835,0,835
2,2,1,256,256,579,256,835
2,3,1,192,64,259,320,835
2,4,1,112,16,51,208,835
2,5,1,56,4,51,116,835
2,6,1,28,1,51,57,835
1,1,1,0,1,838,0,838
1,2,1,0,4,838,0,838
1,3,1,0,16,838,0,838
1,4,1,0,64,838,0,838
1,5,1,0,256,838,0,838
1,6,1,0,1024,838,0,838
2,1,1,0,1024,838,0,838
2,2,1,256,256,582,256,838
2,3,1,192,64,262,320,838
2,4,1,112,16,54,208,838
2,5,1,56,4,54,116,838
2,6,1,28,1,54,57,838
1,1,1,0,1,841,0,841
1,2,1,0,4,841,0,841
1,3,1,0,16,841,0,841
1,4,1,0,64,841,0,841
1,5,1,0,256,841,0,841
1,6,1,0,1024,841,0,841
2,1,1,0,1024,841,0,841
2,2,1,256,256,585,256,841
2,3,1,192,64,265,320,841
2,4,1,112,16,57,208,841
2,5,1,56,4,57,116,841
2,6,1,29,1,0,57,841
1,1,1,0,1,844,0,844
1,2,1,0,4,844,0,844
1,3,1,0,16,844,0,844
1,4,1,0,64,844,0,844
1,5,1,0,256,844,0,844
1,6,1,0,1024,844,0,844
2,1,1,0,1024,844,0,844
2,2,1,256,256,588,256,844
2,3,1,192,64,268,320,844
2,4,1,112,16,60,208,844
2,5,1,56,4,60,116,844
2,6,1,29,1,3,57,844
1,1,1,0,1,847,0,847
1,2,1,0,4,847,0,847
1,3,1,0,16,847,0,847
1,4,1,0,64,847,0,847
1,5,1,0,256,847,0,847
1,6,1,0,1024,847,0,847
2,1,1,0,1024,847,0,847
2,2,1,256,256,591,256,847
2,3,1,192,64,271,320,847
2,4,1,112,16,63,208,847
2,5,1,56,4,63,116,847
2,6,1,29,1,6,57,847
1,1,1,0,1,850,0,850
1,2,1,0,4,850,0,850
1,3,1,0,16,850,0,850
1,4,1,0,64,850,0,850
1,5,1,0,256,850,0,850
1,6,1,0,1024,850,0,850
2,1,1,0,1024,850,0,850
2,2,1,256,256,594,256,850
2,3,1,192,64,274,320,850
2,4,1,112,16,66,208,850
2,5,1,56,4,66,116,850
2,6,1,29,1,9,57,850
1,1,1,0,1,853,0,853
1,2,1,0,4,853,0,853
1,3,1,0,16,853,0,853
1,4,1,0,64,853,0,853
1,5,1,0,256,853,0,853
1,6,1,0,1024,853,0,853
2,1,1,0,1024,853,0,853
2,2,1,256,256,597,256,853
2,3,1,192,64,277,320,853
2,4,1,112,16,69,208,853
2,5,1,56,4,69,116,853
2,6,1,29,1,12,57,853
1,1,1,0,1,856,0,856
1,2,1,0,4,856,0,856
1,3,1,0,16,856,0,856
1,4,1,0,64,856,0,856
1,5,1,0,256,856,0,856
1,6,1,0,1024,856,0,856
2,1,1,0,1024,856,0,856
2,2,1,256,256,600,256,856
2,3,1,192,64,280,320,856
2,4,1,112,16,72,208,856
2,5,1,56,4,72,116,856
2,6,1,29,1,15,57,856
1,1,1,0,1,859,0,859
1,2,1,0,4,859,0,859
1,3,1,0,16,859,0,859
1,4,1,0,64,859,0,859
1,5,1,0,256,859,0,859
1,6,1,0,1024,859,0,859
2,1,1,0,1024,859,0,859
2,2,1,256,256,603,256,859
2,3,1,192,64,283,320,859
2,4,1,112,16,75,208,859
2,5,1,56,4,75,116,859
2,6,1,29,1,18,57,859
1,1,1,0,1,862,0,862
1,2,1,0,4,862,0,862
1,3,1,0,16,862,0,862
1,4,1,0,64,862,0,862
1,5,1,0,256,862,0,862
1,6,1,0,1024,862,0,862
2,1,1,0,1024,862,0,862
2,2,1,256,256,606,256,862
2,3,1,192,64,286,320,862
2,4,1,112,16,78,208,862
2,5,1,56,4,78,116,862
2,6,1,29,1,21,57,862
1,1,1,0,1,865,0,865
1,2,1,0,4,865,0,865
1,3,1,0,16,865,0,865
1,4,1,0,64,865,0,865
1,5,1,0,256,865,0,865
1,6,1,0,1024,865,0,865
2,1,1,0,1024,865,0,865
2,2,1,256,256,609,256,865
2,3,1,192,64,289,320,865
2,4,1,112,16,81,208,865
2,5,1,56,4,81,116,865
2,6,1,29,1,24,57,865
1,1,1,0,1,868,0,868
1,2,1,0,4,868,0,868
1,3,1,0,16,868,0,868
1,4,1,0,64,868,0,868
1,5,1,0,256,868,0,868
1,6,1,0,1024,868,0,868
2,1,1,0,1024,868,0,868
2,2,1,256,256,612,256,868
2,3,1,192,64,292,320,868
2,4,1,112,16,84,208,868
2,5,1,56,4,84,116,868
2,6,1,29,1,27,57,868
1,1,1,0,1,871,0,871
1,2,1,0,4,871,0,871
1,3,1,0,16,871,0,871
1,4,1,0,64,871,0,871
1,5,1,0,256,871,0,871
1,6,1,0,1024,871,0,871
2,1,1,0,1024,871,0,871
2,2,1,256,256,615,256,871
2,3,1,192,64,295,320,871
2,4,1,112,16,87,208,871
2,5,1,56,4,87,116,871
2,6,1,29,1,30,57,871
1,1,1,0,1,874,0,874
1,2,1,0,4,874,0,874
1,3,1,0,16,874,0,874
1,4,1,0,64,874,0,874
1,5,1,0,256,874,0,874
1,6,1,0,1024,874,0,874
2,1,1,0,1024,874,0,874
2,2,1,256,256,618,256,874
2,3,1,192,64,298,320,874
2,4,1,112,16,90,208,874
2,5,1,56,4,90,116,874
2,6,1,29,1,33,57,874
1,1,1,0,1,877,0,877
1,2,1,0,4,877,0,877
1,3,1,0,16,877,0,877
1,4,1,0,64,877,0,877
1,5,1,0,256,877,0,877
1,6,1,0,1024,877,0,877
2,1,1,0,1024,877,0,877
2,2,1,256,256,621,256,877
2,3,1,192,64,301,320,877
2,4,1,112,16,93,208,877
2,5,1,56,4,93,116,877
2,6,1,29,1,36,57,877
1,1,1,0,1,880,0,880
1,2,1,0,4,880,0,880
1,3,1,0,16,880,0,880
1,4,1,0,64,880,0,880
1,5,1,0,256,880,0,880
1,6,1,0,1024,880,0,880
2,1,1,0,1024,880,0,880
2,2,1,256,256,624,256,880
2,3,1,192,64,304,320,880
2,4,1,112,16,96,208,880
2,5,1,56,4,96,116,880
2,6,1,29,1,39,57,880
1,1,1,0,1,883,0,883
1,2,1,0,4,883,0,883
1,3,1,0,16,883,0,883
1,4,1,0,64,883,0,883
1,5,1,0,256,883,0,883
1,6,1,0,1024,883,0,883
2,1,1,0,1024,883,0,883
2,2,1,256,256,627,256,883
2,3,1,192,64,307,320,883
2,4,1,112,16,99,208,883
2,5,1,56,4,99,116,883
2,6,1,29,1,42,57,883
1,1,1,0,1,886,0,886
1,2,1,0,4,886,0,886
1,3,1,0,16,886,0,886
1,4,1,0,64,886,0,886
1,5,1,0,256,886,0,886
1,6,1,0,1024,886,0,886
2,1,1,0,1024,886,0,886
2,2,1,256,256,630,256,886
2,3,1,192,64,310,320,886
2,4,1,112,16,102,208,886
2,5,1,56,4,102,116,886
2,6,1,29,1,45,57,886
1,1,1,0,1,889,0,889
1,2,1,0,4,889,0,889
1,3,1,0,16,889,0,889
1,4,1,0,64,889,0,889
1,5,1,0,256,889,0,889
1,6,1,0,1024,889,0,889
2,1,1,0,1024,889,0,889
2,2,1,256,256,633,256,889
2,3,1,192,64,313,320,889
2,4,1,112,16,105,208,889
2,5,1,56,4,105,116,889
2,6,1,29,1,48,57,889
1,1,1,0,1,892,0,892
1,2,1,0,4,892,0,892
1,3,1,0,16,892,0,892
1,4,1,0,64,892,0,892
1,5,1,0,256,892,0,892
1,6,1,0,1024,892,0,892
2,1,1,0,1024,892,0,892
2,2,1,256,256,636,256,892
2,3,1,192,64,316,320,892
2,4,1,112,16,108,208,892
2,5,1,56,4,108,116,892
2,6,1,29,1,51,57,892
1,1,1,0,1,895,0,895
1,2,1,0,4,895,0,895
1,3,1,0,16,895,0,895
1,4,1,0,64,895,0,895
1,5,1,0,256,895,0,895
1,6,1,0,1024,895,0,895
2,1,1,0,1024,895,0,895
2,2,1,256,256,639,256,895
2,3,1,192,64,319,320,895
2,4,1,112,16,111,208,895
2,5,1,56,4,111,116,895
2,6,1,29,1,54,57,895
1,1,1,0,1,898,0,898
1,2,1,0,4,898,0,898
1,3,1,0,16,898,0,898
1,4,1,0,64,898,0,898
1,5,1,0,256,898,0,898
1,6,1,0,1024,898,0,898
2,1,1,0,1024,898,0,898
2,2,1,256,256,642,256,898
2,3,1,192,64,322,320,898
2,4,1,112,16,114,208,898
2,5,1,56,4,114,116,898
2,6,1,29,1,57,57,898
1,1,1,0,1,901,0,901
1,2,1,0,4,901,0,901
1,3,1,0,16,901,0,901
1,4,1,0,64,901,0,901
1,5,1,0,256,901,0,901
1,6,1,0,1024,901,0,901
2,1,1,0,1024,901,0,901
2,2,1,256,256,645,256,901
2,3,1,192,64,325,320,901
2,4,1,112,16,117,208,901
2,5,1,60,4,1,116,901
2,6,1,30,1,1,61,901
1,1,1,0,1,904,0,904
1,2,1,0,4,904,0,904
1,3,1,0,16,904,0,904
1,4,1,0,64,904,0,904
1,5,1,0,256,904,0,904
1,6,1,0,1024,904,0,904
2,1,1,0,1024,904,0,904
2,2,1,256,256,648,256,904
2,3,1,192,64,328,320,904
2,4,1,112,16,120,208,904
2,5,1,60,4,4,116,904
2,6,1,30,1,4,61,904
1,1,1,0,1,907,0,907
1,2,1,0,4,907,0,907
1,3,1,0,16,907,0,907
1,4,1,0,64,907,0,907
1,5,1,0,256,907,0,907
1,6,1,0,1024,907,0,907
2,1,1,0,1024,907,0,907
2,2,1,256,256,651,256,907
2,3,1,192,64,331,320,907
2,4,1,112,16,123,208,907
2,5,1,60,4,7,116,907
2,6,1,30,1,7,61,907
1,1,1,0,1,910,0,910
1,2,1,0,4,910,0,910
1,3,1,0,16,910,0,910
1,4,1,0,64,910,0,910
1,5,1,0,256,910,0,910
1,6,1,0,1024,910,0,910
2,1,1,0,1024,910,0,910
2,2,1,256,256,654,256,910
2,3,1,192,64,334,320,910
2,4,1,112,16,126,208,910
2,5,1,60,4,10,116,910
2,6,1,30,1,10,61,910
1,1,1,0,1,913,0,913
1,2,1,0,4,913,0,913
1,3,1,0,16,913,0,913
1,4,1,0,64,913,0,913
1,5,1,0,256,913,0,913
1,6,1,0,1024,913,0,913
2,1,1,0,1024,913,0,913
2,2,1,256,256,657,256,913
2,3,1,192,64,337,320,913
2,4,1,112,16,129,208,913
2,5,1,60,4,13,116,913
2,6,1,30,1,13,61,913
1,1,1,0,1,916,0,916
1,2,1,0,4,916,0,916
1,3,1,0,16,916,0,916
1,4,1,0,64,916,0,916
1,5,1,0,256,916,0,916
1,6,1,0,1024,916,0,916
2,1,1,0,1024,916,0,916
2,2,1,256,256,660,256,916
2,3,1,192,64,340,320,916
2,4,1,112,16,132,208,916
2,5,1,60,4,16,116,916
2,6,1,30,1,16,61,916
1,1,1,0,1,919,0,919
1,2,1,0,4,919,0,919
1,3,1,0,16,919,0,919
1,4,1,0,64,919,0,919
1,5,1,0,256,919,0,919
1,6,1,0,1024,919,0,919
2,1,1,0,1024,919,0,919
2,2,1,256,256,663,256,919
2,3,1,192,64,343,320,919
2,4,1,112,16,135,208,919
2,5,1,60,4,19,116,919
2,6,1,30,1,19,61,919
1,1,1,0,1,922,0,922
1,2,1,0,4,922,0,922
1,3,1,0,16,922,0,922
1,4,1,0,64,922,0,922
1,5,1,0,256,922,0,922
1,6,1,0,1024,922,0,922
2,1,1,0,1024,922,0,922
2,2,1,256,256,666,256,922
2,3,1,192,64,346,320,922
2,4,1,112,16,138,208,922
2,5,1,60,4,22,116,922
2,6,1,30,1,22,61,922
1,1,1,0,1,925,0,925
1,2,1,0,4,925,0,925
1,3,1,0,16,925,0,925
1,4,1,0,64,925,0,925
1,5,1,0,256,925,0,925
1,6,1,0,1024,925,0,925
2,1,1,0,1024,925,0,925
2,2,1,256,256,669,256,925
2,3,1,192,64,349,320,925
2,4,1,112,16,141,208,925
2,5,1,60,4,25,116,925
2,6,1,30,1,25,61,925
1,1,1,0,1,928,0,928
1,2,1,0,4,928,0,928
1,3,1,0,16,928,0,928
1,4,1,0,64,928,0,928
1,5,1,0,256,928,0,928
1,6,1,0,1024,928,0,928
2,1,1,0,1024,928,0,928
2,2,1,256,256,672,256,928
2,3,1,192,64,352,320,928
2,4,1,112,16,144,208,928
2,5,1,60,4,28,116,928
2,6,1,30,1,28,61,928
1,1,1,0,1,931,0,931
1,2,1,0,4,931,0,931
1,3,1,0,16,931,0,931
1,4,1,0,64,931,0,931
1,5,1,0,256,931,0,931
1,6,1,0,1024,931,0,931
2,1,1,0,1024,931,0,931
2,2,1,256,256,675,256,931
2,3,1,192,64,355,320,931
2,4,1,112,16,147,208,931
2,5,1,60,4,31,116,931
2,6,1,30,1,31,61,931
1,1,1,0,1,934,0,934
1,2,1,0,4,934,0,934
1,3,1,0,16,934,0,934
1,4,1,0,64,934,0,934
1,5,1,0,256,934,0,934
1,6,1,0,1024,934,0,934
2,1,1,0,1024,934,0,934
2,2,1,256,256,678,256,934
2,3,1,192,64,358,320,934
2,4,1,112,16,150,208,934
2,5,1,60,4,34,116,934
2,6,1,30,1,34,61,934
1,1,1,0,1,937,0,937
1,2,1,0,4,937,0,937
1,3,1,0,16,937,0,937
1,4,1,0,64,937,0,937
1,5,1,0,256,937,0,937
1,6,1,0,1024,937,0,937
2,1,1,0,1024,937,0,937
2,2,1,256,256,681,256,937
2,3,1,192,64,361,320,937
2,4,1,112,16,153,208,937
2,5,1,60,4,37,116,937
2,6,1,30,1,37,61,937
1,1,1,0,1,940,0,940
1,2,1,0,4,940,0,940
1,3,1,0,16,940,0,940
1,4,1,0,64,940,0,940
1,5,1,0,256,940,0,940
1,6,1,0,1024,940,0,940
2,1,1,0,1024,940,0,940
2,2,1,256,256,684,256,940
2,3,1,192,64,364,320,940
2,4,1,112,16,156,208,940
2,5,1,60,4,40,116,940
2,6,1,30,1,40,61,940
1,1,1,0,1,943,0,943
1,2,1,0,4,943,0,943
1,3,1,0,16,943,0,943
1,4,1,0,64,943,0,943
1,5,1,0,256,943,0,943
1,6,1,0,1024,943,0,943
2,1,1,0,1024,943,0,943
2,2,1,256,256,687,256,943
2,3,1,192,64,367,320,943
2,4,1,112,16,159,208,943
2,5,1,60,4,43,116,943
2,6,1,30,1,43,61,943
1,1,1,0,1,946,0,946
1,2,1,0,4,946,0,946
1,3,1,0,16,946,0,946
1,4,1,0,64,946,0,946
1,5,1,0,256,946,0,946
1,6,1,0,1024,946,0,946
2,1,1,0,1024,946,0,946
2,2,1,256,256,690,256,946
2,3,1,192,64,370,320,946
2,4,1,112,16,162,208,946
2,5,1,60,4,46,116,946
2,6,1,30,1,46,61,946
1,1,1,0,1,949,0,949
1,2,1,0,4,949,0,949
1,3,1,0,16,949,0,949
1,4,1,0,64,949,0,949
1,5,1,0,256,949,0,949
1,6,1,0,1024,949,0,949
2,1,1,0,1024,949,0,949
2,2,1,256,256,693,256,949
2,3,1,192,64,373,320,949
2,4,1,112,16,165,208,949
2,5,1,60,4,49,116,949
2,6,1,30,1,49,61,949
1,1,1,0,1,952,0,952
1,2,1,0,4,952,0,952
1,3,1,0,16,952,0,952
1,4,1,0,64,952,0,952
1,5,1,0,256,952,0,952
1,6,1,0,1024,952,0,952
2,1,1,0,1024,952,0,952
2,2,1,256,256,696,256,952
2,3,1,192,64,376,320,952
2,4,1,112,16,168,208,952
2,5,1,60,4,52,116,952
2,6,1,30,1,52,61,952
1,1,1,0,1,955,0,955
1,2,1,0,4,955,0,955
1,3,1,0,16,955,0,955
1,4,1,0,64,955,0,955
1,5,1,0,256,955,0,955
1,6,1,0,1024,955,0,955
2,1,1,0,1024,955,0,955
2,2,1,256,256,699,256,955
2,3,1,192,64,379,320,955
2,4,1,112,16,171,208,955
2,5,1,60,4,55,116,955
2,6,1,30,1,55,61,955
1,1,1,0,1,958,0,958
1,2,1,0,4,958,0,958
1,3,1,0,16,958,0,958
1,4,1,0,64,958,0,958
1,5,1,0,256,958,0,958
1,6,1,0,1024,958,0,958
2,1,1,0,1024,958,0,958
2,2,1,256,256,702,256,958
2,3,1,192,64,382,320,958
2,4,1,112,16,174,208,958
2,5,1,60,4,58,116,958
2,6,1,30,1,58,61,958
1,1,1,0,1,961,0,961
1,2,1,0,4,961,0,961
1,3,1,0,16,961,0,961
1,4,1,0,64,961,0,961
1,5,1,0,256,961,0,961
1,6,1,0,1024,961,0,961
2,1,1,0,1024,961,0,961
2,2,1,256,256,705,256,961
2,3,1,192,64,385,320,961
2,4,1,112,16,177,208,961
2,5,1,60,4,61,116,961
2,6,1,31,1,0,61,961
1,1,1,0,1,964,0,964
1,2,1,0,4,964,0,964
1,3,1,0,16,964,0,964
1,4,1,0,64,964,0,964
1,5,1,0,256,964,0,964
1,6,1,0,1024,964,0,964
2,1,1,0,1024,964,0,964
2,2,1,256,256,708,256,964
2,3,1,192,64,388,320,964
2,4,1,112,16,180,208,964
2,5,1,60,4,64,116,964
2,6,1,31,1,3,61,964
1,1,1,0,1,967,0,967
1,2,1,0,4,967,0,967
1,3,1,0,16,967,0,967
1,4,1,0,64,967,0,967
1,5,1,0,256,967,0,967
1,6,1,0,1024,967,0,967
2,1,1,0,1024,967,0,967
2,2,1,256,256,711,256,967
2,3,1,192,64,391,320,967
2,4,1,112,16,183,208,967
2,5,1,60,4,67,116,967
2,6,1,31,1,6,61,967
1,1,1,0,1,970,0,970
1,2,1,0,4,970,0,970
1,3,1,0,16,970,0,970
1,4,1,0,64,970,0,970
1,5,1,0,256,970,0,970
1,6,1,0,1024,970,0,970
2,1,1,0,1024,970,0,970
2,2,1,256,256,714,256,970
2,3,1,192,64,394,320,970
2,4,1,112,16,186,208,970
2,5,1,60,4,70,116,970
2,6,1,31,1,9,61,970
1,1,1,0,1,973,0,973
1,2,1,0,4,973,0,973
1,3,1,0,16,973,0,973
1,4,1,0,64,973,0,973
1,5,1,0,256,973,0,973
1,6,1,0,1024,973,0,973
2,1,1,0,1024,973,0,973
2,2,1,256,256,717,256,973
2,3,1,192,64,397,320,973
2,4,1,112,16,189,208,973
2,5,1,60,4,73,116,973
2,6,1,31,1,12,61,973
1,1,1,0,1,976,0,976
1,2,1,0,4,976,0,976
1,3,1,0,16,976,0,976
1,4,1,0,64,976,0,976
1,5,1,0,256,976,0,976
1,6,1,0,1024,976,0,976
2,1,1,0,1024,976,0,976
2,2,1,256,256,720,256,976
2,3,1,192,64,400,320,976
2,4,1,112,16,192,208,976
2,5,1,60,4,76,116,976
2,6,1,31,1,15,61,976
1,1,1,0,1,979,0,979
1,2,1,0,4,979,0,979
1,3,1,0,16,979,0,979
1,4,1,0,64,979,0,979
1,5,1,0,256,979,0,979
1,6,1,0,1024,979,0,979
2,1,1,0,1024,979,0,979
2,2,1,256,256,723,256,979
2,3,1,192,64,403,320,979
2,4,1,112,16,195,208,979
2,5,1,60,4,79,116,979
2,6,1,31,1,18,61,979
1,1,1,0,1,982,0,982
1,2,1,0,4,982,0,982
1,3,1,0,16,982,0,982
1,4,1,0,64,982,0,982
1,5,1,0,256,982,0,982
1,6,1,0,1024,982,0,982
2,1,1,0,1024,982,0,982
2,2,1,256,256,726,256,982
2,3,1,192,64,406,320,982
2,4,1,112,16,198,208,982
2,5,1,60,4,82,116,982
2,6,1,31,1,21,61,982
1,1,1,0,1,985,0,985
1,2,1,0,4,985,0,985
1,3,1,0,16,985,0,985
1,4,1,0,64,985,0,985
1,5,1,0,256,985,0,985
1,6,1,0,1024,985,0,985
2,1,1,0,1024,985,0,985
2,2,1,256,256,729,256,985
2,3,1,192,64,409,320,985
2,4,1,112,16,201,208,985
2,5,1,60,4,85,116,985
2,6,1,31,1,24,61,985
1,1,1,0,1,988,0,988
1,2,1,0,4,988,0,988
1,3,1,0,16,988,0,988
1,4,1,0,64,988,0,988
1,5,1,0,256,988,0,988
1,6,1,0,1024,988,0,988
2,1,1,0,1024,988,0,988
2,2,1,256,256,732,256,988
2,3,1,192,64,412,320,988
2,4,1,112,16,204,208,988
2,5,1,60,4,88,116,988
2,6,1,31,1,27,61,988
1,1,1,0,1,991,0,991
1,2,1,0,4,991,0,991
1,3,1,0,16,991,0,991
1,4,1,0,64,991,0,991
1,5,1,0,256,991,0,991
1,6,1,0,1024,991,0,991
2,1,1,0,1024,991,0,991
2,2,1,256,256,735,256,991
2,3,1,192,64,415,320,991
2,4,1,112,16,207,208,991
2,5,1,60,4,91,116,991
2,6,1,31,1,30,61,991
1,1,1,0,1,994,0,994
1,2,1,0,4,994,0,994
1,3,1,0,16,994,0,994
1,4,1,0,64,994,0,994
1,5,1,0,256,994,0,994
1,6,1,0,1024,994,0,994
2,1,1,0,1024,994,0,994
2,2,1,256,256,738,256,994
2,3,1,192,64,418,320,994
2,4,1,112,16,210,208,994
2,5,1,60,4,94,116,994
2,6,1,31,1,33,61,994
1,1,1,0,1,997,0,997
1,2,1,0,4,997,0,997
1,3,1,0,16,997,0,997
1,4,1,0,64,997,0,997
1,5,1,0,256,997,0,997
1,6,1,0,1024,997,0,997
2,1,1,0,1024,997,0,997
2,2,1,256,256,741,256,997
2,3,1,192,64,421,320,997
2,4,1,112,16,213,208,997
2,5,1,60,4,97,116,997
2,6,1,31,1,36,61,997
1,1,1,0,1,367816,0,367816
1,2,1,0,4,367816,0,367816
1,3,1,0,16,367816,0,367816
1,4,1,0,64,367816,0,367816
1,5,1,0,256,367816,0,367816
1,6,1,0,1024,367816,0,367816
1,7,1,0,4096,367816,0,367816
1,8,1,0,16384,367816,0,367816
1,9,1,0,65536,367816,0,367816
1,10,1,0,262144,367816,0,367816
1,11,1,0,1048576,367816,0,367816
2,1,1,0,1048576,367816,0,367816
2,2,1,262144,262144,105672,262144,367816
2,3,1,131072,65536,105672,327680,367816
2,4,1,65536,16384,105672,147456,367816
2,5,1,36864,4096,36040,69632,367816
2,6,1,18432,1024,36040,37888,367816
2,7,1,9472,256,17352,18688,367816
2,8,1,4800,64,7816,9536,367816
2,9,1,2416,16,3000,4816,367816
2,10,1,1212,4,580,2420,367816
2,11,1,606,1,580,1213,367816
1,1,1,0,1,968872,0,968872
1,2,1,0,4,968872,0,968872
1,3,1,0,16,968872,0,968872
1,4,1,0,64,968872,0,968872
1,5,1,0,256,968872,0,968872
1,6,1,0,1024,968872,0,968872
1,7,1,0,4096,968872,0,968872
1,8,1,0,16384,968872,0,968872
1,9,1,0,65536,968872,0,968872
1,10,1,0,262144,968872,0,968872
1,11,1,0,1048576,968872,0,968872
2,1,1,0,1048576,968872,0,968872
2,2,1,262144,262144,706728,262144,968872
2,3,1,196608,65536,379048,327680,968872
2,4,1,114688,16384,166056,212992,968872
2,5,1,61440,4096,47272,118784,968872
2,6,1,30720,1024,47272,62464,968872
2,7,1,15616,256,16296,30976,968872
2,8,1,7872,64,616,15680,968872
2,9,1,3936,16,616,7888,968872
2,10,1,1968,4,616,3940,968872
2,11,1,984,1,616,1969,968872
1,1,1,0,1,429323,0,429323
1,2,1,0,4,429323,0,429323
1,3,1,0,16,429323,0,429323
1,4,1,0,64,429323,0,429323
1,5,1,0,256,429323,0,429323
1,6,1,0,1024,429323,0,429323
1,7,1,0,4096,429323,0,429323
1,8,1,0,16384,429323,0,429323
1,9,1,0,65536,429323,0,429323
1,10,1,0,262144,429323,0,429323
1,11,1,0,1048576,429323,0,429323
2,1,1,0,1048576,429323,0,429323
2,2,1,262144,262144,167179,262144,429323
2,3,1,131072,65536,167179,327680,429323
2,4,1,81920,16384,19723,147456,429323
2,5,1,40960,4096,19723,86016,429323
2,6,1,20480,1024,19723,41984,429323
2,7,1,10240,256,19723,20736,429323
2,8,1,5184,64,9419,10304,429323
2,9,1,2608,16,4219,5200,429323
2,10,1,1308,4,1607,2612,429323
2,11,1,655,1,298,1309,429323
1,1,1,0,1,121968,0,121968
1,2,1,0,4,121968,0,121968
1,3,1,0,16,121968,0,121968
1,4,1,0,64,121968,0,121968
1,5,1,0,256,121968,0,121968
1,6,1,0,1024,121968,0,121968
1,7,1,0,4096,121968,0,121968
1,8,1,0,16384,121968,0,121968
1,9,1,0,65536,121968,0,121968
1,10,1,0,262144,121968,0,121968
2,1,1,0,262144,121968,0,121968
2,2,1,65536,65536,56432,65536,121968
2,3,1,32768,16384,56432,81920,121968
2,4,1,20480,4096,19568,36864,121968
2,5,1,10240,1024,19568,21504,121968
2,6,1,5376,256,9072,10496,121968
2,7,1,2752,64,3632,5440,121968
2,8,1,1392,16,864,2768,121968
2,9,1,696,4,864,1396,121968
2,10,1,349,1,167,697,121968
1,1,1,0,1,627102,0,627102
1,2,1,0,4,627102,0,627102
1,3,1,0,16,627102,0,627102
1,4,1,0,64,627102,0,627102
1,5,1,0,256,627102,0,627102
1,6,1,0,1024,627102,0,627102
1,7,1,0,4096,627102,0,627102
1,8,1,0,16384,627102,0,627102
1,9,1,0,65536,627102,0,627102
1,10,1,0,262144,627102,0,627102
1,11,1,0,1048576,627102,0,627102
2,1,1,0,1048576,627102,0,627102
2,2,1,262144,262144,364958,262144,627102
2,3,1,196608,65536,37278,327680,627102
2,4,1,98304,16384,37278,212992,627102
2,5,1,49152,4096,37278,102400,627102
2,6,1,24576,1024,37278,50176,627102
2,7,1,12544,256,12446,24832,627102
2,8,1,6272,64,12446,12608,627102
2,9,1,3152,16,6158,6288,627102
2,10,1,1580,4,3002,3156,627102
2,11,1,791,1,1421,1581,627102
1,1,1,0,1,469123,0,469123
1,2,1,0,4,469123,0,469123
1,3,1,0,16,469123,0,469123
1,4,1,0,64,469123,0,469123
1,5,1,0,256,469123,0,469123
1,6,1,0,1024,469123,0,469123
1,7,1,0,4096,469123,0,469123
1,8,1,0,16384,469123,0,469123
1,9,1,0,65536,469123,0,469123
1,10,1,0,262144,469123,0,469123
1,11,1,0,1048576,469123,0,469123
2,1,1,0,1048576,469123,0,469123
2,2,1,262144,262144,206979,262144,469123
2,3,1,131072,65536,206979,327680,469123
2,4,1,81920,16384,59523,147456,469123
2,5,1,40960,4096,59523,86016,469123
2,6,1,21504,1024,17539,41984,469123
2,7,1,10752,256,17539,21760,469123
2,8,1,5440,64,6723,10816,469123
2,9,1,2736,16,1267,5456,469123
2,10,1,1368,4,1267,2740,469123
2,11,1,684,1,1267,1369,469123
1,1,1,0,1,325214,0,325214
1,2,1,0,4,325214,0,325214
1,3,1,0,16,325214,0,325214
1,4,1,0,64,325214,0,325214
1,5,1,0,256,325214,0,325214
1,6,1,0,1024,325214,0,325214
1,7,1,0,4096,325214,0,325214
1,8,1,0,16384,325214,0,325214
1,9,1,0,65536,325214,0,325214
1,10,1,0,262144,325214,0,325214
1,11,1,0,1048576,325214,0,325214
2,1,1,0,1048576,325214,0,325214
2,2,1,262144,262144,63070,262144,325214
2,3,1,131072,65536,63070,327680,325214
2,4,1,65536,16384,63070,147456,325214
2,5,1,32768,4096,63070,69632,325214
2,6,1,17408,1024,29278,33792,325214
2,7,1,8960,256,11614,17664,325214
2,8,1,4544,64,2590,9024,325214
2,9,1,2272,16,2590,4560,325214
2,10,1,1140,4,314,2276,325214
2,11,1,570,1,314,1141,325214
1,1,1,0,1,142675,0,142675
1,2,1,0,4,142675,0,142675
1,3,1,0,16,142675,0,142675
1,4,1,0,64,142675,0,142675
1,5,1,0,256,142675,0,142675
1,6,1,0,1024,142675,0,142675
1,7,1,0,4096,142675,0,142675
1,8,1,0,16384,142675,0,142675
1,9,1,0,65536,142675,0,142675
1,10,1,0,262144,142675,0,142675
2,1,1,0,262144,142675,0,142675
2,2,1,65536,65536,77139,65536,142675
2,3,1,32768,16384,77139,81920,142675
2,4,1,20480,4096,40275,36864,142675
2,5,1,11264,1024,18771,21504,142675
2,6,1,5888,256,7251,11520,142675
2,7,1,3008,64,1299,5952,142675
2,8,1,1504,16,1299,3024,142675
2,9,1,752,4,1299,1508,142675
2,10,1,377,1,546,753,142675
1,1,1,0,1,295538,0,295538
1,2,1,0,4,295538,0,295538
1,3,1,0,16,295538,0,295538
1,4,1,0,64,295538,0,295538
1,5,1,0,256,295538,0,295538
1,6,1,0,1024,295538,0,295538
1,7,1,0,4096,295538,0,295538
1,8,1,0,16384,295538,0,295538
1,9,1,0,65536,295538,0,295538
1,10,1,0,262144,295538,0,295538
1,11,1,0,1048576,295538,0,295538
2,1,1,0,1048576,295538,0,295538
2,2,1,262144,262144,33394,262144,295538
2,3,1,131072,65536,33394,327680,295538
2,4,1,65536,16384,33394,147456,295538
2,5,1,32768,4096,33394,69632,295538
2,6,1,16384,1024,33394,33792,295538
2,7,1,8448,256,16754,16640,295538
2,8,1,4288,64,8242,8512,295538
2,9,1,2160,16,3938,4304,295538
2,10,1,1084,4,1774,2164,295538
2,11,1,543,1,689,1085,295538
1,1,1,0,1,663258,0,663258
1,2,1,0,4,663258,0,663258
1,3,1,0,16,663258,0,663258
1,4,1,0,64,663258,0,663258
1,5,1,0,256,663258,0,663258
1,6,1,0,1024,663258,0,663258
1,7,1,0,4096,663258,0,663258
1,8,1,0,16384,663258,0,663258
1,9,1,0,65536,663258,0,663258
1,10,1,0,262144,663258,0,663258
1,11,1,0,1048576,663258,0,663258
2,1,1,0,1048576,663258,0,663258
2,2,1,262144,262144,401114,262144,663258
2,3,1,196608,65536,73434,327680,663258
2,4,1,98304,16384,73434,212992,663258
2,5,1,49152,4096,73434,102400,663258
2,6,1,25600,1024,23258,50176,663258
2,7,1,12800,256,23258,25856,663258
2,8,1,6464,64,10394,12864,663258
2,9,1,3248,16,3914,6480,663258
2,10,1,1628,4,662,3252,663258
2,11,1,814,1,662,1629,663258
