trace_idx,while_counter,1,a,b,y,x,k,c
2,1,1,1,1,1,1,0,1
2,2,1,1,1,1,1,1,0
2,1,1,1,2,2,1,0,1
2,1,1,2,1,2,1,0,2
2,2,1,2,1,2,1,2,0
2,1,1,1,3,3,1,0,1
2,1,1,3,1,3,1,0,3
2,2,1,3,1,3,1,2,1
2,3,1,3,1,3,1,3,0
2,1,1,1,4,4,1,0,1
2,1,1,4,1,4,1,0,4
2,2,1,4,1,4,1,4,0
2,1,1,1,5,5,1,0,1
2,1,1,5,1,5,1,0,5
2,2,1,5,1,5,1,4,1
2,3,1,5,1,5,1,5,0
2,1,1,1,6,6,1,0,1
2,1,1,6,1,6,1,0,6
2,2,1,6,1,6,1,4,2
2,3,1,6,1,6,1,6,0
2,1,1,1,7,7,1,0,1
2,1,1,7,1,7,1,0,7
2,2,1,7,1,7,1,4,3
2,3,1,7,1,7,1,6,1
2,4,1,7,1,7,1,7,0
2,1,1,1,8,8,1,0,1
2,1,1,8,1,8,1,0,8
2,2,1,8,1,8,1,8,0
2,1,1,1,9,9,1,0,1
2,1,1,9,1,9,1,0,9
2,2,1,9,1,9,1,8,1
2,3,1,9,1,9,1,9,0
2,1,1,1,10,10,1,0,1
2,1,1,10,1,10,1,0,10
2,2,1,10,1,10,1,8,2
2,3,1,10,1,10,1,10,0
2,1,1,1,11,11,1,0,1
2,1,1,11,1,11,1,0,11
2,2,1,11,1,11,1,8,3
2,3,1,11,1,11,1,10,1
2,4,1,11,1,11,1,11,0
2,1,1,1,12,12,1,0,1
2,1,1,12,1,12,1,0,12
2,2,1,12,1,12,1,8,4
2,3,1,12,1,12,1,12,0
2,1,1,1,13,13,1,0,1
2,1,1,13,1,13,1,0,13
2,2,1,13,1,13,1,8,5
2,3,1,13,1,13,1,12,1
2,4,1,13,1,13,1,13,0
2,1,1,1,14,14,1,0,1
2,1,1,14,1,14,1,0,14
2,2,1,14,1,14,1,8,6
2,3,1,14,1,14,1,12,2
2,4,1,14,1,14,1,14,0
2,1,1,1,15,15,1,0,1
2,1,1,15,1,15,1,0,15
2,2,1,15,1,15,1,8,7
2,3,1,15,1,15,1,12,3
2,4,1,15,1,15,1,14,1
2,5,1,15,1,15,1,15,0
2,1,1,1,16,16,1,0,1
2,1,1,16,1,16,1,0,16
2,2,1,16,1,16,1,16,0
2,1,1,1,17,17,1,0,1
2,1,1,17,1,17,1,0,17
2,2,1,17,1,17,1,16,1
2,3,1,17,1,17,1,17,0
2,1,1,1,18,18,1,0,1
2,1,1,18,1,18,1,0,18
2,2,1,18,1,18,1,16,2
2,3,1,18,1,18,1,18,0
2,1,1,1,19,19,1,0,1
2,1,1,19,1,19,1,0,19
2,2,1,19,1,19,1,16,3
2,3,1,19,1,19,1,18,1
2,4,1,19,1,19,1,19,0
2,1,1,2,1,1,2,0,2
2,2,1,2,1,1,2,2,0
2,1,1,2,2,2,2,0,2
2,2,1,2,2,2,2,1,0
2,1,1,2,3,3,2,0,2
2,1,1,3,2,3,2,0,3
2,2,1,3,2,3,2,1,1
2,1,1,2,1,3,2,0,2
2,2,1,2,1,3,2,2,0
2,1,1,2,4,4,2,0,2
2,1,1,4,2,4,2,0,4
2,2,1,4,2,4,2,2,0
2,1,1,2,5,5,2,0,2
2,1,1,5,2,5,2,0,5
2,2,1,5,2,5,2,2,1
2,1,1,2,1,5,2,0,2
2,2,1,2,1,5,2,2,0
2,1,1,2,6,6,2,0,2
2,1,1,6,2,6,2,0,6
2,2,1,6,2,6,2,2,2
2,3,1,6,2,6,2,3,0
2,1,1,2,7,7,2,0,2
2,1,1,7,2,7,2,0,7
2,2,1,7,2,7,2,2,3
2,3,1,7,2,7,2,3,1
2,1,1,2,1,7,2,0,2
2,2,1,2,1,7,2,2,0
2,1,1,2,8,8,2,0,2
2,1,1,8,2,8,2,0,8
2,2,1,8,2,8,2,4,0
2,1,1,2,9,9,2,0,2
2,1,1,9,2,9,2,0,9
2,2,1,9,2,9,2,4,1
2,1,1,2,1,9,2,0,2
2,2,1,2,1,9,2,2,0
2,1,1,2,10,10,2,0,2
2,1,1,10,2,10,2,0,10
2,2,1,10,2,10,2,4,2
2,3,1,10,2,10,2,5,0
2,1,1,2,11,11,2,0,2
2,1,1,11,2,11,2,0,11
2,2,1,11,2,11,2,4,3
2,3,1,11,2,11,2,5,1
2,1,1,2,1,11,2,0,2
2,2,1,2,1,11,2,2,0
2,1,1,2,12,12,2,0,2
2,1,1,12,2,12,2,0,12
2,2,1,12,2,12,2,4,4
2,3,1,12,2,12,2,6,0
2,1,1,2,13,13,2,0,2
2,1,1,13,2,13,2,0,13
2,2,1,13,2,13,2,4,5
2,3,1,13,2,13,2,6,1
2,1,1,2,1,13,2,0,2
2,2,1,2,1,13,2,2,0
2,1,1,2,14,14,2,0,2
2,1,1,14,2,14,2,0,14
2,2,1,14,2,14,2,4,6
2,3,1,14,2,14,2,6,2
2,4,1,14,2,14,2,7,0
2,1,1,2,15,15,2,0,2
2,1,1,15,2,15,2,0,15
2,2,1,15,2,15,2,4,7
2,3,1,15,2,15,2,6,3
2,4,1,15,2,15,2,7,1
2,1,1,2,1,15,2,0,2
2,2,1,2,1,15,2,2,0
2,1,1,2,16,16,2,0,2
2,1,1,16,2,16,2,0,16
2,2,1,16,2,16,2,8,0
2,1,1,2,17,17,2,0,2
2,1,1,17,2,17,2,0,17
2,2,1,17,2,17,2,8,1
2,1,1,2,1,17,2,0,2
2,2,1,2,1,17,2,2,0
2,1,1,2,18,18,2,0,2
2,1,1,18,2,18,2,0,18
2,2,1,18,2,18,2,8,2
2,3,1,18,2,18,2,9,0
2,1,1,2,19,19,2,0,2
2,1,1,19,2,19,2,0,19
2,2,1,19,2,19,2,8,3
2,3,1,19,2,19,2,9,1
2,1,1,2,1,19,2,0,2
2,2,1,2,1,19,2,2,0
2,1,1,3,1,1,3,0,3
2,2,1,3,1,1,3,2,1
2,3,1,3,1,1,3,3,0
2,1,1,3,2,2,3,0,3
2,2,1,3,2,2,3,1,1
2,1,1,2,1,2,3,0,2
2,2,1,2,1,2,3,2,0
2,1,1,3,3,3,3,0,3
2,2,1,3,3,3,3,1,0
2,1,1,3,4,4,3,0,3
2,1,1,4,3,4,3,0,4
2,2,1,4,3,4,3,1,1
2,1,1,3,1,4,3,0,3
2,2,1,3,1,4,3,2,1
2,3,1,3,1,4,3,3,0
2,1,1,3,5,5,3,0,3
2,1,1,5,3,5,3,0,5
2,2,1,5,3,5,3,1,2
2,1,1,3,2,5,3,0,3
2,2,1,3,2,5,3,1,1
2,1,1,2,1,5,3,0,2
2,2,1,2,1,5,3,2,0
2,1,1,3,6,6,3,0,3
2,1,1,6,3,6,3,0,6
2,2,1,6,3,6,3,2,0
2,1,1,3,7,7,3,0,3
2,1,1,7,3,7,3,0,7
2,2,1,7,3,7,3,2,1
2,1,1,3,1,7,3,0,3
2,2,1,3,1,7,3,2,1
2,3,1,3,1,7,3,3,0
2,1,1,3,8,8,3,0,3
2,1,1,8,3,8,3,0,8
2,2,1,8,3,8,3,2,2
2,1,1,3,2,8,3,0,3
2,2,1,3,2,8,3,1,1
2,1,1,2,1,8,3,0,2
2,2,1,2,1,8,3,2,0
2,1,1,3,9,9,3,0,3
2,1,1,9,3,9,3,0,9
2,2,1,9,3,9,3,2,3
2,3,1,9,3,9,3,3,0
2,1,1,3,10,10,3,0,3
2,1,1,10,3,10,3,0,10
2,2,1,10,3,10,3,2,4
2,3,1,10,3,10,3,3,1
2,1,1,3,1,10,3,0,3
2,2,1,3,1,10,3,2,1
2,3,1,3,1,10,3,3,0
2,1,1,3,11,11,3,0,3
2,1,1,11,3,11,3,0,11
2,2,1,11,3,11,3,2,5
2,3,1,11,3,11,3,3,2
2,1,1,3,2,11,3,0,3
2,2,1,3,2,11,3,1,1
2,1,1,2,1,11,3,0,2
2,2,1,2,1,11,3,2,0
2,1,1,3,12,12,3,0,3
2,1,1,12,3,12,3,0,12
2,2,1,12,3,12,3,4,0
2,1,1,3,13,13,3,0,3
2,1,1,13,3,13,3,0,13
2,2,1,13,3,13,3,4,1
2,1,1,3,1,13,3,0,3
2,2,1,3,1,13,3,2,1
2,3,1,3,1,13,3,3,0
2,1,1,3,14,14,3,0,3
2,1,1,14,3,14,3,0,14
2,2,1,14,3,14,3,4,2
2,1,1,3,2,14,3,0,3
2,2,1,3,2,14,3,1,1
2,1,1,2,1,14,3,0,2
2,2,1,2,1,14,3,2,0
2,1,1,3,15,15,3,0,3
2,1,1,15,3,15,3,0,15
2,2,1,15,3,15,3,4,3
2,3,1,15,3,15,3,5,0
2,1,1,3,16,16,3,0,3
2,1,1,16,3,16,3,0,16
2,2,1,16,3,16,3,4,4
2,3,1,16,3,16,3,5,1
2,1,1,3,1,16,3,0,3
2,2,1,3,1,16,3,2,1
2,3,1,3,1,16,3,3,0
2,1,1,3,17,17,3,0,3
2,1,1,17,3,17,3,0,17
2,2,1,17,3,17,3,4,5
2,3,1,17,3,17,3,5,2
2,1,1,3,2,17,3,0,3
2,2,1,3,2,17,3,1,1
2,1,1,2,1,17,3,0,2
2,2,1,2,1,17,3,2,0
2,1,1,3,18,18,3,0,3
2,1,1,18,3,18,3,0,18
2,2,1,18,3,18,3,4,6
2,3,1,18,3,18,3,6,0
2,1,1,3,19,19,3,0,3
2,1,1,19,3,19,3,0,19
2,2,1,19,3,19,3,4,7
2,3,1,19,3,19,3,6,1
2,1,1,3,1,19,3,0,3
2,2,1,3,1,19,3,2,1
2,3,1,3,1,19,3,3,0
2,1,1,4,1,1,4,0,4
2,2,1,4,1,1,4,4,0
2,1,1,4,2,2,4,0,4
2,2,1,4,2,2,4,2,0
2,1,1,4,3,3,4,0,4
2,2,1,4,3,3,4,1,1
2,1,1,3,1,3,4,0,3
2,2,1,3,1,3,4,2,1
2,3,1,3,1,3,4,3,0
2,1,1,4,4,4,4,0,4
2,2,1,4,4,4,4,1,0
2,1,1,4,5,5,4,0,4
2,1,1,5,4,5,4,0,5
2,2,1,5,4,5,4,1,1
2,1,1,4,1,5,4,0,4
2,2,1,4,1,5,4,4,0
2,1,1,4,6,6,4,0,4
2,1,1,6,4,6,4,0,6
2,2,1,6,4,6,4,1,2
2,1,1,4,2,6,4,0,4
2,2,1,4,2,6,4,2,0
2,1,1,4,7,7,4,0,4
2,1,1,7,4,7,4,0,7
2,2,1,7,4,7,4,1,3
2,1,1,4,3,7,4,0,4
2,2,1,4,3,7,4,1,1
2,1,1,3,1,7,4,0,3
2,2,1,3,1,7,4,2,1
2,3,1,3,1,7,4,3,0
2,1,1,4,8,8,4,0,4
2,1,1,8,4,8,4,0,8
2,2,1,8,4,8,4,2,0
2,1,1,4,9,9,4,0,4
2,1,1,9,4,9,4,0,9
2,2,1,9,4,9,4,2,1
2,1,1,4,1,9,4,0,4
2,2,1,4,1,9,4,4,0
2,1,1,4,10,10,4,0,4
2,1,1,10,4,10,4,0,10
2,2,1,10,4,10,4,2,2
2,1,1,4,2,10,4,0,4
2,2,1,4,2,10,4,2,0
2,1,1,4,11,11,4,0,4
2,1,1,11,4,11,4,0,11
2,2,1,11,4,11,4,2,3
2,1,1,4,3,11,4,0,4
2,2,1,4,3,11,4,1,1
2,1,1,3,1,11,4,0,3
2,2,1,3,1,11,4,2,1
2,3,1,3,1,11,4,3,0
2,1,1,4,12,12,4,0,4
2,1,1,12,4,12,4,0,12
2,2,1,12,4,12,4,2,4
2,3,1,12,4,12,4,3,0
2,1,1,4,13,13,4,0,4
2,1,1,13,4,13,4,0,13
2,2,1,13,4,13,4,2,5
2,3,1,13,4,13,4,3,1
2,1,1,4,1,13,4,0,4
2,2,1,4,1,13,4,4,0
2,1,1,4,14,14,4,0,4
2,1,1,14,4,14,4,0,14
2,2,1,14,4,14,4,2,6
2,3,1,14,4,14,4,3,2
2,1,1,4,2,14,4,0,4
2,2,1,4,2,14,4,2,0
2,1,1,4,15,15,4,0,4
2,1,1,15,4,15,4,0,15
2,2,1,15,4,15,4,2,7
2,3,1,15,4,15,4,3,3
2,1,1,4,3,15,4,0,4
2,2,1,4,3,15,4,1,1
2,1,1,3,1,15,4,0,3
2,2,1,3,1,15,4,2,1
2,3,1,3,1,15,4,3,0
2,1,1,4,16,16,4,0,4
2,1,1,16,4,16,4,0,16
2,2,1,16,4,16,4,4,0
2,1,1,4,17,17,4,0,4
2,1,1,17,4,17,4,0,17
2,2,1,17,4,17,4,4,1
2,1,1,4,1,17,4,0,4
2,2,1,4,1,17,4,4,0
2,1,1,4,18,18,4,0,4
2,1,1,18,4,18,4,0,18
2,2,1,18,4,18,4,4,2
2,1,1,4,2,18,4,0,4
2,2,1,4,2,18,4,2,0
2,1,1,4,19,19,4,0,4
2,1,1,19,4,19,4,0,19
2,2,1,19,4,19,4,4,3
2,1,1,4,3,19,4,0,4
2,2,1,4,3,19,4,1,1
2,1,1,3,1,19,4,0,3
2,2,1,3,1,19,4,2,1
2,3,1,3,1,19,4,3,0
2,1,1,5,1,1,5,0,5
2,2,1,5,1,1,5,4,1
2,3,1,5,1,1,5,5,0
2,1,1,5,2,2,5,0,5
2,2,1,5,2,2,5,2,1
2,1,1,2,1,2,5,0,2
2,2,1,2,1,2,5,2,0
2,1,1,5,3,3,5,0,5
2,2,1,5,3,3,5,1,2
2,1,1,3,2,3,5,0,3
2,2,1,3,2,3,5,1,1
2,1,1,2,1,3,5,0,2
2,2,1,2,1,3,5,2,0
2,1,1,5,4,4,5,0,5
2,2,1,5,4,4,5,1,1
2,1,1,4,1,4,5,0,4
2,2,1,4,1,4,5,4,0
2,1,1,5,5,5,5,0,5
2,2,1,5,5,5,5,1,0
2,1,1,5,6,6,5,0,5
2,1,1,6,5,6,5,0,6
2,2,1,6,5,6,5,1,1
2,1,1,5,1,6,5,0,5
2,2,1,5,1,6,5,4,1
2,3,1,5,1,6,5,5,0
2,1,1,5,7,7,5,0,5
2,1,1,7,5,7,5,0,7
2,2,1,7,5,7,5,1,2
2,1,1,5,2,7,5,0,5
2,2,1,5,2,7,5,2,1
2,1,1,2,1,7,5,0,2
2,2,1,2,1,7,5,2,0
2,1,1,5,8,8,5,0,5
2,1,1,8,5,8,5,0,8
2,2,1,8,5,8,5,1,3
2,1,1,5,3,8,5,0,5
2,2,1,5,3,8,5,1,2
2,1,1,3,2,8,5,0,3
2,2,1,3,2,8,5,1,1
2,1,1,2,1,8,5,0,2
2,2,1,2,1,8,5,2,0
2,1,1,5,9,9,5,0,5
2,1,1,9,5,9,5,0,9
2,2,1,9,5,9,5,1,4
2,1,1,5,4,9,5,0,5
2,2,1,5,4,9,5,1,1
2,1,1,4,1,9,5,0,4
2,2,1,4,1,9,5,4,0
2,1,1,5,10,10,5,0,5
2,1,1,10,5,10,5,0,10
2,2,1,10,5,10,5,2,0
2,1,1,5,11,11,5,0,5
2,1,1,11,5,11,5,0,11
2,2,1,11,5,11,5,2,1
2,1,1,5,1,11,5,0,5
2,2,1,5,1,11,5,4,1
2,3,1,5,1,11,5,5,0
2,1,1,5,12,12,5,0,5
2,1,1,12,5,12,5,0,12
2,2,1,12,5,12,5,2,2
2,1,1,5,2,12,5,0,5
2,2,1,5,2,12,5,2,1
2,1,1,2,1,12,5,0,2
2,2,1,2,1,12,5,2,0
2,1,1,5,13,13,5,0,5
2,1,1,13,5,13,5,0,13
2,2,1,13,5,13,5,2,3
2,1,1,5,3,13,5,0,5
2,2,1,5,3,13,5,1,2
2,1,1,3,2,13,5,0,3
2,2,1,3,2,13,5,1,1
2,1,1,2,1,13,5,0,2
2,2,1,2,1,13,5,2,0
2,1,1,5,14,14,5,0,5
2,1,1,14,5,14,5,0,14
2,2,1,14,5,14,5,2,4
2,1,1,5,4,14,5,0,5
2,2,1,5,4,14,5,1,1
2,1,1,4,1,14,5,0,4
2,2,1,4,1,14,5,4,0
2,1,1,5,15,15,5,0,5
2,1,1,15,5,15,5,0,15
2,2,1,15,5,15,5,2,5
2,3,1,15,5,15,5,3,0
2,1,1,5,16,16,5,0,5
2,1,1,16,5,16,5,0,16
2,2,1,16,5,16,5,2,6
2,3,1,16,5,16,5,3,1
2,1,1,5,1,16,5,0,5
2,2,1,5,1,16,5,4,1
2,3,1,5,1,16,5,5,0
2,1,1,5,17,17,5,0,5
2,1,1,17,5,17,5,0,17
2,2,1,17,5,17,5,2,7
2,3,1,17,5,17,5,3,2
2,1,1,5,2,17,5,0,5
2,2,1,5,2,17,5,2,1
2,1,1,2,1,17,5,0,2
2,2,1,2,1,17,5,2,0
2,1,1,5,18,18,5,0,5
2,1,1,18,5,18,5,0,18
2,2,1,18,5,18,5,2,8
2,3,1,18,5,18,5,3,3
2,1,1,5,3,18,5,0,5
2,2,1,5,3,18,5,1,2
2,1,1,3,2,18,5,0,3
2,2,1,3,2,18,5,1,1
2,1,1,2,1,18,5,0,2
2,2,1,2,1,18,5,2,0
2,1,1,5,19,19,5,0,5
2,1,1,19,5,19,5,0,19
2,2,1,19,5,19,5,2,9
2,3,1,19,5,19,5,3,4
2,1,1,5,4,19,5,0,5
2,2,1,5,4,19,5,1,1
2,1,1,4,1,19,5,0,4
2,2,1,4,1,19,5,4,0
2,1,1,6,1,1,6,0,6
2,2,1,6,1,1,6,4,2
2,3,1,6,1,1,6,6,0
2,1,1,6,2,2,6,0,6
2,2,1,6,2,2,6,2,2
2,3,1,6,2,2,6,3,0
2,1,1,6,3,3,6,0,6
2,2,1,6,3,3,6,2,0
2,1,1,6,4,4,6,0,6
2,2,1,6,4,4,6,1,2
2,1,1,4,2,4,6,0,4
2,2,1,4,2,4,6,2,0
2,1,1,6,5,5,6,0,6
2,2,1,6,5,5,6,1,1
2,1,1,5,1,5,6,0,5
2,2,1,5,1,5,6,4,1
2,3,1,5,1,5,6,5,0
2,1,1,6,6,6,6,0,6
2,2,1,6,6,6,6,1,0
2,1,1,6,7,7,6,0,6
2,1,1,7,6,7,6,0,7
2,2,1,7,6,7,6,1,1
2,1,1,6,1,7,6,0,6
2,2,1,6,1,7,6,4,2
2,3,1,6,1,7,6,6,0
2,1,1,6,8,8,6,0,6
2,1,1,8,6,8,6,0,8
2,2,1,8,6,8,6,1,2
2,1,1,6,2,8,6,0,6
2,2,1,6,2,8,6,2,2
2,3,1,6,2,8,6,3,0
2,1,1,6,9,9,6,0,6
2,1,1,9,6,9,6,0,9
2,2,1,9,6,9,6,1,3
2,1,1,6,3,9,6,0,6
2,2,1,6,3,9,6,2,0
2,1,1,6,10,10,6,0,6
2,1,1,10,6,10,6,0,10
2,2,1,10,6,10,6,1,4
2,1,1,6,4,10,6,0,6
2,2,1,6,4,10,6,1,2
2,1,1,4,2,10,6,0,4
2,2,1,4,2,10,6,2,0
2,1,1,6,11,11,6,0,6
2,1,1,11,6,11,6,0,11
2,2,1,11,6,11,6,1,5
2,1,1,6,5,11,6,0,6
2,2,1,6,5,11,6,1,1
2,1,1,5,1,11,6,0,5
2,2,1,5,1,11,6,4,1
2,3,1,5,1,11,6,5,0
2,1,1,6,12,12,6,0,6
2,1,1,12,6,12,6,0,12
2,2,1,12,6,12,6,2,0
2,1,1,6,13,13,6,0,6
2,1,1,13,6,13,6,0,13
2,2,1,13,6,13,6,2,1
2,1,1,6,1,13,6,0,6
2,2,1,6,1,13,6,4,2
2,3,1,6,1,13,6,6,0
2,1,1,6,14,14,6,0,6
2,1,1,14,6,14,6,0,14
2,2,1,14,6,14,6,2,2
2,1,1,6,2,14,6,0,6
2,2,1,6,2,14,6,2,2
2,3,1,6,2,14,6,3,0
2,1,1,6,15,15,6,0,6
2,1,1,15,6,15,6,0,15
2,2,1,15,6,15,6,2,3
2,1,1,6,3,15,6,0,6
2,2,1,6,3,15,6,2,0
2,1,1,6,16,16,6,0,6
2,1,1,16,6,16,6,0,16
2,2,1,16,6,16,6,2,4
2,1,1,6,4,16,6,0,6
2,2,1,6,4,16,6,1,2
2,1,1,4,2,16,6,0,4
2,2,1,4,2,16,6,2,0
2,1,1,6,17,17,6,0,6
2,1,1,17,6,17,6,0,17
2,2,1,17,6,17,6,2,5
2,1,1,6,5,17,6,0,6
2,2,1,6,5,17,6,1,1
2,1,1,5,1,17,6,0,5
2,2,1,5,1,17,6,4,1
2,3,1,5,1,17,6,5,0
2,1,1,6,18,18,6,0,6
2,1,1,18,6,18,6,0,18
2,2,1,18,6,18,6,2,6
2,3,1,18,6,18,6,3,0
2,1,1,6,19,19,6,0,6
2,1,1,19,6,19,6,0,19
2,2,1,19,6,19,6,2,7
2,3,1,19,6,19,6,3,1
2,1,1,6,1,19,6,0,6
2,2,1,6,1,19,6,4,2
2,3,1,6,1,19,6,6,0
2,1,1,7,1,1,7,0,7
2,2,1,7,1,1,7,4,3
2,3,1,7,1,1,7,6,1
2,4,1,7,1,1,7,7,0
2,1,1,7,2,2,7,0,7
2,2,1,7,2,2,7,2,3
2,3,1,7,2,2,7,3,1
2,1,1,2,1,2,7,0,2
2,2,1,2,1,2,7,2,0
2,1,1,7,3,3,7,0,7
2,2,1,7,3,3,7,2,1
2,1,1,3,1,3,7,0,3
2,2,1,3,1,3,7,2,1
2,3,1,3,1,3,7,3,0
2,1,1,7,4,4,7,0,7
2,2,1,7,4,4,7,1,3
2,1,1,4,3,4,7,0,4
2,2,1,4,3,4,7,1,1
2,1,1,3,1,4,7,0,3
2,2,1,3,1,4,7,2,1
2,3,1,3,1,4,7,3,0
2,1,1,7,5,5,7,0,7
2,2,1,7,5,5,7,1,2
2,1,1,5,2,5,7,0,5
2,2,1,5,2,5,7,2,1
2,1,1,2,1,5,7,0,2
2,2,1,2,1,5,7,2,0
2,1,1,7,6,6,7,0,7
2,2,1,7,6,6,7,1,1
2,1,1,6,1,6,7,0,6
2,2,1,6,1,6,7,4,2
2,3,1,6,1,6,7,6,0
2,1,1,7,7,7,7,0,7
2,2,1,7,7,7,7,1,0
2,1,1,7,8,8,7,0,7
2,1,1,8,7,8,7,0,8
2,2,1,8,7,8,7,1,1
2,1,1,7,1,8,7,0,7
2,2,1,7,1,8,7,4,3
2,3,1,7,1,8,7,6,1
2,4,1,7,1,8,7,7,0
2,1,1,7,9,9,7,0,7
2,1,1,9,7,9,7,0,9
2,2,1,9,7,9,7,1,2
2,1,1,7,2,9,7,0,7
2,2,1,7,2,9,7,2,3
2,3,1,7,2,9,7,3,1
2,1,1,2,1,9,7,0,2
2,2,1,2,1,9,7,2,0
2,1,1,7,10,10,7,0,7
2,1,1,10,7,10,7,0,10
2,2,1,10,7,10,7,1,3
2,1,1,7,3,10,7,0,7
2,2,1,7,3,10,7,2,1
2,1,1,3,1,10,7,0,3
2,2,1,3,1,10,7,2,1
2,3,1,3,1,10,7,3,0
2,1,1,7,11,11,7,0,7
2,1,1,11,7,11,7,0,11
2,2,1,11,7,11,7,1,4
2,1,1,7,4,11,7,0,7
2,2,1,7,4,11,7,1,3
2,1,1,4,3,11,7,0,4
2,2,1,4,3,11,7,1,1
2,1,1,3,1,11,7,0,3
2,2,1,3,1,11,7,2,1
2,3,1,3,1,11,7,3,0
2,1,1,7,12,12,7,0,7
2,1,1,12,7,12,7,0,12
2,2,1,12,7,12,7,1,5
2,1,1,7,5,12,7,0,7
2,2,1,7,5,12,7,1,2
2,1,1,5,2,12,7,0,5
2,2,1,5,2,12,7,2,1
2,1,1,2,1,12,7,0,2
2,2,1,2,1,12,7,2,0
2,1,1,7,13,13,7,0,7
2,1,1,13,7,13,7,0,13
2,2,1,13,7,13,7,1,6
2,1,1,7,6,13,7,0,7
2,2,1,7,6,13,7,1,1
2,1,1,6,1,13,7,0,6
2,2,1,6,1,13,7,4,2
2,3,1,6,1,13,7,6,0
2,1,1,7,14,14,7,0,7
2,1,1,14,7,14,7,0,14
2,2,1,14,7,14,7,2,0
2,1,1,7,15,15,7,0,7
2,1,1,15,7,15,7,0,15
2,2,1,15,7,15,7,2,1
2,1,1,7,1,15,7,0,7
2,2,1,7,1,15,7,4,3
2,3,1,7,1,15,7,6,1
2,4,1,7,1,15,7,7,0
2,1,1,7,16,16,7,0,7
2,1,1,16,7,16,7,0,16
2,2,1,16,7,16,7,2,2
2,1,1,7,2,16,7,0,7
2,2,1,7,2,16,7,2,3
2,3,1,7,2,16,7,3,1
2,1,1,2,1,16,7,0,2
2,2,1,2,1,16,7,2,0
2,1,1,7,17,17,7,0,7
2,1,1,17,7,17,7,0,17
2,2,1,17,7,17,7,2,3
2,1,1,7,3,17,7,0,7
2,2,1,7,3,17,7,2,1
2,1,1,3,1,17,7,0,3
2,2,1,3,1,17,7,2,1
2,3,1,3,1,17,7,3,0
2,1,1,7,18,18,7,0,7
2,1,1,18,7,18,7,0,18
2,2,1,18,7,18,7,2,4
2,1,1,7,4,18,7,0,7
2,2,1,7,4,18,7,1,3
2,1,1,4,3,18,7,0,4
2,2,1,4,3,18,7,1,1
2,1,1,3,1,18,7,0,3
2,2,1,3,1,18,7,2,1
2,3,1,3,1,18,7,3,0
2,1,1,7,19,19,7,0,7
2,1,1,19,7,19,7,0,19
2,2,1,19,7,19,7,2,5
2,1,1,7,5,19,7,0,7
2,2,1,7,5,19,7,1,2
2,1,1,5,2,19,7,0,5
2,2,1,5,2,19,7,2,1
2,1,1,2,1,19,7,0,2
2,2,1,2,1,19,7,2,0
2,1,1,8,1,1,8,0,8
2,2,1,8,1,1,8,8,0
2,1,1,8,2,2,8,0,8
2,2,1,8,2,2,8,4,0
2,1,1,8,3,3,8,0,8
2,2,1,8,3,3,8,2,2
2,1,1,3,2,3,8,0,3
2,2,1,3,2,3,8,1,1
2,1,1,2,1,3,8,0,2
2,2,1,2,1,3,8,2,0
2,1,1,8,4,4,8,0,8
2,2,1,8,4,4,8,2,0
2,1,1,8,5,5,8,0,8
2,2,1,8,5,5,8,1,3
2,1,1,5,3,5,8,0,5
2,2,1,5,3,5,8,1,2
2,1,1,3,2,5,8,0,3
2,2,1,3,2,5,8,1,1
2,1,1,2,1,5,8,0,2
2,2,1,2,1,5,8,2,0
2,1,1,8,6,6,8,0,8
2,2,1,8,6,6,8,1,2
2,1,1,6,2,6,8,0,6
2,2,1,6,2,6,8,2,2
2,3,1,6,2,6,8,3,0
2,1,1,8,7,7,8,0,8
2,2,1,8,7,7,8,1,1
2,1,1,7,1,7,8,0,7
2,2,1,7,1,7,8,4,3
2,3,1,7,1,7,8,6,1
2,4,1,7,1,7,8,7,0
2,1,1,8,8,8,8,0,8
2,2,1,8,8,8,8,1,0
2,1,1,8,9,9,8,0,8
2,1,1,9,8,9,8,0,9
2,2,1,9,8,9,8,1,1
2,1,1,8,1,9,8,0,8
2,2,1,8,1,9,8,8,0
2,1,1,8,10,10,8,0,8
2,1,1,10,8,10,8,0,10
2,2,1,10,8,10,8,1,2
2,1,1,8,2,10,8,0,8
2,2,1,8,2,10,8,4,0
2,1,1,8,11,11,8,0,8
2,1,1,11,8,11,8,0,11
2,2,1,11,8,11,8,1,3
2,1,1,8,3,11,8,0,8
2,2,1,8,3,11,8,2,2
2,1,1,3,2,11,8,0,3
2,2,1,3,2,11,8,1,1
2,1,1,2,1,11,8,0,2
2,2,1,2,1,11,8,2,0
2,1,1,8,12,12,8,0,8
2,1,1,12,8,12,8,0,12
2,2,1,12,8,12,8,1,4
2,1,1,8,4,12,8,0,8
2,2,1,8,4,12,8,2,0
2,1,1,8,13,13,8,0,8
2,1,1,13,8,13,8,0,13
2,2,1,13,8,13,8,1,5
2,1,1,8,5,13,8,0,8
2,2,1,8,5,13,8,1,3
2,1,1,5,3,13,8,0,5
2,2,1,5,3,13,8,1,2
2,1,1,3,2,13,8,0,3
2,2,1,3,2,13,8,1,1
2,1,1,2,1,13,8,0,2
2,2,1,2,1,13,8,2,0
2,1,1,8,14,14,8,0,8
2,1,1,14,8,14,8,0,14
2,2,1,14,8,14,8,1,6
2,1,1,8,6,14,8,0,8
2,2,1,8,6,14,8,1,2
2,1,1,6,2,14,8,0,6
2,2,1,6,2,14,8,2,2
2,3,1,6,2,14,8,3,0
2,1,1,8,15,15,8,0,8
2,1,1,15,8,15,8,0,15
2,2,1,15,8,15,8,1,7
2,1,1,8,7,15,8,0,8
2,2,1,8,7,15,8,1,1
2,1,1,7,1,15,8,0,7
2,2,1,7,1,15,8,4,3
2,3,1,7,1,15,8,6,1
2,4,1,7,1,15,8,7,0
2,1,1,8,16,16,8,0,8
2,1,1,16,8,16,8,0,16
2,2,1,16,8,16,8,2,0
2,1,1,8,17,17,8,0,8
2,1,1,17,8,17,8,0,17
2,2,1,17,8,17,8,2,1
2,1,1,8,1,17,8,0,8
2,2,1,8,1,17,8,8,0
2,1,1,8,18,18,8,0,8
2,1,1,18,8,18,8,0,18
2,2,1,18,8,18,8,2,2
2,1,1,8,2,18,8,0,8
2,2,1,8,2,18,8,4,0
2,1,1,8,19,19,8,0,8
2,1,1,19,8,19,8,0,19
2,2,1,19,8,19,8,2,3
2,1,1,8,3,19,8,0,8
2,2,1,8,3,19,8,2,2
2,1,1,3,2,19,8,0,3
2,2,1,3,2,19,8,1,1
2,1,1,2,1,19,8,0,2
2,2,1,2,1,19,8,2,0
2,1,1,9,1,1,9,0,9
2,2,1,9,1,1,9,8,1
2,3,1,9,1,1,9,9,0
2,1,1,9,2,2,9,0,9
2,2,1,9,2,2,9,4,1
2,1,1,2,1,2,9,0,2
2,2,1,2,1,2,9,2,0
2,1,1,9,3,3,9,0,9
2,2,1,9,3,3,9,2,3
2,3,1,9,3,3,9,3,0
2,1,1,9,4,4,9,0,9
2,2,1,9,4,4,9,2,1
2,1,1,4,1,4,9,0,4
2,2,1,4,1,4,9,4,0
2,1,1,9,5,5,9,0,9
2,2,1,9,5,5,9,1,4
2,1,1,5,4,5,9,0,5
2,2,1,5,4,5,9,1,1
2,1,1,4,1,5,9,0,4
2,2,1,4,1,5,9,4,0
2,1,1,9,6,6,9,0,9
2,2,1,9,6,6,9,1,3
2,1,1,6,3,6,9,0,6
2,2,1,6,3,6,9,2,0
2,1,1,9,7,7,9,0,9
2,2,1,9,7,7,9,1,2
2,1,1,7,2,7,9,0,7
2,2,1,7,2,7,9,2,3
2,3,1,7,2,7,9,3,1
2,1,1,2,1,7,9,0,2
2,2,1,2,1,7,9,2,0
2,1,1,9,8,8,9,0,9
2,2,1,9,8,8,9,1,1
2,1,1,8,1,8,9,0,8
2,2,1,8,1,8,9,8,0
2,1,1,9,9,9,9,0,9
2,2,1,9,9,9,9,1,0
2,1,1,9,10,10,9,0,9
2,1,1,10,9,10,9,0,10
2,2,1,10,9,10,9,1,1
2,1,1,9,1,10,9,0,9
2,2,1,9,1,10,9,8,1
2,3,1,9,1,10,9,9,0
2,1,1,9,11,11,9,0,9
2,1,1,11,9,11,9,0,11
2,2,1,11,9,11,9,1,2
2,1,1,9,2,11,9,0,9
2,2,1,9,2,11,9,4,1
2,1,1,2,1,11,9,0,2
2,2,1,2,1,11,9,2,0
2,1,1,9,12,12,9,0,9
2,1,1,12,9,12,9,0,12
2,2,1,12,9,12,9,1,3
2,1,1,9,3,12,9,0,9
2,2,1,9,3,12,9,2,3
2,3,1,9,3,12,9,3,0
2,1,1,9,13,13,9,0,9
2,1,1,13,9,13,9,0,13
2,2,1,13,9,13,9,1,4
2,1,1,9,4,13,9,0,9
2,2,1,9,4,13,9,2,1
2,1,1,4,1,13,9,0,4
2,2,1,4,1,13,9,4,0
2,1,1,9,14,14,9,0,9
2,1,1,14,9,14,9,0,14
2,2,1,14,9,14,9,1,5
2,1,1,9,5,14,9,0,9
2,2,1,9,5,14,9,1,4
2,1,1,5,4,14,9,0,5
2,2,1,5,4,14,9,1,1
2,1,1,4,1,14,9,0,4
2,2,1,4,1,14,9,4,0
2,1,1,9,15,15,9,0,9
2,1,1,15,9,15,9,0,15
2,2,1,15,9,15,9,1,6
2,1,1,9,6,15,9,0,9
2,2,1,9,6,15,9,1,3
2,1,1,6,3,15,9,0,6
2,2,1,6,3,15,9,2,0
2,1,1,9,16,16,9,0,9
2,1,1,16,9,16,9,0,16
2,2,1,16,9,16,9,1,7
2,1,1,9,7,16,9,0,9
2,2,1,9,7,16,9,1,2
2,1,1,7,2,16,9,0,7
2,2,1,7,2,16,9,2,3
2,3,1,7,2,16,9,3,1
2,1,1,2,1,16,9,0,2
2,2,1,2,1,16,9,2,0
2,1,1,9,17,17,9,0,9
2,1,1,17,9,17,9,0,17
2,2,1,17,9,17,9,1,8
2,1,1,9,8,17,9,0,9
2,2,1,9,8,17,9,1,1
2,1,1,8,1,17,9,0,8
2,2,1,8,1,17,9,8,0
2,1,1,9,18,18,9,0,9
2,1,1,18,9,18,9,0,18
2,2,1,18,9,18,9,2,0
2,1,1,9,19,19,9,0,9
2,1,1,19,9,19,9,0,19
2,2,1,19,9,19,9,2,1
2,1,1,9,1,19,9,0,9
2,2,1,9,1,19,9,8,1
2,3,1,9,1,19,9,9,0
2,1,1,10,1,1,10,0,10
2,2,1,10,1,1,10,8,2
2,3,1,10,1,1,10,10,0
2,1,1,10,2,2,10,0,10
2,2,1,10,2,2,10,4,2
2,3,1,10,2,2,10,5,0
2,1,1,10,3,3,10,0,10
2,2,1,10,3,3,10,2,4
2,3,1,10,3,3,10,3,1
2,1,1,3,1,3,10,0,3
2,2,1,3,1,3,10,2,1
2,3,1,3,1,3,10,3,0
2,1,1,10,4,4,10,0,10
2,2,1,10,4,4,10,2,2
2,1,1,4,2,4,10,0,4
2,2,1,4,2,4,10,2,0
2,1,1,10,5,5,10,0,10
2,2,1,10,5,5,10,2,0
2,1,1,10,6,6,10,0,10
2,2,1,10,6,6,10,1,4
2,1,1,6,4,6,10,0,6
2,2,1,6,4,6,10,1,2
2,1,1,4,2,6,10,0,4
2,2,1,4,2,6,10,2,0
2,1,1,10,7,7,10,0,10
2,2,1,10,7,7,10,1,3
2,1,1,7,3,7,10,0,7
2,2,1,7,3,7,10,2,1
2,1,1,3,1,7,10,0,3
2,2,1,3,1,7,10,2,1
2,3,1,3,1,7,10,3,0
2,1,1,10,8,8,10,0,10
2,2,1,10,8,8,10,1,2
2,1,1,8,2,8,10,0,8
2,2,1,8,2,8,10,4,0
2,1,1,10,9,9,10,0,10
2,2,1,10,9,9,10,1,1
2,1,1,9,1,9,10,0,9
2,2,1,9,1,9,10,8,1
2,3,1,9,1,9,10,9,0
2,1,1,10,10,10,10,0,10
2,2,1,10,10,10,10,1,0
2,1,1,10,11,11,10,0,10
2,1,1,11,10,11,10,0,11
2,2,1,11,10,11,10,1,1
2,1,1,10,1,11,10,0,10
2,2,1,10,1,11,10,8,2
2,3,1,10,1,11,10,10,0
2,1,1,10,12,12,10,0,10
2,1,1,12,10,12,10,0,12
2,2,1,12,10,12,10,1,2
2,1,1,10,2,12,10,0,10
2,2,1,10,2,12,10,4,2
2,3,1,10,2,12,10,5,0
2,1,1,10,13,13,10,0,10
2,1,1,13,10,13,10,0,13
2,2,1,13,10,13,10,1,3
2,1,1,10,3,13,10,0,10
2,2,1,10,3,13,10,2,4
2,3,1,10,3,13,10,3,1
2,1,1,3,1,13,10,0,3
2,2,1,3,1,13,10,2,1
2,3,1,3,1,13,10,3,0
2,1,1,10,14,14,10,0,10
2,1,1,14,10,14,10,0,14
2,2,1,14,10,14,10,1,4
2,1,1,10,4,14,10,0,10
2,2,1,10,4,14,10,2,2
2,1,1,4,2,14,10,0,4
2,2,1,4,2,14,10,2,0
2,1,1,10,15,15,10,0,10
2,1,1,15,10,15,10,0,15
2,2,1,15,10,15,10,1,5
2,1,1,10,5,15,10,0,10
2,2,1,10,5,15,10,2,0
2,1,1,10,16,16,10,0,10
2,1,1,16,10,16,10,0,16
2,2,1,16,10,16,10,1,6
2,1,1,10,6,16,10,0,10
2,2,1,10,6,16,10,1,4
2,1,1,6,4,16,10,0,6
2,2,1,6,4,16,10,1,2
2,1,1,4,2,16,10,0,4
2,2,1,4,2,16,10,2,0
2,1,1,10,17,17,10,0,10
2,1,1,17,10,17,10,0,17
2,2,1,17,10,17,10,1,7
2,1,1,10,7,17,10,0,10
2,2,1,10,7,17,10,1,3
2,1,1,7,3,17,10,0,7
2,2,1,7,3,17,10,2,1
2,1,1,3,1,17,10,0,3
2,2,1,3,1,17,10,2,1
2,3,1,3,1,17,10,3,0
2,1,1,10,18,18,10,0,10
2,1,1,18,10,18,10,0,18
2,2,1,18,10,18,10,1,8
2,1,1,10,8,18,10,0,10
2,2,1,10,8,18,10,1,2
2,1,1,8,2,18,10,0,8
2,2,1,8,2,18,10,4,0
2,1,1,10,19,19,10,0,10
2,1,1,19,10,19,10,0,19
2,2,1,19,10,19,10,1,9
2,1,1,10,9,19,10,0,10
2,2,1,10,9,19,10,1,1
2,1,1,9,1,19,10,0,9
2,2,1,9,1,19,10,8,1
2,3,1,9,1,19,10,9,0
2,1,1,11,1,1,11,0,11
2,2,1,11,1,1,11,8,3
2,3,1,11,1,1,11,10,1
2,4,1,11,1,1,11,11,0
2,1,1,11,2,2,11,0,11
2,2,1,11,2,2,11,4,3
2,3,1,11,2,2,11,5,1
2,1,1,2,1,2,11,0,2
2,2,1,2,1,2,11,2,0
2,1,1,11,3,3,11,0,11
2,2,1,11,3,3,11,2,5
2,3,1,11,3,3,11,3,2
2,1,1,3,2,3,11,0,3
2,2,1,3,2,3,11,1,1
2,1,1,2,1,3,11,0,2
2,2,1,2,1,3,11,2,0
2,1,1,11,4,4,11,0,11
2,2,1,11,4,4,11,2,3
2,1,1,4,3,4,11,0,4
2,2,1,4,3,4,11,1,1
2,1,1,3,1,4,11,0,3
2,2,1,3,1,4,11,2,1
2,3,1,3,1,4,11,3,0
2,1,1,11,5,5,11,0,11
2,2,1,11,5,5,11,2,1
2,1,1,5,1,5,11,0,5
2,2,1,5,1,5,11,4,1
2,3,1,5,1,5,11,5,0
2,1,1,11,6,6,11,0,11
2,2,1,11,6,6,11,1,5
2,1,1,6,5,6,11,0,6
2,2,1,6,5,6,11,1,1
2,1,1,5,1,6,11,0,5
2,2,1,5,1,6,11,4,1
2,3,1,5,1,6,11,5,0
2,1,1,11,7,7,11,0,11
2,2,1,11,7,7,11,1,4
2,1,1,7,4,7,11,0,7
2,2,1,7,4,7,11,1,3
2,1,1,4,3,7,11,0,4
2,2,1,4,3,7,11,1,1
2,1,1,3,1,7,11,0,3
2,2,1,3,1,7,11,2,1
2,3,1,3,1,7,11,3,0
2,1,1,11,8,8,11,0,11
2,2,1,11,8,8,11,1,3
2,1,1,8,3,8,11,0,8
2,2,1,8,3,8,11,2,2
2,1,1,3,2,8,11,0,3
2,2,1,3,2,8,11,1,1
2,1,1,2,1,8,11,0,2
2,2,1,2,1,8,11,2,0
2,1,1,11,9,9,11,0,11
2,2,1,11,9,9,11,1,2
2,1,1,9,2,9,11,0,9
2,2,1,9,2,9,11,4,1
2,1,1,2,1,9,11,0,2
2,2,1,2,1,9,11,2,0
2,1,1,11,10,10,11,0,11
2,2,1,11,10,10,11,1,1
2,1,1,10,1,10,11,0,10
2,2,1,10,1,10,11,8,2
2,3,1,10,1,10,11,10,0
2,1,1,11,11,11,11,0,11
2,2,1,11,11,11,11,1,0
2,1,1,11,12,12,11,0,11
2,1,1,12,11,12,11,0,12
2,2,1,12,11,12,11,1,1
2,1,1,11,1,12,11,0,11
2,2,1,11,1,12,11,8,3
2,3,1,11,1,12,11,10,1
2,4,1,11,1,12,11,11,0
2,1,1,11,13,13,11,0,11
2,1,1,13,11,13,11,0,13
2,2,1,13,11,13,11,1,2
2,1,1,11,2,13,11,0,11
2,2,1,11,2,13,11,4,3
2,3,1,11,2,13,11,5,1
2,1,1,2,1,13,11,0,2
2,2,1,2,1,13,11,2,0
2,1,1,11,14,14,11,0,11
2,1,1,14,11,14,11,0,14
2,2,1,14,11,14,11,1,3
2,1,1,11,3,14,11,0,11
2,2,1,11,3,14,11,2,5
2,3,1,11,3,14,11,3,2
2,1,1,3,2,14,11,0,3
2,2,1,3,2,14,11,1,1
2,1,1,2,1,14,11,0,2
2,2,1,2,1,14,11,2,0
2,1,1,11,15,15,11,0,11
2,1,1,15,11,15,11,0,15
2,2,1,15,11,15,11,1,4
2,1,1,11,4,15,11,0,11
2,2,1,11,4,15,11,2,3
2,1,1,4,3,15,11,0,4
2,2,1,4,3,15,11,1,1
2,1,1,3,1,15,11,0,3
2,2,1,3,1,15,11,2,1
2,3,1,3,1,15,11,3,0
2,1,1,11,16,16,11,0,11
2,1,1,16,11,16,11,0,16
2,2,1,16,11,16,11,1,5
2,1,1,11,5,16,11,0,11
2,2,1,11,5,16,11,2,1
2,1,1,5,1,16,11,0,5
2,2,1,5,1,16,11,4,1
2,3,1,5,1,16,11,5,0
2,1,1,11,17,17,11,0,11
2,1,1,17,11,17,11,0,17
2,2,1,17,11,17,11,1,6
2,1,1,11,6,17,11,0,11
2,2,1,11,6,17,11,1,5
2,1,1,6,5,17,11,0,6
2,2,1,6,5,17,11,1,1
2,1,1,5,1,17,11,0,5
2,2,1,5,1,17,11,4,1
2,3,1,5,1,17,11,5,0
2,1,1,11,18,18,11,0,11
2,1,1,18,11,18,11,0,18
2,2,1,18,11,18,11,1,7
2,1,1,11,7,18,11,0,11
2,2,1,11,7,18,11,1,4
2,1,1,7,4,18,11,0,7
2,2,1,7,4,18,11,1,3
2,1,1,4,3,18,11,0,4
2,2,1,4,3,18,11,1,1
2,1,1,3,1,18,11,0,3
2,2,1,3,1,18,11,2,1
2,3,1,3,1,18,11,3,0
2,1,1,11,19,19,11,0,11
2,1,1,19,11,19,11,0,19
2,2,1,19,11,19,11,1,8
2,1,1,11,8,19,11,0,11
2,2,1,11,8,19,11,1,3
2,1,1,8,3,19,11,0,8
2,2,1,8,3,19,11,2,2
2,1,1,3,2,19,11,0,3
2,2,1,3,2,19,11,1,1
2,1,1,2,1,19,11,0,2
2,2,1,2,1,19,11,2,0
2,1,1,12,1,1,12,0,12
2,2,1,12,1,1,12,8,4
2,3,1,12,1,1,12,12,0
2,1,1,12,2,2,12,0,12
2,2,1,12,2,2,12,4,4
2,3,1,12,2,2,12,6,0
2,1,1,12,3,3,12,0,12
2,2,1,12,3,3,12,4,0
2,1,1,12,4,4,12,0,12
2,2,1,12,4,4,12,2,4
2,3,1,12,4,4,12,3,0
2,1,1,12,5,5,12,0,12
2,2,1,12,5,5,12,2,2
2,1,1,5,2,5,12,0,5
2,2,1,5,2,5,12,2,1
2,1,1,2,1,5,12,0,2
2,2,1,2,1,5,12,2,0
2,1,1,12,6,6,12,0,12
2,2,1,12,6,6,12,2,0
2,1,1,12,7,7,12,0,12
2,2,1,12,7,7,12,1,5
2,1,1,7,5,7,12,0,7
2,2,1,7,5,7,12,1,2
2,1,1,5,2,7,12,0,5
2,2,1,5,2,7,12,2,1
2,1,1,2,1,7,12,0,2
2,2,1,2,1,7,12,2,0
2,1,1,12,8,8,12,0,12
2,2,1,12,8,8,12,1,4
2,1,1,8,4,8,12,0,8
2,2,1,8,4,8,12,2,0
2,1,1,12,9,9,12,0,12
2,2,1,12,9,9,12,1,3
2,1,1,9,3,9,12,0,9
2,2,1,9,3,9,12,2,3
2,3,1,9,3,9,12,3,0
2,1,1,12,10,10,12,0,12
2,2,1,12,10,10,12,1,2
2,1,1,10,2,10,12,0,10
2,2,1,10,2,10,12,4,2
2,3,1,10,2,10,12,5,0
2,1,1,12,11,11,12,0,12
2,2,1,12,11,11,12,1,1
2,1,1,11,1,11,12,0,11
2,2,1,11,1,11,12,8,3
2,3,1,11,1,11,12,10,1
2,4,1,11,1,11,12,11,0
2,1,1,12,12,12,12,0,12
2,2,1,12,12,12,12,1,0
2,1,1,12,13,13,12,0,12
2,1,1,13,12,13,12,0,13
2,2,1,13,12,13,12,1,1
2,1,1,12,1,13,12,0,12
2,2,1,12,1,13,12,8,4
2,3,1,12,1,13,12,12,0
2,1,1,12,14,14,12,0,12
2,1,1,14,12,14,12,0,14
2,2,1,14,12,14,12,1,2
2,1,1,12,2,14,12,0,12
2,2,1,12,2,14,12,4,4
2,3,1,12,2,14,12,6,0
2,1,1,12,15,15,12,0,12
2,1,1,15,12,15,12,0,15
2,2,1,15,12,15,12,1,3
2,1,1,12,3,15,12,0,12
2,2,1,12,3,15,12,4,0
2,1,1,12,16,16,12,0,12
2,1,1,16,12,16,12,0,16
2,2,1,16,12,16,12,1,4
2,1,1,12,4,16,12,0,12
2,2,1,12,4,16,12,2,4
2,3,1,12,4,16,12,3,0
2,1,1,12,17,17,12,0,12
2,1,1,17,12,17,12,0,17
2,2,1,17,12,17,12,1,5
2,1,1,12,5,17,12,0,12
2,2,1,12,5,17,12,2,2
2,1,1,5,2,17,12,0,5
2,2,1,5,2,17,12,2,1
2,1,1,2,1,17,12,0,2
2,2,1,2,1,17,12,2,0
2,1,1,12,18,18,12,0,12
2,1,1,18,12,18,12,0,18
2,2,1,18,12,18,12,1,6
2,1,1,12,6,18,12,0,12
2,2,1,12,6,18,12,2,0
2,1,1,12,19,19,12,0,12
2,1,1,19,12,19,12,0,19
2,2,1,19,12,19,12,1,7
2,1,1,12,7,19,12,0,12
2,2,1,12,7,19,12,1,5
2,1,1,7,5,19,12,0,7
2,2,1,7,5,19,12,1,2
2,1,1,5,2,19,12,0,5
2,2,1,5,2,19,12,2,1
2,1,1,2,1,19,12,0,2
2,2,1,2,1,19,12,2,0
2,1,1,13,1,1,13,0,13
2,2,1,13,1,1,13,8,5
2,3,1,13,1,1,13,12,1
2,4,1,13,1,1,13,13,0
2,1,1,13,2,2,13,0,13
2,2,1,13,2,2,13,4,5
2,3,1,13,2,2,13,6,1
2,1,1,2,1,2,13,0,2
2,2,1,2,1,2,13,2,0
2,1,1,13,3,3,13,0,13
2,2,1,13,3,3,13,4,1
2,1,1,3,1,3,13,0,3
2,2,1,3,1,3,13,2,1
2,3,1,3,1,3,13,3,0
2,1,1,13,4,4,13,0,13
2,2,1,13,4,4,13,2,5
2,3,1,13,4,4,13,3,1
2,1,1,4,1,4,13,0,4
2,2,1,4,1,4,13,4,0
2,1,1,13,5,5,13,0,13
2,2,1,13,5,5,13,2,3
2,1,1,5,3,5,13,0,5
2,2,1,5,3,5,13,1,2
2,1,1,3,2,5,13,0,3
2,2,1,3,2,5,13,1,1
2,1,1,2,1,5,13,0,2
2,2,1,2,1,5,13,2,0
2,1,1,13,6,6,13,0,13
2,2,1,13,6,6,13,2,1
2,1,1,6,1,6,13,0,6
2,2,1,6,1,6,13,4,2
2,3,1,6,1,6,13,6,0
2,1,1,13,7,7,13,0,13
2,2,1,13,7,7,13,1,6
2,1,1,7,6,7,13,0,7
2,2,1,7,6,7,13,1,1
2,1,1,6,1,7,13,0,6
2,2,1,6,1,7,13,4,2
2,3,1,6,1,7,13,6,0
2,1,1,13,8,8,13,0,13
2,2,1,13,8,8,13,1,5
2,1,1,8,5,8,13,0,8
2,2,1,8,5,8,13,1,3
2,1,1,5,3,8,13,0,5
2,2,1,5,3,8,13,1,2
2,1,1,3,2,8,13,0,3
2,2,1,3,2,8,13,1,1
2,1,1,2,1,8,13,0,2
2,2,1,2,1,8,13,2,0
2,1,1,13,9,9,13,0,13
2,2,1,13,9,9,13,1,4
2,1,1,9,4,9,13,0,9
2,2,1,9,4,9,13,2,1
2,1,1,4,1,9,13,0,4
2,2,1,4,1,9,13,4,0
2,1,1,13,10,10,13,0,13
2,2,1,13,10,10,13,1,3
2,1,1,10,3,10,13,0,10
2,2,1,10,3,10,13,2,4
2,3,1,10,3,10,13,3,1
2,1,1,3,1,10,13,0,3
2,2,1,3,1,10,13,2,1
2,3,1,3,1,10,13,3,0
2,1,1,13,11,11,13,0,13
2,2,1,13,11,11,13,1,2
2,1,1,11,2,11,13,0,11
2,2,1,11,2,11,13,4,3
2,3,1,11,2,11,13,5,1
2,1,1,2,1,11,13,0,2
2,2,1,2,1,11,13,2,0
2,1,1,13,12,12,13,0,13
2,2,1,13,12,12,13,1,1
2,1,1,12,1,12,13,0,12
2,2,1,12,1,12,13,8,4
2,3,1,12,1,12,13,12,0
2,1,1,13,13,13,13,0,13
2,2,1,13,13,13,13,1,0
2,1,1,13,14,14,13,0,13
2,1,1,14,13,14,13,0,14
2,2,1,14,13,14,13,1,1
2,1,1,13,1,14,13,0,13
2,2,1,13,1,14,13,8,5
2,3,1,13,1,14,13,12,1
2,4,1,13,1,14,13,13,0
2,1,1,13,15,15,13,0,13
2,1,1,15,13,15,13,0,15
2,2,1,15,13,15,13,1,2
2,1,1,13,2,15,13,0,13
2,2,1,13,2,15,13,4,5
2,3,1,13,2,15,13,6,1
2,1,1,2,1,15,13,0,2
2,2,1,2,1,15,13,2,0
2,1,1,13,16,16,13,0,13
2,1,1,16,13,16,13,0,16
2,2,1,16,13,16,13,1,3
2,1,1,13,3,16,13,0,13
2,2,1,13,3,16,13,4,1
2,1,1,3,1,16,13,0,3
2,2,1,3,1,16,13,2,1
2,3,1,3,1,16,13,3,0
2,1,1,13,17,17,13,0,13
2,1,1,17,13,17,13,0,17
2,2,1,17,13,17,13,1,4
2,1,1,13,4,17,13,0,13
2,2,1,13,4,17,13,2,5
2,3,1,13,4,17,13,3,1
2,1,1,4,1,17,13,0,4
2,2,1,4,1,17,13,4,0
2,1,1,13,18,18,13,0,13
2,1,1,18,13,18,13,0,18
2,2,1,18,13,18,13,1,5
2,1,1,13,5,18,13,0,13
2,2,1,13,5,18,13,2,3
2,1,1,5,3,18,13,0,5
2,2,1,5,3,18,13,1,2
2,1,1,3,2,18,13,0,3
2,2,1,3,2,18,13,1,1
2,1,1,2,1,18,13,0,2
2,2,1,2,1,18,13,2,0
2,1,1,13,19,19,13,0,13
2,1,1,19,13,19,13,0,19
2,2,1,19,13,19,13,1,6
2,1,1,13,6,19,13,0,13
2,2,1,13,6,19,13,2,1
2,1,1,6,1,19,13,0,6
2,2,1,6,1,19,13,4,2
2,3,1,6,1,19,13,6,0
2,1,1,14,1,1,14,0,14
2,2,1,14,1,1,14,8,6
2,3,1,14,1,1,14,12,2
2,4,1,14,1,1,14,14,0
2,1,1,14,2,2,14,0,14
2,2,1,14,2,2,14,4,6
2,3,1,14,2,2,14,6,2
2,4,1,14,2,2,14,7,0
2,1,1,14,3,3,14,0,14
2,2,1,14,3,3,14,4,2
2,1,1,3,2,3,14,0,3
2,2,1,3,2,3,14,1,1
2,1,1,2,1,3,14,0,2
2,2,1,2,1,3,14,2,0
2,1,1,14,4,4,14,0,14
2,2,1,14,4,4,14,2,6
2,3,1,14,4,4,14,3,2
2,1,1,4,2,4,14,0,4
2,2,1,4,2,4,14,2,0
2,1,1,14,5,5,14,0,14
2,2,1,14,5,5,14,2,4
2,1,1,5,4,5,14,0,5
2,2,1,5,4,5,14,1,1
2,1,1,4,1,5,14,0,4
2,2,1,4,1,5,14,4,0
2,1,1,14,6,6,14,0,14
2,2,1,14,6,6,14,2,2
2,1,1,6,2,6,14,0,6
2,2,1,6,2,6,14,2,2
2,3,1,6,2,6,14,3,0
2,1,1,14,7,7,14,0,14
2,2,1,14,7,7,14,2,0
2,1,1,14,8,8,14,0,14
2,2,1,14,8,8,14,1,6
2,1,1,8,6,8,14,0,8
2,2,1,8,6,8,14,1,2
2,1,1,6,2,8,14,0,6
2,2,1,6,2,8,14,2,2
2,3,1,6,2,8,14,3,0
2,1,1,14,9,9,14,0,14
2,2,1,14,9,9,14,1,5
2,1,1,9,5,9,14,0,9
2,2,1,9,5,9,14,1,4
2,1,1,5,4,9,14,0,5
2,2,1,5,4,9,14,1,1
2,1,1,4,1,9,14,0,4
2,2,1,4,1,9,14,4,0
2,1,1,14,10,10,14,0,14
2,2,1,14,10,10,14,1,4
2,1,1,10,4,10,14,0,10
2,2,1,10,4,10,14,2,2
2,1,1,4,2,10,14,0,4
2,2,1,4,2,10,14,2,0
2,1,1,14,11,11,14,0,14
2,2,1,14,11,11,14,1,3
2,1,1,11,3,11,14,0,11
2,2,1,11,3,11,14,2,5
2,3,1,11,3,11,14,3,2
2,1,1,3,2,11,14,0,3
2,2,1,3,2,11,14,1,1
2,1,1,2,1,11,14,0,2
2,2,1,2,1,11,14,2,0
2,1,1,14,12,12,14,0,14
2,2,1,14,12,12,14,1,2
2,1,1,12,2,12,14,0,12
2,2,1,12,2,12,14,4,4
2,3,1,12,2,12,14,6,0
2,1,1,14,13,13,14,0,14
2,2,1,14,13,13,14,1,1
2,1,1,13,1,13,14,0,13
2,2,1,13,1,13,14,8,5
2,3,1,13,1,13,14,12,1
2,4,1,13,1,13,14,13,0
2,1,1,14,14,14,14,0,14
2,2,1,14,14,14,14,1,0
2,1,1,14,15,15,14,0,14
2,1,1,15,14,15,14,0,15
2,2,1,15,14,15,14,1,1
2,1,1,14,1,15,14,0,14
2,2,1,14,1,15,14,8,6
2,3,1,14,1,15,14,12,2
2,4,1,14,1,15,14,14,0
2,1,1,14,16,16,14,0,14
2,1,1,16,14,16,14,0,16
2,2,1,16,14,16,14,1,2
2,1,1,14,2,16,14,0,14
2,2,1,14,2,16,14,4,6
2,3,1,14,2,16,14,6,2
2,4,1,14,2,16,14,7,0
2,1,1,14,17,17,14,0,14
2,1,1,17,14,17,14,0,17
2,2,1,17,14,17,14,1,3
2,1,1,14,3,17,14,0,14
2,2,1,14,3,17,14,4,2
2,1,1,3,2,17,14,0,3
2,2,1,3,2,17,14,1,1
2,1,1,2,1,17,14,0,2
2,2,1,2,1,17,14,2,0
2,1,1,14,18,18,14,0,14
2,1,1,18,14,18,14,0,18
2,2,1,18,14,18,14,1,4
2,1,1,14,4,18,14,0,14
2,2,1,14,4,18,14,2,6
2,3,1,14,4,18,14,3,2
2,1,1,4,2,18,14,0,4
2,2,1,4,2,18,14,2,0
2,1,1,14,19,19,14,0,14
2,1,1,19,14,19,14,0,19
2,2,1,19,14,19,14,1,5
2,1,1,14,5,19,14,0,14
2,2,1,14,5,19,14,2,4
2,1,1,5,4,19,14,0,5
2,2,1,5,4,19,14,1,1
2,1,1,4,1,19,14,0,4
2,2,1,4,1,19,14,4,0
2,1,1,15,1,1,15,0,15
2,2,1,15,1,1,15,8,7
2,3,1,15,1,1,15,12,3
2,4,1,15,1,1,15,14,1
2,5,1,15,1,1,15,15,0
2,1,1,15,2,2,15,0,15
2,2,1,15,2,2,15,4,7
2,3,1,15,2,2,15,6,3
2,4,1,15,2,2,15,7,1
2,1,1,2,1,2,15,0,2
2,2,1,2,1,2,15,2,0
2,1,1,15,3,3,15,0,15
2,2,1,15,3,3,15,4,3
2,3,1,15,3,3,15,5,0
2,1,1,15,4,4,15,0,15
2,2,1,15,4,4,15,2,7
2,3,1,15,4,4,15,3,3
2,1,1,4,3,4,15,0,4
2,2,1,4,3,4,15,1,1
2,1,1,3,1,4,15,0,3
2,2,1,3,1,4,15,2,1
2,3,1,3,1,4,15,3,0
2,1,1,15,5,5,15,0,15
2,2,1,15,5,5,15,2,5
2,3,1,15,5,5,15,3,0
2,1,1,15,6,6,15,0,15
2,2,1,15,6,6,15,2,3
2,1,1,6,3,6,15,0,6
2,2,1,6,3,6,15,2,0
2,1,1,15,7,7,15,0,15
2,2,1,15,7,7,15,2,1
2,1,1,7,1,7,15,0,7
2,2,1,7,1,7,15,4,3
2,3,1,7,1,7,15,6,1
2,4,1,7,1,7,15,7,0
2,1,1,15,8,8,15,0,15
2,2,1,15,8,8,15,1,7
2,1,1,8,7,8,15,0,8
2,2,1,8,7,8,15,1,1
2,1,1,7,1,8,15,0,7
2,2,1,7,1,8,15,4,3
2,3,1,7,1,8,15,6,1
2,4,1,7,1,8,15,7,0
2,1,1,15,9,9,15,0,15
2,2,1,15,9,9,15,1,6
2,1,1,9,6,9,15,0,9
2,2,1,9,6,9,15,1,3
2,1,1,6,3,9,15,0,6
2,2,1,6,3,9,15,2,0
2,1,1,15,10,10,15,0,15
2,2,1,15,10,10,15,1,5
2,1,1,10,5,10,15,0,10
2,2,1,10,5,10,15,2,0
2,1,1,15,11,11,15,0,15
2,2,1,15,11,11,15,1,4
2,1,1,11,4,11,15,0,11
2,2,1,11,4,11,15,2,3
2,1,1,4,3,11,15,0,4
2,2,1,4,3,11,15,1,1
2,1,1,3,1,11,15,0,3
2,2,1,3,1,11,15,2,1
2,3,1,3,1,11,15,3,0
2,1,1,15,12,12,15,0,15
2,2,1,15,12,12,15,1,3
2,1,1,12,3,12,15,0,12
2,2,1,12,3,12,15,4,0
2,1,1,15,13,13,15,0,15
2,2,1,15,13,13,15,1,2
2,1,1,13,2,13,15,0,13
2,2,1,13,2,13,15,4,5
2,3,1,13,2,13,15,6,1
2,1,1,2,1,13,15,0,2
2,2,1,2,1,13,15,2,0
2,1,1,15,14,14,15,0,15
2,2,1,15,14,14,15,1,1
2,1,1,14,1,14,15,0,14
2,2,1,14,1,14,15,8,6
2,3,1,14,1,14,15,12,2
2,4,1,14,1,14,15,14,0
2,1,1,15,15,15,15,0,15
2,2,1,15,15,15,15,1,0
2,1,1,15,16,16,15,0,15
2,1,1,16,15,16,15,0,16
2,2,1,16,15,16,15,1,1
2,1,1,15,1,16,15,0,15
2,2,1,15,1,16,15,8,7
2,3,1,15,1,16,15,12,3
2,4,1,15,1,16,15,14,1
2,5,1,15,1,16,15,15,0
2,1,1,15,17,17,15,0,15
2,1,1,17,15,17,15,0,17
2,2,1,17,15,17,15,1,2
2,1,1,15,2,17,15,0,15
2,2,1,15,2,17,15,4,7
2,3,1,15,2,17,15,6,3
2,4,1,15,2,17,15,7,1
2,1,1,2,1,17,15,0,2
2,2,1,2,1,17,15,2,0
2,1,1,15,18,18,15,0,15
2,1,1,18,15,18,15,0,18
2,2,1,18,15,18,15,1,3
2,1,1,15,3,18,15,0,15
2,2,1,15,3,18,15,4,3
2,3,1,15,3,18,15,5,0
2,1,1,15,19,19,15,0,15
2,1,1,19,15,19,15,0,19
2,2,1,19,15,19,15,1,4
2,1,1,15,4,19,15,0,15
2,2,1,15,4,19,15,2,7
2,3,1,15,4,19,15,3,3
2,1,1,4,3,19,15,0,4
2,2,1,4,3,19,15,1,1
2,1,1,3,1,19,15,0,3
2,2,1,3,1,19,15,2,1
2,3,1,3,1,19,15,3,0
2,1,1,16,1,1,16,0,16
2,2,1,16,1,1,16,16,0
2,1,1,16,2,2,16,0,16
2,2,1,16,2,2,16,8,0
2,1,1,16,3,3,16,0,16
2,2,1,16,3,3,16,4,4
2,3,1,16,3,3,16,5,1
2,1,1,3,1,3,16,0,3
2,2,1,3,1,3,16,2,1
2,3,1,3,1,3,16,3,0
2,1,1,16,4,4,16,0,16
2,2,1,16,4,4,16,4,0
2,1,1,16,5,5,16,0,16
2,2,1,16,5,5,16,2,6
2,3,1,16,5,5,16,3,1
2,1,1,5,1,5,16,0,5
2,2,1,5,1,5,16,4,1
2,3,1,5,1,5,16,5,0
2,1,1,16,6,6,16,0,16
2,2,1,16,6,6,16,2,4
2,1,1,6,4,6,16,0,6
2,2,1,6,4,6,16,1,2
2,1,1,4,2,6,16,0,4
2,2,1,4,2,6,16,2,0
2,1,1,16,7,7,16,0,16
2,2,1,16,7,7,16,2,2
2,1,1,7,2,7,16,0,7
2,2,1,7,2,7,16,2,3
2,3,1,7,2,7,16,3,1
2,1,1,2,1,7,16,0,2
2,2,1,2,1,7,16,2,0
2,1,1,16,8,8,16,0,16
2,2,1,16,8,8,16,2,0
2,1,1,16,9,9,16,0,16
2,2,1,16,9,9,16,1,7
2,1,1,9,7,9,16,0,9
2,2,1,9,7,9,16,1,2
2,1,1,7,2,9,16,0,7
2,2,1,7,2,9,16,2,3
2,3,1,7,2,9,16,3,1
2,1,1,2,1,9,16,0,2
2,2,1,2,1,9,16,2,0
2,1,1,16,10,10,16,0,16
2,2,1,16,10,10,16,1,6
2,1,1,10,6,10,16,0,10
2,2,1,10,6,10,16,1,4
2,1,1,6,4,10,16,0,6
2,2,1,6,4,10,16,1,2
2,1,1,4,2,10,16,0,4
2,2,1,4,2,10,16,2,0
2,1,1,16,11,11,16,0,16
2,2,1,16,11,11,16,1,5
2,1,1,11,5,11,16,0,11
2,2,1,11,5,11,16,2,1
2,1,1,5,1,11,16,0,5
2,2,1,5,1,11,16,4,1
2,3,1,5,1,11,16,5,0
2,1,1,16,12,12,16,0,16
2,2,1,16,12,12,16,1,4
2,1,1,12,4,12,16,0,12
2,2,1,12,4,12,16,2,4
2,3,1,12,4,12,16,3,0
2,1,1,16,13,13,16,0,16
2,2,1,16,13,13,16,1,3
2,1,1,13,3,13,16,0,13
2,2,1,13,3,13,16,4,1
2,1,1,3,1,13,16,0,3
2,2,1,3,1,13,16,2,1
2,3,1,3,1,13,16,3,0
2,1,1,16,14,14,16,0,16
2,2,1,16,14,14,16,1,2
2,1,1,14,2,14,16,0,14
2,2,1,14,2,14,16,4,6
2,3,1,14,2,14,16,6,2
2,4,1,14,2,14,16,7,0
2,1,1,16,15,15,16,0,16
2,2,1,16,15,15,16,1,1
2,1,1,15,1,15,16,0,15
2,2,1,15,1,15,16,8,7
2,3,1,15,1,15,16,12,3
2,4,1,15,1,15,16,14,1
2,5,1,15,1,15,16,15,0
2,1,1,16,16,16,16,0,16
2,2,1,16,16,16,16,1,0
2,1,1,16,17,17,16,0,16
2,1,1,17,16,17,16,0,17
2,2,1,17,16,17,16,1,1
2,1,1,16,1,17,16,0,16
2,2,1,16,1,17,16,16,0
2,1,1,16,18,18,16,0,16
2,1,1,18,16,18,16,0,18
2,2,1,18,16,18,16,1,2
2,1,1,16,2,18,16,0,16
2,2,1,16,2,18,16,8,0
2,1,1,16,19,19,16,0,16
2,1,1,19,16,19,16,0,19
2,2,1,19,16,19,16,1,3
2,1,1,16,3,19,16,0,16
2,2,1,16,3,19,16,4,4
2,3,1,16,3,19,16,5,1
2,1,1,3,1,19,16,0,3
2,2,1,3,1,19,16,2,1
2,3,1,3,1,19,16,3,0
2,1,1,17,1,1,17,0,17
2,2,1,17,1,1,17,16,1
2,3,1,17,1,1,17,17,0
2,1,1,17,2,2,17,0,17
2,2,1,17,2,2,17,8,1
2,1,1,2,1,2,17,0,2
2,2,1,2,1,2,17,2,0
2,1,1,17,3,3,17,0,17
2,2,1,17,3,3,17,4,5
2,3,1,17,3,3,17,5,2
2,1,1,3,2,3,17,0,3
2,2,1,3,2,3,17,1,1
2,1,1,2,1,3,17,0,2
2,2,1,2,1,3,17,2,0
2,1,1,17,4,4,17,0,17
2,2,1,17,4,4,17,4,1
2,1,1,4,1,4,17,0,4
2,2,1,4,1,4,17,4,0
2,1,1,17,5,5,17,0,17
2,2,1,17,5,5,17,2,7
2,3,1,17,5,5,17,3,2
2,1,1,5,2,5,17,0,5
2,2,1,5,2,5,17,2,1
2,1,1,2,1,5,17,0,2
2,2,1,2,1,5,17,2,0
2,1,1,17,6,6,17,0,17
2,2,1,17,6,6,17,2,5
2,1,1,6,5,6,17,0,6
2,2,1,6,5,6,17,1,1
2,1,1,5,1,6,17,0,5
2,2,1,5,1,6,17,4,1
2,3,1,5,1,6,17,5,0
2,1,1,17,7,7,17,0,17
2,2,1,17,7,7,17,2,3
2,1,1,7,3,7,17,0,7
2,2,1,7,3,7,17,2,1
2,1,1,3,1,7,17,0,3
2,2,1,3,1,7,17,2,1
2,3,1,3,1,7,17,3,0
2,1,1,17,8,8,17,0,17
2,2,1,17,8,8,17,2,1
2,1,1,8,1,8,17,0,8
2,2,1,8,1,8,17,8,0
2,1,1,17,9,9,17,0,17
2,2,1,17,9,9,17,1,8
2,1,1,9,8,9,17,0,9
2,2,1,9,8,9,17,1,1
2,1,1,8,1,9,17,0,8
2,2,1,8,1,9,17,8,0
2,1,1,17,10,10,17,0,17
2,2,1,17,10,10,17,1,7
2,1,1,10,7,10,17,0,10
2,2,1,10,7,10,17,1,3
2,1,1,7,3,10,17,0,7
2,2,1,7,3,10,17,2,1
2,1,1,3,1,10,17,0,3
2,2,1,3,1,10,17,2,1
2,3,1,3,1,10,17,3,0
2,1,1,17,11,11,17,0,17
2,2,1,17,11,11,17,1,6
2,1,1,11,6,11,17,0,11
2,2,1,11,6,11,17,1,5
2,1,1,6,5,11,17,0,6
2,2,1,6,5,11,17,1,1
2,1,1,5,1,11,17,0,5
2,2,1,5,1,11,17,4,1
2,3,1,5,1,11,17,5,0
2,1,1,17,12,12,17,0,17
2,2,1,17,12,12,17,1,5
2,1,1,12,5,12,17,0,12
2,2,1,12,5,12,17,2,2
2,1,1,5,2,12,17,0,5
2,2,1,5,2,12,17,2,1
2,1,1,2,1,12,17,0,2
2,2,1,2,1,12,17,2,0
2,1,1,17,13,13,17,0,17
2,2,1,17,13,13,17,1,4
2,1,1,13,4,13,17,0,13
2,2,1,13,4,13,17,2,5
2,3,1,13,4,13,17,3,1
2,1,1,4,1,13,17,0,4
2,2,1,4,1,13,17,4,0
2,1,1,17,14,14,17,0,17
2,2,1,17,14,14,17,1,3
2,1,1,14,3,14,17,0,14
2,2,1,14,3,14,17,4,2
2,1,1,3,2,14,17,0,3
2,2,1,3,2,14,17,1,1
2,1,1,2,1,14,17,0,2
2,2,1,2,1,14,17,2,0
2,1,1,17,15,15,17,0,17
2,2,1,17,15,15,17,1,2
2,1,1,15,2,15,17,0,15
2,2,1,15,2,15,17,4,7
2,3,1,15,2,15,17,6,3
2,4,1,15,2,15,17,7,1
2,1,1,2,1,15,17,0,2
2,2,1,2,1,15,17,2,0
2,1,1,17,16,16,17,0,17
2,2,1,17,16,16,17,1,1
2,1,1,16,1,16,17,0,16
2,2,1,16,1,16,17,16,0
2,1,1,17,17,17,17,0,17
2,2,1,17,17,17,17,1,0
2,1,1,17,18,18,17,0,17
2,1,1,18,17,18,17,0,18
2,2,1,18,17,18,17,1,1
2,1,1,17,1,18,17,0,17
2,2,1,17,1,18,17,16,1
2,3,1,17,1,18,17,17,0
2,1,1,17,19,19,17,0,17
2,1,1,19,17,19,17,0,19
2,2,1,19,17,19,17,1,2
2,1,1,17,2,19,17,0,17
2,2,1,17,2,19,17,8,1
2,1,1,2,1,19,17,0,2
2,2,1,2,1,19,17,2,0
2,1,1,18,1,1,18,0,18
2,2,1,18,1,1,18,16,2
2,3,1,18,1,1,18,18,0
2,1,1,18,2,2,18,0,18
2,2,1,18,2,2,18,8,2
2,3,1,18,2,2,18,9,0
2,1,1,18,3,3,18,0,18
2,2,1,18,3,3,18,4,6
2,3,1,18,3,3,18,6,0
2,1,1,18,4,4,18,0,18
2,2,1,18,4,4,18,4,2
2,1,1,4,2,4,18,0,4
2,2,1,4,2,4,18,2,0
2,1,1,18,5,5,18,0,18
2,2,1,18,5,5,18,2,8
2,3,1,18,5,5,18,3,3
2,1,1,5,3,5,18,0,5
2,2,1,5,3,5,18,1,2
2,1,1,3,2,5,18,0,3
2,2,1,3,2,5,18,1,1
2,1,1,2,1,5,18,0,2
2,2,1,2,1,5,18,2,0
2,1,1,18,6,6,18,0,18
2,2,1,18,6,6,18,2,6
2,3,1,18,6,6,18,3,0
2,1,1,18,7,7,18,0,18
2,2,1,18,7,7,18,2,4
2,1,1,7,4,7,18,0,7
2,2,1,7,4,7,18,1,3
2,1,1,4,3,7,18,0,4
2,2,1,4,3,7,18,1,1
2,1,1,3,1,7,18,0,3
2,2,1,3,1,7,18,2,1
2,3,1,3,1,7,18,3,0
2,1,1,18,8,8,18,0,18
2,2,1,18,8,8,18,2,2
2,1,1,8,2,8,18,0,8
2,2,1,8,2,8,18,4,0
2,1,1,18,9,9,18,0,18
2,2,1,18,9,9,18,2,0
2,1,1,18,10,10,18,0,18
2,2,1,18,10,10,18,1,8
2,1,1,10,8,10,18,0,10
2,2,1,10,8,10,18,1,2
2,1,1,8,2,10,18,0,8
2,2,1,8,2,10,18,4,0
2,1,1,18,11,11,18,0,18
2,2,1,18,11,11,18,1,7
2,1,1,11,7,11,18,0,11
2,2,1,11,7,11,18,1,4
2,1,1,7,4,11,18,0,7
2,2,1,7,4,11,18,1,3
2,1,1,4,3,11,18,0,4
2,2,1,4,3,11,18,1,1
2,1,1,3,1,11,18,0,3
2,2,1,3,1,11,18,2,1
2,3,1,3,1,11,18,3,0
2,1,1,18,12,12,18,0,18
2,2,1,18,12,12,18,1,6
2,1,1,12,6,12,18,0,12
2,2,1,12,6,12,18,2,0
2,1,1,18,13,13,18,0,18
2,2,1,18,13,13,18,1,5
2,1,1,13,5,13,18,0,13
2,2,1,13,5,13,18,2,3
2,1,1,5,3,13,18,0,5
2,2,1,5,3,13,18,1,2
2,1,1,3,2,13,18,0,3
2,2,1,3,2,13,18,1,1
2,1,1,2,1,13,18,0,2
2,2,1,2,1,13,18,2,0
2,1,1,18,14,14,18,0,18
2,2,1,18,14,14,18,1,4
2,1,1,14,4,14,18,0,14
2,2,1,14,4,14,18,2,6
2,3,1,14,4,14,18,3,2
2,1,1,4,2,14,18,0,4
2,2,1,4,2,14,18,2,0
2,1,1,18,15,15,18,0,18
2,2,1,18,15,15,18,1,3
2,1,1,15,3,15,18,0,15
2,2,1,15,3,15,18,4,3
2,3,1,15,3,15,18,5,0
2,1,1,18,16,16,18,0,18
2,2,1,18,16,16,18,1,2
2,1,1,16,2,16,18,0,16
2,2,1,16,2,16,18,8,0
2,1,1,18,17,17,18,0,18
2,2,1,18,17,17,18,1,1
2,1,1,17,1,17,18,0,17
2,2,1,17,1,17,18,16,1
2,3,1,17,1,17,18,17,0
2,1,1,18,18,18,18,0,18
2,2,1,18,18,18,18,1,0
2,1,1,18,19,19,18,0,18
2,1,1,19,18,19,18,0,19
2,2,1,19,18,19,18,1,1
2,1,1,18,1,19,18,0,18
2,2,1,18,1,19,18,16,2
2,3,1,18,1,19,18,18,0
2,1,1,19,1,1,19,0,19
2,2,1,19,1,1,19,16,3
2,3,1,19,1,1,19,18,1
2,4,1,19,1,1,19,19,0
2,1,1,19,2,2,19,0,19
2,2,1,19,2,2,19,8,3
2,3,1,19,2,2,19,9,1
2,1,1,2,1,2,19,0,2
2,2,1,2,1,2,19,2,0
2,1,1,19,3,3,19,0,19
2,2,1,19,3,3,19,4,7
2,3,1,19,3,3,19,6,1
2,1,1,3,1,3,19,0,3
2,2,1,3,1,3,19,2,1
2,3,1,3,1,3,19,3,0
2,1,1,19,4,4,19,0,19
2,2,1,19,4,4,19,4,3
2,1,1,4,3,4,19,0,4
2,2,1,4,3,4,19,1,1
2,1,1,3,1,4,19,0,3
2,2,1,3,1,4,19,2,1
2,3,1,3,1,4,19,3,0
2,1,1,19,5,5,19,0,19
2,2,1,19,5,5,19,2,9
2,3,1,19,5,5,19,3,4
2,1,1,5,4,5,19,0,5
2,2,1,5,4,5,19,1,1
2,1,1,4,1,5,19,0,4
2,2,1,4,1,5,19,4,0
2,1,1,19,6,6,19,0,19
2,2,1,19,6,6,19,2,7
2,3,1,19,6,6,19,3,1
2,1,1,6,1,6,19,0,6
2,2,1,6,1,6,19,4,2
2,3,1,6,1,6,19,6,0
2,1,1,19,7,7,19,0,19
2,2,1,19,7,7,19,2,5
2,1,1,7,5,7,19,0,7
2,2,1,7,5,7,19,1,2
2,1,1,5,2,7,19,0,5
2,2,1,5,2,7,19,2,1
2,1,1,2,1,7,19,0,2
2,2,1,2,1,7,19,2,0
2,1,1,19,8,8,19,0,19
2,2,1,19,8,8,19,2,3
2,1,1,8,3,8,19,0,8
2,2,1,8,3,8,19,2,2
2,1,1,3,2,8,19,0,3
2,2,1,3,2,8,19,1,1
2,1,1,2,1,8,19,0,2
2,2,1,2,1,8,19,2,0
2,1,1,19,9,9,19,0,19
2,2,1,19,9,9,19,2,1
2,1,1,9,1,9,19,0,9
2,2,1,9,1,9,19,8,1
2,3,1,9,1,9,19,9,0
2,1,1,19,10,10,19,0,19
2,2,1,19,10,10,19,1,9
2,1,1,10,9,10,19,0,10
2,2,1,10,9,10,19,1,1
2,1,1,9,1,10,19,0,9
2,2,1,9,1,10,19,8,1
2,3,1,9,1,10,19,9,0
2,1,1,19,11,11,19,0,19
2,2,1,19,11,11,19,1,8
2,1,1,11,8,11,19,0,11
2,2,1,11,8,11,19,1,3
2,1,1,8,3,11,19,0,8
2,2,1,8,3,11,19,2,2
2,1,1,3,2,11,19,0,3
2,2,1,3,2,11,19,1,1
2,1,1,2,1,11,19,0,2
2,2,1,2,1,11,19,2,0
2,1,1,19,12,12,19,0,19
2,2,1,19,12,12,19,1,7
2,1,1,12,7,12,19,0,12
2,2,1,12,7,12,19,1,5
2,1,1,7,5,12,19,0,7
2,2,1,7,5,12,19,1,2
2,1,1,5,2,12,19,0,5
2,2,1,5,2,12,19,2,1
2,1,1,2,1,12,19,0,2
2,2,1,2,1,12,19,2,0
2,1,1,19,13,13,19,0,19
2,2,1,19,13,13,19,1,6
2,1,1,13,6,13,19,0,13
2,2,1,13,6,13,19,2,1
2,1,1,6,1,13,19,0,6
2,2,1,6,1,13,19,4,2
2,3,1,6,1,13,19,6,0
2,1,1,19,14,14,19,0,19
2,2,1,19,14,14,19,1,5
2,1,1,14,5,14,19,0,14
2,2,1,14,5,14,19,2,4
2,1,1,5,4,14,19,0,5
2,2,1,5,4,14,19,1,1
2,1,1,4,1,14,19,0,4
2,2,1,4,1,14,19,4,0
2,1,1,19,15,15,19,0,19
2,2,1,19,15,15,19,1,4
2,1,1,15,4,15,19,0,15
2,2,1,15,4,15,19,2,7
2,3,1,15,4,15,19,3,3
2,1,1,4,3,15,19,0,4
2,2,1,4,3,15,19,1,1
2,1,1,3,1,15,19,0,3
2,2,1,3,1,15,19,2,1
2,3,1,3,1,15,19,3,0
2,1,1,19,16,16,19,0,19
2,2,1,19,16,16,19,1,3
2,1,1,16,3,16,19,0,16
2,2,1,16,3,16,19,4,4
2,3,1,16,3,16,19,5,1
2,1,1,3,1,16,19,0,3
2,2,1,3,1,16,19,2,1
2,3,1,3,1,16,19,3,0
2,1,1,19,17,17,19,0,19
2,2,1,19,17,17,19,1,2
2,1,1,17,2,17,19,0,17
2,2,1,17,2,17,19,8,1
2,1,1,2,1,17,19,0,2
2,2,1,2,1,17,19,2,0
2,1,1,19,18,18,19,0,19
2,2,1,19,18,18,19,1,1
2,1,1,18,1,18,19,0,18
2,2,1,18,1,18,19,16,2
2,3,1,18,1,18,19,18,0
2,1,1,19,19,19,19,0,19
2,2,1,19,19,19,19,1,0
2,1,1,3,128,128,3,0,3
2,1,1,128,3,128,3,0,128
2,2,1,128,3,128,3,32,32
2,3,1,128,3,128,3,40,8
2,4,1,128,3,128,3,42,2
2,1,1,3,2,128,3,0,3
2,2,1,3,2,128,3,1,1
2,1,1,2,1,128,3,0,2
2,2,1,2,1,128,3,2,0
2,1,1,128,3,3,128,0,128
2,2,1,128,3,3,128,32,32
2,3,1,128,3,3,128,40,8
2,4,1,128,3,3,128,42,2
2,1,1,3,2,3,128,0,3
2,2,1,3,2,3,128,1,1
2,1,1,2,1,3,128,0,2
2,2,1,2,1,3,128,2,0
2,1,1,77,893,893,77,0,77
2,1,1,893,77,893,77,0,893
2,2,1,893,77,893,77,8,277
2,3,1,893,77,893,77,10,123
2,4,1,893,77,893,77,11,46
2,1,1,77,46,893,77,0,77
2,2,1,77,46,893,77,1,31
2,1,1,46,31,893,77,0,46
2,2,1,46,31,893,77,1,15
2,1,1,31,15,893,77,0,31
2,2,1,31,15,893,77,2,1
2,1,1,15,1,893,77,0,15
2,2,1,15,1,893,77,8,7
2,3,1,15,1,893,77,12,3
2,4,1,15,1,893,77,14,1
2,5,1,15,1,893,77,15,0
2,1,1,893,77,77,893,0,893
2,2,1,893,77,77,893,8,277
2,3,1,893,77,77,893,10,123
2,4,1,893,77,77,893,11,46
2,1,1,77,46,77,893,0,77
2,2,1,77,46,77,893,1,31
2,1,1,46,31,77,893,0,46
2,2,1,46,31,77,893,1,15
2,1,1,31,15,77,893,0,31
2,2,1,31,15,77,893,2,1
2,1,1,15,1,77,893,0,15
2,2,1,15,1,77,893,8,7
2,3,1,15,1,77,893,12,3
2,4,1,15,1,77,893,14,1
2,5,1,15,1,77,893,15,0
2,1,1,31,69,69,31,0,31
2,1,1,69,31,69,31,0,69
2,2,1,69,31,69,31,2,7
2,1,1,31,7,69,31,0,31
2,2,1,31,7,69,31,4,3
2,1,1,7,3,69,31,0,7
2,2,1,7,3,69,31,2,1
2,1,1,3,1,69,31,0,3
2,2,1,3,1,69,31,2,1
2,3,1,3,1,69,31,3,0
2,1,1,69,31,31,69,0,69
2,2,1,69,31,31,69,2,7
2,1,1,31,7,31,69,0,31
2,2,1,31,7,31,69,4,3
2,1,1,7,3,31,69,0,7
2,2,1,7,3,31,69,2,1
2,1,1,3,1,31,69,0,3
2,2,1,3,1,31,69,2,1
2,3,1,3,1,31,69,3,0
2,1,1,91,649,649,91,0,91
2,1,1,649,91,649,91,0,649
2,2,1,649,91,649,91,4,285
2,3,1,649,91,649,91,6,103
2,4,1,649,91,649,91,7,12
2,1,1,91,12,649,91,0,91
2,2,1,91,12,649,91,4,43
2,3,1,91,12,649,91,6,19
2,4,1,91,12,649,91,7,7
2,1,1,12,7,649,91,0,12
2,2,1,12,7,649,91,1,5
2,1,1,7,5,649,91,0,7
2,2,1,7,5,649,91,1,2
2,1,1,5,2,649,91,0,5
2,2,1,5,2,649,91,2,1
2,1,1,2,1,649,91,0,2
2,2,1,2,1,649,91,2,0
2,1,1,649,91,91,649,0,649
2,2,1,649,91,91,649,4,285
2,3,1,649,91,91,649,6,103
2,4,1,649,91,91,649,7,12
2,1,1,91,12,91,649,0,91
2,2,1,91,12,91,649,4,43
2,3,1,91,12,91,649,6,19
2,4,1,91,12,91,649,7,7
2,1,1,12,7,91,649,0,12
2,2,1,12,7,91,649,1,5
2,1,1,7,5,91,649,0,7
2,2,1,7,5,91,649,1,2
2,1,1,5,2,91,649,0,5
2,2,1,5,2,91,649,2,1
2,1,1,2,1,91,649,0,2
2,2,1,2,1,91,649,2,0
2,1,1,73,943,943,73,0,73
2,1,1,943,73,943,73,0,943
2,2,1,943,73,943,73,8,359
2,3,1,943,73,943,73,12,67
2,1,1,73,67,943,73,0,73
2,2,1,73,67,943,73,1,6
2,1,1,67,6,943,73,0,67
2,2,1,67,6,943,73,8,19
2,3,1,67,6,943,73,10,7
2,4,1,67,6,943,73,11,1
2,1,1,6,1,943,73,0,6
2,2,1,6,1,943,73,4,2
2,3,1,6,1,943,73,6,0
2,1,1,943,73,73,943,0,943
2,2,1,943,73,73,943,8,359
2,3,1,943,73,73,943,12,67
2,1,1,73,67,73,943,0,73
2,2,1,73,67,73,943,1,6
2,1,1,67,6,73,943,0,67
2,2,1,67,6,73,943,8,19
2,3,1,67,6,73,943,10,7
2,4,1,67,6,73,943,11,1
2,1,1,6,1,73,943,0,6
2,2,1,6,1,73,943,4,2
2,3,1,6,1,73,943,6,0
2,1,1,99,159,159,99,0,99
2,1,1,159,99,159,99,0,159
2,2,1,159,99,159,99,1,60
2,1,1,99,60,159,99,0,99
2,2,1,99,60,159,99,1,39
2,1,1,60,39,159,99,0,60
2,2,1,60,39,159,99,1,21
2,1,1,39,21,159,99,0,39
2,2,1,39,21,159,99,1,18
2,1,1,21,18,159,99,0,21
2,2,1,21,18,159,99,1,3
2,1,1,18,3,159,99,0,18
2,2,1,18,3,159,99,4,6
2,3,1,18,3,159,99,6,0
2,1,1,159,99,99,159,0,159
2,2,1,159,99,99,159,1,60
2,1,1,99,60,99,159,0,99
2,2,1,99,60,99,159,1,39
2,1,1,60,39,99,159,0,60
2,2,1,60,39,99,159,1,21
2,1,1,39,21,99,159,0,39
2,2,1,39,21,99,159,1,18
2,1,1,21,18,99,159,0,21
2,2,1,21,18,99,159,1,3
2,1,1,18,3,99,159,0,18
2,2,1,18,3,99,159,4,6
2,3,1,18,3,99,159,6,0
2,1,1,40,281,281,40,0,40
2,1,1,281,40,281,40,0,281
2,2,1,281,40,281,40,4,121
2,3,1,281,40,281,40,6,41
2,4,1,281,40,281,40,7,1
2,1,1,40,1,281,40,0,40
2,2,1,40,1,281,40,32,8
2,3,1,40,1,281,40,40,0
2,1,1,281,40,40,281,0,281
2,2,1,281,40,40,281,4,121
2,3,1,281,40,40,281,6,41
2,4,1,281,40,40,281,7,1
2,1,1,40,1,40,281,0,40
2,2,1,40,1,40,281,32,8
2,3,1,40,1,40,281,40,0
2,1,1,17,159,159,17,0,17
2,1,1,159,17,159,17,0,159
2,2,1,159,17,159,17,8,23
2,3,1,159,17,159,17,9,6
2,1,1,17,6,159,17,0,17
2,2,1,17,6,159,17,2,5
2,1,1,6,5,159,17,0,6
2,2,1,6,5,159,17,1,1
2,1,1,5,1,159,17,0,5
2,2,1,5,1,159,17,4,1
2,3,1,5,1,159,17,5,0
2,1,1,159,17,17,159,0,159
2,2,1,159,17,17,159,8,23
2,3,1,159,17,17,159,9,6
2,1,1,17,6,17,159,0,17
2,2,1,17,6,17,159,2,5
2,1,1,6,5,17,159,0,6
2,2,1,6,5,17,159,1,1
2,1,1,5,1,17,159,0,5
2,2,1,5,1,17,159,4,1
2,3,1,5,1,17,159,5,0
2,1,1,82,223,223,82,0,82
2,1,1,223,82,223,82,0,223
2,2,1,223,82,223,82,2,59
2,1,1,82,59,223,82,0,82
2,2,1,82,59,223,82,1,23
2,1,1,59,23,223,82,0,59
2,2,1,59,23,223,82,2,13
2,1,1,23,13,223,82,0,23
2,2,1,23,13,223,82,1,10
2,1,1,13,10,223,82,0,13
2,2,1,13,10,223,82,1,3
2,1,1,10,3,223,82,0,10
2,2,1,10,3,223,82,2,4
2,3,1,10,3,223,82,3,1
2,1,1,3,1,223,82,0,3
2,2,1,3,1,223,82,2,1
2,3,1,3,1,223,82,3,0
2,1,1,223,82,82,223,0,223
2,2,1,223,82,82,223,2,59
2,1,1,82,59,82,223,0,82
2,2,1,82,59,82,223,1,23
2,1,1,59,23,82,223,0,59
2,2,1,59,23,82,223,2,13
2,1,1,23,13,82,223,0,23
2,2,1,23,13,82,223,1,10
2,1,1,13,10,82,223,0,13
2,2,1,13,10,82,223,1,3
2,1,1,10,3,82,223,0,10
2,2,1,10,3,82,223,2,4
2,3,1,10,3,82,223,3,1
2,1,1,3,1,82,223,0,3
2,2,1,3,1,82,223,2,1
2,3,1,3,1,82,223,3,0
2,1,1,59,135,135,59,0,59
2,1,1,135,59,135,59,0,135
2,2,1,135,59,135,59,2,17
2,1,1,59,17,135,59,0,59
2,2,1,59,17,135,59,2,25
2,3,1,59,17,135,59,3,8
2,1,1,17,8,135,59,0,17
2,2,1,17,8,135,59,2,1
2,1,1,8,1,135,59,0,8
2,2,1,8,1,135,59,8,0
2,1,1,135,59,59,135,0,135
2,2,1,135,59,59,135,2,17
2,1,1,59,17,59,135,0,59
2,2,1,59,17,59,135,2,25
2,3,1,59,17,59,135,3,8
2,1,1,17,8,59,135,0,17
2,2,1,17,8,59,135,2,1
2,1,1,8,1,59,135,0,8
2,2,1,8,1,59,135,8,0
