trace_idx,while_counter,1,A,R,u,v,r,s,t
1,1,1,1,1,3,1,0,1,1
1,1,1,3,2,5,1,1,1,1
2,2,1,3,2,5,1,1,1,1
2,2,1,3,2,5,3,0,1,1
3,2,1,3,2,5,3,0,1,1
1,2,1,3,2,5,3,0,1,1
1,1,1,5,3,7,1,4,1,1
2,2,1,5,3,7,1,4,1,1
2,2,1,5,3,7,3,3,1,1
2,2,1,5,3,7,5,0,1,1
3,2,1,5,3,7,5,0,1,1
1,2,1,5,3,7,5,0,1,1
1,1,1,7,3,7,1,2,1,1
2,2,1,7,3,7,1,2,1,1
2,2,1,7,3,7,3,1,1,1
2,2,1,7,3,7,5,-2,1,1
3,2,1,7,3,7,5,-2,1,1
3,2,1,7,3,9,5,5,1,1
1,2,1,7,3,9,5,5,1,1
2,3,1,7,3,9,5,5,1,1
2,3,1,7,3,9,7,0,1,1
3,3,1,7,3,9,7,0,1,1
1,3,1,7,3,9,7,0,1,1
1,1,1,9,3,7,1,0,1,1
1,1,1,11,4,9,1,5,1,1
2,2,1,11,4,9,1,5,1,1
2,2,1,11,4,9,3,4,1,1
2,2,1,11,4,9,5,1,1,1
2,2,1,11,4,9,7,-4,1,1
3,2,1,11,4,9,7,-4,1,1
3,2,1,11,4,11,7,5,1,1
1,2,1,11,4,11,7,5,1,1
2,3,1,11,4,11,7,5,1,1
2,3,1,11,4,11,9,-2,1,1
3,3,1,11,4,11,9,-2,1,1
3,3,1,11,4,13,9,9,1,1
1,3,1,11,4,13,9,9,1,1
2,4,1,11,4,13,9,9,1,1
2,4,1,11,4,13,11,0,1,1
3,4,1,11,4,13,11,0,1,1
1,4,1,11,4,13,11,0,1,1
1,1,1,13,4,9,1,3,1,1
2,2,1,13,4,9,1,3,1,1
2,2,1,13,4,9,3,2,1,1
2,2,1,13,4,9,5,-1,1,1
3,2,1,13,4,9,5,-1,1,1
3,2,1,13,4,11,5,8,1,1
1,2,1,13,4,11,5,8,1,1
2,3,1,13,4,11,5,8,1,1
2,3,1,13,4,11,7,3,1,1
2,3,1,13,4,11,9,-4,1,1
3,3,1,13,4,11,9,-4,1,1
3,3,1,13,4,13,9,7,1,1
1,3,1,13,4,13,9,7,1,1
2,4,1,13,4,13,9,7,1,1
2,4,1,13,4,13,11,-2,1,1
3,4,1,13,4,13,11,-2,1,1
3,4,1,13,4,15,11,11,1,1
1,4,1,13,4,15,11,11,1,1
2,5,1,13,4,15,11,11,1,1
2,5,1,13,4,15,13,0,1,1
3,5,1,13,4,15,13,0,1,1
1,5,1,13,4,15,13,0,1,1
1,1,1,15,4,9,1,1,1,1
2,2,1,15,4,9,1,1,1,1
2,2,1,15,4,9,3,0,1,1
3,2,1,15,4,9,3,0,1,1
1,2,1,15,4,9,3,0,1,1
1,1,1,17,5,11,1,8,1,1
2,2,1,17,5,11,1,8,1,1
2,2,1,17,5,11,3,7,1,1
2,2,1,17,5,11,5,4,1,1
2,2,1,17,5,11,7,-1,1,1
3,2,1,17,5,11,7,-1,1,1
3,2,1,17,5,13,7,10,1,1
1,2,1,17,5,13,7,10,1,1
2,3,1,17,5,13,7,10,1,1
2,3,1,17,5,13,9,3,1,1
2,3,1,17,5,13,11,-6,1,1
3,3,1,17,5,13,11,-6,1,1
3,3,1,17,5,15,11,7,1,1
1,3,1,17,5,15,11,7,1,1
2,4,1,17,5,15,11,7,1,1
2,4,1,17,5,15,13,-4,1,1
3,4,1,17,5,15,13,-4,1,1
3,4,1,17,5,17,13,11,1,1
1,4,1,17,5,17,13,11,1,1
2,5,1,17,5,17,13,11,1,1
2,5,1,17,5,17,15,-2,1,1
3,5,1,17,5,17,15,-2,1,1
3,5,1,17,5,19,15,15,1,1
1,5,1,17,5,19,15,15,1,1
2,6,1,17,5,19,15,15,1,1
2,6,1,17,5,19,17,0,1,1
3,6,1,17,5,19,17,0,1,1
1,6,1,17,5,19,17,0,1,1
1,1,1,19,5,11,1,6,1,1
2,2,1,19,5,11,1,6,1,1
2,2,1,19,5,11,3,5,1,1
2,2,1,19,5,11,5,2,1,1
2,2,1,19,5,11,7,-3,1,1
3,2,1,19,5,11,7,-3,1,1
3,2,1,19,5,13,7,8,1,1
1,2,1,19,5,13,7,8,1,1
2,3,1,19,5,13,7,8,1,1
2,3,1,19,5,13,9,1,1,1
2,3,1,19,5,13,11,-8,1,1
3,3,1,19,5,13,11,-8,1,1
3,3,1,19,5,15,11,5,1,1
1,3,1,19,5,15,11,5,1,1
2,4,1,19,5,15,11,5,1,1
2,4,1,19,5,15,13,-6,1,1
3,4,1,19,5,15,13,-6,1,1
3,4,1,19,5,17,13,9,1,1
1,4,1,19,5,17,13,9,1,1
2,5,1,19,5,17,13,9,1,1
2,5,1,19,5,17,15,-4,1,1
3,5,1,19,5,17,15,-4,1,1
3,5,1,19,5,19,15,13,1,1
1,5,1,19,5,19,15,13,1,1
2,6,1,19,5,19,15,13,1,1
2,6,1,19,5,19,17,-2,1,1
3,6,1,19,5,19,17,-2,1,1
3,6,1,19,5,21,17,17,1,1
1,6,1,19,5,21,17,17,1,1
2,7,1,19,5,21,17,17,1,1
2,7,1,19,5,21,19,0,1,1
3,7,1,19,5,21,19,0,1,1
1,7,1,19,5,21,19,0,1,1
1,1,1,21,5,11,1,4,1,1
2,2,1,21,5,11,1,4,1,1
2,2,1,21,5,11,3,3,1,1
2,2,1,21,5,11,5,0,1,1
3,2,1,21,5,11,5,0,1,1
1,2,1,21,5,11,5,0,1,1
1,1,1,27,6,13,1,9,1,1
2,2,1,27,6,13,1,9,1,1
2,2,1,27,6,13,3,8,1,1
2,2,1,27,6,13,5,5,1,1
2,2,1,27,6,13,7,0,1,1
3,2,1,27,6,13,7,0,1,1
1,2,1,27,6,13,7,0,1,1
1,1,1,33,6,13,1,3,1,1
2,2,1,33,6,13,1,3,1,1
2,2,1,33,6,13,3,2,1,1
2,2,1,33,6,13,5,-1,1,1
3,2,1,33,6,13,5,-1,1,1
3,2,1,33,6,15,5,12,1,1
1,2,1,33,6,15,5,12,1,1
2,3,1,33,6,15,5,12,1,1
2,3,1,33,6,15,7,7,1,1
2,3,1,33,6,15,9,0,1,1
3,3,1,33,6,15,9,0,1,1
1,3,1,33,6,15,9,0,1,1
1,1,1,39,7,15,1,10,1,1
2,2,1,39,7,15,1,10,1,1
2,2,1,39,7,15,3,9,1,1
2,2,1,39,7,15,5,6,1,1
2,2,1,39,7,15,7,1,1,1
2,2,1,39,7,15,9,-6,1,1
3,2,1,39,7,15,9,-6,1,1
3,2,1,39,7,17,9,9,1,1
1,2,1,39,7,17,9,9,1,1
2,3,1,39,7,17,9,9,1,1
2,3,1,39,7,17,11,0,1,1
3,3,1,39,7,17,11,0,1,1
1,3,1,39,7,17,11,0,1,1
1,1,1,45,7,15,1,4,1,1
2,2,1,45,7,15,1,4,1,1
2,2,1,45,7,15,3,3,1,1
2,2,1,45,7,15,5,0,1,1
3,2,1,45,7,15,5,0,1,1
1,2,1,45,7,15,5,0,1,1
1,1,1,51,8,17,1,13,1,1
2,2,1,51,8,17,1,13,1,1
2,2,1,51,8,17,3,12,1,1
2,2,1,51,8,17,5,9,1,1
2,2,1,51,8,17,7,4,1,1
2,2,1,51,8,17,9,-3,1,1
3,2,1,51,8,17,9,-3,1,1
3,2,1,51,8,19,9,14,1,1
1,2,1,51,8,19,9,14,1,1
2,3,1,51,8,19,9,14,1,1
2,3,1,51,8,19,11,5,1,1
2,3,1,51,8,19,13,-6,1,1
3,3,1,51,8,19,13,-6,1,1
3,3,1,51,8,21,13,13,1,1
1,3,1,51,8,21,13,13,1,1
2,4,1,51,8,21,13,13,1,1
2,4,1,51,8,21,15,0,1,1
3,4,1,51,8,21,15,0,1,1
1,4,1,51,8,21,15,0,1,1
1,1,1,61,8,17,1,3,1,1
2,2,1,61,8,17,1,3,1,1
2,2,1,61,8,17,3,2,1,1
2,2,1,61,8,17,5,-1,1,1
3,2,1,61,8,17,5,-1,1,1
3,2,1,61,8,19,5,16,1,1
1,2,1,61,8,19,5,16,1,1
2,3,1,61,8,19,5,16,1,1
2,3,1,61,8,19,7,11,1,1
2,3,1,61,8,19,9,4,1,1
2,3,1,61,8,19,11,-5,1,1
3,3,1,61,8,19,11,-5,1,1
3,3,1,61,8,21,11,14,1,1
1,3,1,61,8,21,11,14,1,1
2,4,1,61,8,21,11,14,1,1
2,4,1,61,8,21,13,3,1,1
2,4,1,61,8,21,15,-10,1,1
3,4,1,61,8,21,15,-10,1,1
3,4,1,61,8,23,15,11,1,1
1,4,1,61,8,23,15,11,1,1
2,5,1,61,8,23,15,11,1,1
2,5,1,61,8,23,17,-4,1,1
3,5,1,61,8,23,17,-4,1,1
3,5,1,61,8,25,17,19,1,1
1,5,1,61,8,25,17,19,1,1
2,6,1,61,8,25,17,19,1,1
2,6,1,61,8,25,19,2,1,1
2,6,1,61,8,25,21,-17,1,1
3,6,1,61,8,25,21,-17,1,1
3,6,1,61,8,27,21,8,1,1
1,6,1,61,8,27,21,8,1,1
2,7,1,61,8,27,21,8,1,1
2,7,1,61,8,27,23,-13,1,1
3,7,1,61,8,27,23,-13,1,1
3,7,1,61,8,29,23,14,1,1
1,7,1,61,8,29,23,14,1,1
2,8,1,61,8,29,23,14,1,1
2,8,1,61,8,29,25,-9,1,1
3,8,1,61,8,29,25,-9,1,1
3,8,1,61,8,31,25,20,1,1
1,8,1,61,8,31,25,20,1,1
2,9,1,61,8,31,25,20,1,1
2,9,1,61,8,31,27,-5,1,1
3,9,1,61,8,31,27,-5,1,1
3,9,1,61,8,33,27,26,1,1
1,9,1,61,8,33,27,26,1,1
2,10,1,61,8,33,27,26,1,1
2,10,1,61,8,33,29,-1,1,1
3,10,1,61,8,33,29,-1,1,1
3,10,1,61,8,35,29,32,1,1
1,10,1,61,8,35,29,32,1,1
2,11,1,61,8,35,29,32,1,1
2,11,1,61,8,35,31,3,1,1
2,11,1,61,8,35,33,-28,1,1
3,11,1,61,8,35,33,-28,1,1
3,11,1,61,8,37,33,7,1,1
1,11,1,61,8,37,33,7,1,1
2,12,1,61,8,37,33,7,1,1
2,12,1,61,8,37,35,-26,1,1
3,12,1,61,8,37,35,-26,1,1
3,12,1,61,8,39,35,11,1,1
1,12,1,61,8,39,35,11,1,1
2,13,1,61,8,39,35,11,1,1
2,13,1,61,8,39,37,-24,1,1
3,13,1,61,8,39,37,-24,1,1
3,13,1,61,8,41,37,15,1,1
1,13,1,61,8,41,37,15,1,1
2,14,1,61,8,41,37,15,1,1
2,14,1,61,8,41,39,-22,1,1
3,14,1,61,8,41,39,-22,1,1
3,14,1,61,8,43,39,19,1,1
1,14,1,61,8,43,39,19,1,1
2,15,1,61,8,43,39,19,1,1
2,15,1,61,8,43,41,-20,1,1
3,15,1,61,8,43,41,-20,1,1
3,15,1,61,8,45,41,23,1,1
1,15,1,61,8,45,41,23,1,1
2,16,1,61,8,45,41,23,1,1
2,16,1,61,8,45,43,-18,1,1
3,16,1,61,8,45,43,-18,1,1
3,16,1,61,8,47,43,27,1,1
1,16,1,61,8,47,43,27,1,1
2,17,1,61,8,47,43,27,1,1
2,17,1,61,8,47,45,-16,1,1
3,17,1,61,8,47,45,-16,1,1
3,17,1,61,8,49,45,31,1,1
1,17,1,61,8,49,45,31,1,1
2,18,1,61,8,49,45,31,1,1
2,18,1,61,8,49,47,-14,1,1
3,18,1,61,8,49,47,-14,1,1
3,18,1,61,8,51,47,35,1,1
1,18,1,61,8,51,47,35,1,1
2,19,1,61,8,51,47,35,1,1
2,19,1,61,8,51,49,-12,1,1
3,19,1,61,8,51,49,-12,1,1
3,19,1,61,8,53,49,39,1,1
1,19,1,61,8,53,49,39,1,1
2,20,1,61,8,53,49,39,1,1
2,20,1,61,8,53,51,-10,1,1
3,20,1,61,8,53,51,-10,1,1
3,20,1,61,8,55,51,43,1,1
1,20,1,61,8,55,51,43,1,1
2,21,1,61,8,55,51,43,1,1
2,21,1,61,8,55,53,-8,1,1
3,21,1,61,8,55,53,-8,1,1
3,21,1,61,8,57,53,47,1,1
1,21,1,61,8,57,53,47,1,1
2,22,1,61,8,57,53,47,1,1
2,22,1,61,8,57,55,-6,1,1
3,22,1,61,8,57,55,-6,1,1
3,22,1,61,8,59,55,51,1,1
1,22,1,61,8,59,55,51,1,1
2,23,1,61,8,59,55,51,1,1
2,23,1,61,8,59,57,-4,1,1
3,23,1,61,8,59,57,-4,1,1
3,23,1,61,8,61,57,55,1,1
1,23,1,61,8,61,57,55,1,1
2,24,1,61,8,61,57,55,1,1
2,24,1,61,8,61,59,-2,1,1
3,24,1,61,8,61,59,-2,1,1
3,24,1,61,8,63,59,59,1,1
1,24,1,61,8,63,59,59,1,1
2,25,1,61,8,63,59,59,1,1
2,25,1,61,8,63,61,0,1,1
3,25,1,61,8,63,61,0,1,1
1,25,1,61,8,63,61,0,1,1
1,1,1,71,9,19,1,10,1,1
2,2,1,71,9,19,1,10,1,1
2,2,1,71,9,19,3,9,1,1
2,2,1,71,9,19,5,6,1,1
2,2,1,71,9,19,7,1,1,1
2,2,1,71,9,19,9,-6,1,1
3,2,1,71,9,19,9,-6,1,1
3,2,1,71,9,21,9,13,1,1
1,2,1,71,9,21,9,13,1,1
2,3,1,71,9,21,9,13,1,1
2,3,1,71,9,21,11,4,1,1
2,3,1,71,9,21,13,-7,1,1
3,3,1,71,9,21,13,-7,1,1
3,3,1,71,9,23,13,14,1,1
1,3,1,71,9,23,13,14,1,1
2,4,1,71,9,23,13,14,1,1
2,4,1,71,9,23,15,1,1,1
2,4,1,71,9,23,17,-14,1,1
3,4,1,71,9,23,17,-14,1,1
3,4,1,71,9,25,17,9,1,1
1,4,1,71,9,25,17,9,1,1
2,5,1,71,9,25,17,9,1,1
2,5,1,71,9,25,19,-8,1,1
3,5,1,71,9,25,19,-8,1,1
3,5,1,71,9,27,19,17,1,1
1,5,1,71,9,27,19,17,1,1
2,6,1,71,9,27,19,17,1,1
2,6,1,71,9,27,21,-2,1,1
3,6,1,71,9,27,21,-2,1,1
3,6,1,71,9,29,21,25,1,1
1,6,1,71,9,29,21,25,1,1
2,7,1,71,9,29,21,25,1,1
2,7,1,71,9,29,23,4,1,1
2,7,1,71,9,29,25,-19,1,1
3,7,1,71,9,29,25,-19,1,1
3,7,1,71,9,31,25,10,1,1
1,7,1,71,9,31,25,10,1,1
2,8,1,71,9,31,25,10,1,1
2,8,1,71,9,31,27,-15,1,1
3,8,1,71,9,31,27,-15,1,1
3,8,1,71,9,33,27,16,1,1
1,8,1,71,9,33,27,16,1,1
2,9,1,71,9,33,27,16,1,1
2,9,1,71,9,33,29,-11,1,1
3,9,1,71,9,33,29,-11,1,1
3,9,1,71,9,35,29,22,1,1
1,9,1,71,9,35,29,22,1,1
2,10,1,71,9,35,29,22,1,1
2,10,1,71,9,35,31,-7,1,1
3,10,1,71,9,35,31,-7,1,1
3,10,1,71,9,37,31,28,1,1
1,10,1,71,9,37,31,28,1,1
2,11,1,71,9,37,31,28,1,1
2,11,1,71,9,37,33,-3,1,1
3,11,1,71,9,37,33,-3,1,1
3,11,1,71,9,39,33,34,1,1
1,11,1,71,9,39,33,34,1,1
2,12,1,71,9,39,33,34,1,1
2,12,1,71,9,39,35,1,1,1
2,12,1,71,9,39,37,-34,1,1
3,12,1,71,9,39,37,-34,1,1
3,12,1,71,9,41,37,5,1,1
1,12,1,71,9,41,37,5,1,1
2,13,1,71,9,41,37,5,1,1
2,13,1,71,9,41,39,-32,1,1
3,13,1,71,9,41,39,-32,1,1
3,13,1,71,9,43,39,9,1,1
1,13,1,71,9,43,39,9,1,1
2,14,1,71,9,43,39,9,1,1
2,14,1,71,9,43,41,-30,1,1
3,14,1,71,9,43,41,-30,1,1
3,14,1,71,9,45,41,13,1,1
1,14,1,71,9,45,41,13,1,1
2,15,1,71,9,45,41,13,1,1
2,15,1,71,9,45,43,-28,1,1
3,15,1,71,9,45,43,-28,1,1
3,15,1,71,9,47,43,17,1,1
1,15,1,71,9,47,43,17,1,1
2,16,1,71,9,47,43,17,1,1
2,16,1,71,9,47,45,-26,1,1
3,16,1,71,9,47,45,-26,1,1
3,16,1,71,9,49,45,21,1,1
1,16,1,71,9,49,45,21,1,1
2,17,1,71,9,49,45,21,1,1
2,17,1,71,9,49,47,-24,1,1
3,17,1,71,9,49,47,-24,1,1
3,17,1,71,9,51,47,25,1,1
1,17,1,71,9,51,47,25,1,1
2,18,1,71,9,51,47,25,1,1
2,18,1,71,9,51,49,-22,1,1
3,18,1,71,9,51,49,-22,1,1
3,18,1,71,9,53,49,29,1,1
1,18,1,71,9,53,49,29,1,1
2,19,1,71,9,53,49,29,1,1
2,19,1,71,9,53,51,-20,1,1
3,19,1,71,9,53,51,-20,1,1
3,19,1,71,9,55,51,33,1,1
1,19,1,71,9,55,51,33,1,1
2,20,1,71,9,55,51,33,1,1
2,20,1,71,9,55,53,-18,1,1
3,20,1,71,9,55,53,-18,1,1
3,20,1,71,9,57,53,37,1,1
1,20,1,71,9,57,53,37,1,1
2,21,1,71,9,57,53,37,1,1
2,21,1,71,9,57,55,-16,1,1
3,21,1,71,9,57,55,-16,1,1
3,21,1,71,9,59,55,41,1,1
1,21,1,71,9,59,55,41,1,1
2,22,1,71,9,59,55,41,1,1
2,22,1,71,9,59,57,-14,1,1
3,22,1,71,9,59,57,-14,1,1
3,22,1,71,9,61,57,45,1,1
1,22,1,71,9,61,57,45,1,1
2,23,1,71,9,61,57,45,1,1
2,23,1,71,9,61,59,-12,1,1
3,23,1,71,9,61,59,-12,1,1
3,23,1,71,9,63,59,49,1,1
1,23,1,71,9,63,59,49,1,1
2,24,1,71,9,63,59,49,1,1
2,24,1,71,9,63,61,-10,1,1
3,24,1,71,9,63,61,-10,1,1
3,24,1,71,9,65,61,53,1,1
1,24,1,71,9,65,61,53,1,1
2,25,1,71,9,65,61,53,1,1
2,25,1,71,9,65,63,-8,1,1
3,25,1,71,9,65,63,-8,1,1
3,25,1,71,9,67,63,57,1,1
1,25,1,71,9,67,63,57,1,1
2,26,1,71,9,67,63,57,1,1
2,26,1,71,9,67,65,-6,1,1
3,26,1,71,9,67,65,-6,1,1
3,26,1,71,9,69,65,61,1,1
1,26,1,71,9,69,65,61,1,1
2,27,1,71,9,69,65,61,1,1
2,27,1,71,9,69,67,-4,1,1
3,27,1,71,9,69,67,-4,1,1
3,27,1,71,9,71,67,65,1,1
1,27,1,71,9,71,67,65,1,1
2,28,1,71,9,71,67,65,1,1
2,28,1,71,9,71,69,-2,1,1
3,28,1,71,9,71,69,-2,1,1
3,28,1,71,9,73,69,69,1,1
1,28,1,71,9,73,69,69,1,1
2,29,1,71,9,73,69,69,1,1
2,29,1,71,9,73,71,0,1,1
3,29,1,71,9,73,71,0,1,1
1,29,1,71,9,73,71,0,1,1
1,1,1,81,9,19,1,0,1,1
1,1,1,91,10,21,1,9,1,1
2,2,1,91,10,21,1,9,1,1
2,2,1,91,10,21,3,8,1,1
2,2,1,91,10,21,5,5,1,1
2,2,1,91,10,21,7,0,1,1
3,2,1,91,10,21,7,0,1,1
1,2,1,91,10,21,7,0,1,1
1,1,1,4477,67,135,1,12,1,1
2,2,1,4477,67,135,1,12,1,1
2,2,1,4477,67,135,3,11,1,1
2,2,1,4477,67,135,5,8,1,1
2,2,1,4477,67,135,7,3,1,1
2,2,1,4477,67,135,9,-4,1,1
3,2,1,4477,67,135,9,-4,1,1
3,2,1,4477,67,137,9,131,1,1
1,2,1,4477,67,137,9,131,1,1
2,3,1,4477,67,137,9,131,1,1
2,3,1,4477,67,137,11,122,1,1
2,3,1,4477,67,137,13,111,1,1
2,3,1,4477,67,137,15,98,1,1
2,3,1,4477,67,137,17,83,1,1
2,3,1,4477,67,137,19,66,1,1
2,3,1,4477,67,137,21,47,1,1
2,3,1,4477,67,137,23,26,1,1
2,3,1,4477,67,137,25,3,1,1
2,3,1,4477,67,137,27,-22,1,1
3,3,1,4477,67,137,27,-22,1,1
3,3,1,4477,67,139,27,115,1,1
1,3,1,4477,67,139,27,115,1,1
2,4,1,4477,67,139,27,115,1,1
2,4,1,4477,67,139,29,88,1,1
2,4,1,4477,67,139,31,59,1,1
2,4,1,4477,67,139,33,28,1,1
2,4,1,4477,67,139,35,-5,1,1
3,4,1,4477,67,139,35,-5,1,1
3,4,1,4477,67,141,35,134,1,1
1,4,1,4477,67,141,35,134,1,1
2,5,1,4477,67,141,35,134,1,1
2,5,1,4477,67,141,37,99,1,1
2,5,1,4477,67,141,39,62,1,1
2,5,1,4477,67,141,41,23,1,1
2,5,1,4477,67,141,43,-18,1,1
3,5,1,4477,67,141,43,-18,1,1
3,5,1,4477,67,143,43,123,1,1
1,5,1,4477,67,143,43,123,1,1
2,6,1,4477,67,143,43,123,1,1
2,6,1,4477,67,143,45,80,1,1
2,6,1,4477,67,143,47,35,1,1
2,6,1,4477,67,143,49,-12,1,1
3,6,1,4477,67,143,49,-12,1,1
3,6,1,4477,67,145,49,131,1,1
1,6,1,4477,67,145,49,131,1,1
2,7,1,4477,67,145,49,131,1,1
2,7,1,4477,67,145,51,82,1,1
2,7,1,4477,67,145,53,31,1,1
2,7,1,4477,67,145,55,-22,1,1
3,7,1,4477,67,145,55,-22,1,1
3,7,1,4477,67,147,55,123,1,1
1,7,1,4477,67,147,55,123,1,1
2,8,1,4477,67,147,55,123,1,1
2,8,1,4477,67,147,57,68,1,1
2,8,1,4477,67,147,59,11,1,1
2,8,1,4477,67,147,61,-48,1,1
3,8,1,4477,67,147,61,-48,1,1
3,8,1,4477,67,149,61,99,1,1
1,8,1,4477,67,149,61,99,1,1
2,9,1,4477,67,149,61,99,1,1
2,9,1,4477,67,149,63,38,1,1
2,9,1,4477,67,149,65,-25,1,1
3,9,1,4477,67,149,65,-25,1,1
3,9,1,4477,67,151,65,124,1,1
1,9,1,4477,67,151,65,124,1,1
2,10,1,4477,67,151,65,124,1,1
2,10,1,4477,67,151,67,59,1,1
2,10,1,4477,67,151,69,-8,1,1
3,10,1,4477,67,151,69,-8,1,1
3,10,1,4477,67,153,69,143,1,1
1,10,1,4477,67,153,69,143,1,1
2,11,1,4477,67,153,69,143,1,1
2,11,1,4477,67,153,71,74,1,1
2,11,1,4477,67,153,73,3,1,1
2,11,1,4477,67,153,75,-70,1,1
3,11,1,4477,67,153,75,-70,1,1
3,11,1,4477,67,155,75,83,1,1
1,11,1,4477,67,155,75,83,1,1
2,12,1,4477,67,155,75,83,1,1
2,12,1,4477,67,155,77,8,1,1
2,12,1,4477,67,155,79,-69,1,1
3,12,1,4477,67,155,79,-69,1,1
3,12,1,4477,67,157,79,86,1,1
1,12,1,4477,67,157,79,86,1,1
2,13,1,4477,67,157,79,86,1,1
2,13,1,4477,67,157,81,7,1,1
2,13,1,4477,67,157,83,-74,1,1
3,13,1,4477,67,157,83,-74,1,1
3,13,1,4477,67,159,83,83,1,1
1,13,1,4477,67,159,83,83,1,1
2,14,1,4477,67,159,83,83,1,1
2,14,1,4477,67,159,85,0,1,1
3,14,1,4477,67,159,85,0,1,1
1,14,1,4477,67,159,85,0,1,1
1,1,1,4247,66,133,1,109,1,1
2,2,1,4247,66,133,1,109,1,1
2,2,1,4247,66,133,3,108,1,1
2,2,1,4247,66,133,5,105,1,1
2,2,1,4247,66,133,7,100,1,1
2,2,1,4247,66,133,9,93,1,1
2,2,1,4247,66,133,11,84,1,1
2,2,1,4247,66,133,13,73,1,1
2,2,1,4247,66,133,15,60,1,1
2,2,1,4247,66,133,17,45,1,1
2,2,1,4247,66,133,19,28,1,1
2,2,1,4247,66,133,21,9,1,1
2,2,1,4247,66,133,23,-12,1,1
3,2,1,4247,66,133,23,-12,1,1
3,2,1,4247,66,135,23,121,1,1
1,2,1,4247,66,135,23,121,1,1
2,3,1,4247,66,135,23,121,1,1
2,3,1,4247,66,135,25,98,1,1
2,3,1,4247,66,135,27,73,1,1
2,3,1,4247,66,135,29,46,1,1
2,3,1,4247,66,135,31,17,1,1
2,3,1,4247,66,135,33,-14,1,1
3,3,1,4247,66,135,33,-14,1,1
3,3,1,4247,66,137,33,121,1,1
1,3,1,4247,66,137,33,121,1,1
2,4,1,4247,66,137,33,121,1,1
2,4,1,4247,66,137,35,88,1,1
2,4,1,4247,66,137,37,53,1,1
2,4,1,4247,66,137,39,16,1,1
2,4,1,4247,66,137,41,-23,1,1
3,4,1,4247,66,137,41,-23,1,1
3,4,1,4247,66,139,41,114,1,1
1,4,1,4247,66,139,41,114,1,1
2,5,1,4247,66,139,41,114,1,1
2,5,1,4247,66,139,43,73,1,1
2,5,1,4247,66,139,45,30,1,1
2,5,1,4247,66,139,47,-15,1,1
3,5,1,4247,66,139,47,-15,1,1
3,5,1,4247,66,141,47,124,1,1
1,5,1,4247,66,141,47,124,1,1
2,6,1,4247,66,141,47,124,1,1
2,6,1,4247,66,141,49,77,1,1
2,6,1,4247,66,141,51,28,1,1
2,6,1,4247,66,141,53,-23,1,1
3,6,1,4247,66,141,53,-23,1,1
3,6,1,4247,66,143,53,118,1,1
1,6,1,4247,66,143,53,118,1,1
2,7,1,4247,66,143,53,118,1,1
2,7,1,4247,66,143,55,65,1,1
2,7,1,4247,66,143,57,10,1,1
2,7,1,4247,66,143,59,-47,1,1
3,7,1,4247,66,143,59,-47,1,1
3,7,1,4247,66,145,59,96,1,1
1,7,1,4247,66,145,59,96,1,1
2,8,1,4247,66,145,59,96,1,1
2,8,1,4247,66,145,61,37,1,1
2,8,1,4247,66,145,63,-24,1,1
3,8,1,4247,66,145,63,-24,1,1
3,8,1,4247,66,147,63,121,1,1
1,8,1,4247,66,147,63,121,1,1
2,9,1,4247,66,147,63,121,1,1
2,9,1,4247,66,147,65,58,1,1
2,9,1,4247,66,147,67,-7,1,1
3,9,1,4247,66,147,67,-7,1,1
3,9,1,4247,66,149,67,140,1,1
1,9,1,4247,66,149,67,140,1,1
2,10,1,4247,66,149,67,140,1,1
2,10,1,4247,66,149,69,73,1,1
2,10,1,4247,66,149,71,4,1,1
2,10,1,4247,66,149,73,-67,1,1
3,10,1,4247,66,149,73,-67,1,1
3,10,1,4247,66,151,73,82,1,1
1,10,1,4247,66,151,73,82,1,1
2,11,1,4247,66,151,73,82,1,1
2,11,1,4247,66,151,75,9,1,1
2,11,1,4247,66,151,77,-66,1,1
3,11,1,4247,66,151,77,-66,1,1
3,11,1,4247,66,153,77,85,1,1
1,11,1,4247,66,153,77,85,1,1
2,12,1,4247,66,153,77,85,1,1
2,12,1,4247,66,153,79,8,1,1
2,12,1,4247,66,153,81,-71,1,1
3,12,1,4247,66,153,81,-71,1,1
3,12,1,4247,66,155,81,82,1,1
1,12,1,4247,66,155,81,82,1,1
2,13,1,4247,66,155,81,82,1,1
2,13,1,4247,66,155,83,1,1,1
2,13,1,4247,66,155,85,-82,1,1
3,13,1,4247,66,155,85,-82,1,1
3,13,1,4247,66,157,85,73,1,1
1,13,1,4247,66,157,85,73,1,1
2,14,1,4247,66,157,85,73,1,1
2,14,1,4247,66,157,87,-12,1,1
3,14,1,4247,66,157,87,-12,1,1
3,14,1,4247,66,159,87,145,1,1
1,14,1,4247,66,159,87,145,1,1
2,15,1,4247,66,159,87,145,1,1
2,15,1,4247,66,159,89,58,1,1
2,15,1,4247,66,159,91,-31,1,1
3,15,1,4247,66,159,91,-31,1,1
3,15,1,4247,66,161,91,128,1,1
1,15,1,4247,66,161,91,128,1,1
2,16,1,4247,66,161,91,128,1,1
2,16,1,4247,66,161,93,37,1,1
2,16,1,4247,66,161,95,-56,1,1
3,16,1,4247,66,161,95,-56,1,1
3,16,1,4247,66,163,95,105,1,1
1,16,1,4247,66,163,95,105,1,1
2,17,1,4247,66,163,95,105,1,1
2,17,1,4247,66,163,97,10,1,1
2,17,1,4247,66,163,99,-87,1,1
3,17,1,4247,66,163,99,-87,1,1
3,17,1,4247,66,165,99,76,1,1
1,17,1,4247,66,165,99,76,1,1
2,18,1,4247,66,165,99,76,1,1
2,18,1,4247,66,165,101,-23,1,1
3,18,1,4247,66,165,101,-23,1,1
3,18,1,4247,66,167,101,142,1,1
1,18,1,4247,66,167,101,142,1,1
2,19,1,4247,66,167,101,142,1,1
2,19,1,4247,66,167,103,41,1,1
2,19,1,4247,66,167,105,-62,1,1
3,19,1,4247,66,167,105,-62,1,1
3,19,1,4247,66,169,105,105,1,1
1,19,1,4247,66,169,105,105,1,1
2,20,1,4247,66,169,105,105,1,1
2,20,1,4247,66,169,107,0,1,1
3,20,1,4247,66,169,107,0,1,1
1,20,1,4247,66,169,107,0,1,1
1,1,1,2307,49,99,1,94,1,1
2,2,1,2307,49,99,1,94,1,1
2,2,1,2307,49,99,3,93,1,1
2,2,1,2307,49,99,5,90,1,1
2,2,1,2307,49,99,7,85,1,1
2,2,1,2307,49,99,9,78,1,1
2,2,1,2307,49,99,11,69,1,1
2,2,1,2307,49,99,13,58,1,1
2,2,1,2307,49,99,15,45,1,1
2,2,1,2307,49,99,17,30,1,1
2,2,1,2307,49,99,19,13,1,1
2,2,1,2307,49,99,21,-6,1,1
3,2,1,2307,49,99,21,-6,1,1
3,2,1,2307,49,101,21,93,1,1
1,2,1,2307,49,101,21,93,1,1
2,3,1,2307,49,101,21,93,1,1
2,3,1,2307,49,101,23,72,1,1
2,3,1,2307,49,101,25,49,1,1
2,3,1,2307,49,101,27,24,1,1
2,3,1,2307,49,101,29,-3,1,1
3,3,1,2307,49,101,29,-3,1,1
3,3,1,2307,49,103,29,98,1,1
1,3,1,2307,49,103,29,98,1,1
2,4,1,2307,49,103,29,98,1,1
2,4,1,2307,49,103,31,69,1,1
2,4,1,2307,49,103,33,38,1,1
2,4,1,2307,49,103,35,5,1,1
2,4,1,2307,49,103,37,-30,1,1
3,4,1,2307,49,103,37,-30,1,1
3,4,1,2307,49,105,37,73,1,1
1,4,1,2307,49,105,37,73,1,1
2,5,1,2307,49,105,37,73,1,1
2,5,1,2307,49,105,39,36,1,1
2,5,1,2307,49,105,41,-3,1,1
3,5,1,2307,49,105,41,-3,1,1
3,5,1,2307,49,107,41,102,1,1
1,5,1,2307,49,107,41,102,1,1
2,6,1,2307,49,107,41,102,1,1
2,6,1,2307,49,107,43,61,1,1
2,6,1,2307,49,107,45,18,1,1
2,6,1,2307,49,107,47,-27,1,1
3,6,1,2307,49,107,47,-27,1,1
3,6,1,2307,49,109,47,80,1,1
1,6,1,2307,49,109,47,80,1,1
2,7,1,2307,49,109,47,80,1,1
2,7,1,2307,49,109,49,33,1,1
2,7,1,2307,49,109,51,-16,1,1
3,7,1,2307,49,109,51,-16,1,1
3,7,1,2307,49,111,51,93,1,1
1,7,1,2307,49,111,51,93,1,1
2,8,1,2307,49,111,51,93,1,1
2,8,1,2307,49,111,53,42,1,1
2,8,1,2307,49,111,55,-11,1,1
3,8,1,2307,49,111,55,-11,1,1
3,8,1,2307,49,113,55,100,1,1
1,8,1,2307,49,113,55,100,1,1
2,9,1,2307,49,113,55,100,1,1
2,9,1,2307,49,113,57,45,1,1
2,9,1,2307,49,113,59,-12,1,1
3,9,1,2307,49,113,59,-12,1,1
3,9,1,2307,49,115,59,101,1,1
1,9,1,2307,49,115,59,101,1,1
2,10,1,2307,49,115,59,101,1,1
2,10,1,2307,49,115,61,42,1,1
2,10,1,2307,49,115,63,-19,1,1
3,10,1,2307,49,115,63,-19,1,1
3,10,1,2307,49,117,63,96,1,1
1,10,1,2307,49,117,63,96,1,1
2,11,1,2307,49,117,63,96,1,1
2,11,1,2307,49,117,65,33,1,1
2,11,1,2307,49,117,67,-32,1,1
3,11,1,2307,49,117,67,-32,1,1
3,11,1,2307,49,119,67,85,1,1
1,11,1,2307,49,119,67,85,1,1
2,12,1,2307,49,119,67,85,1,1
2,12,1,2307,49,119,69,18,1,1
2,12,1,2307,49,119,71,-51,1,1
3,12,1,2307,49,119,71,-51,1,1
3,12,1,2307,49,121,71,68,1,1
1,12,1,2307,49,121,71,68,1,1
2,13,1,2307,49,121,71,68,1,1
2,13,1,2307,49,121,73,-3,1,1
3,13,1,2307,49,121,73,-3,1,1
3,13,1,2307,49,123,73,118,1,1
1,13,1,2307,49,123,73,118,1,1
2,14,1,2307,49,123,73,118,1,1
2,14,1,2307,49,123,75,45,1,1
2,14,1,2307,49,123,77,-30,1,1
3,14,1,2307,49,123,77,-30,1,1
3,14,1,2307,49,125,77,93,1,1
1,14,1,2307,49,125,77,93,1,1
2,15,1,2307,49,125,77,93,1,1
2,15,1,2307,49,125,79,16,1,1
2,15,1,2307,49,125,81,-63,1,1
3,15,1,2307,49,125,81,-63,1,1
3,15,1,2307,49,127,81,62,1,1
1,15,1,2307,49,127,81,62,1,1
2,16,1,2307,49,127,81,62,1,1
2,16,1,2307,49,127,83,-19,1,1
3,16,1,2307,49,127,83,-19,1,1
3,16,1,2307,49,129,83,108,1,1
1,16,1,2307,49,129,83,108,1,1
2,17,1,2307,49,129,83,108,1,1
2,17,1,2307,49,129,85,25,1,1
2,17,1,2307,49,129,87,-60,1,1
3,17,1,2307,49,129,87,-60,1,1
3,17,1,2307,49,131,87,69,1,1
1,17,1,2307,49,131,87,69,1,1
2,18,1,2307,49,131,87,69,1,1
2,18,1,2307,49,131,89,-18,1,1
3,18,1,2307,49,131,89,-18,1,1
3,18,1,2307,49,133,89,113,1,1
1,18,1,2307,49,133,89,113,1,1
2,19,1,2307,49,133,89,113,1,1
2,19,1,2307,49,133,91,24,1,1
2,19,1,2307,49,133,93,-67,1,1
3,19,1,2307,49,133,93,-67,1,1
3,19,1,2307,49,135,93,66,1,1
1,19,1,2307,49,135,93,66,1,1
2,20,1,2307,49,135,93,66,1,1
2,20,1,2307,49,135,95,-27,1,1
3,20,1,2307,49,135,95,-27,1,1
3,20,1,2307,49,137,95,108,1,1
1,20,1,2307,49,137,95,108,1,1
2,21,1,2307,49,137,95,108,1,1
2,21,1,2307,49,137,97,13,1,1
2,21,1,2307,49,137,99,-84,1,1
3,21,1,2307,49,137,99,-84,1,1
3,21,1,2307,49,139,99,53,1,1
1,21,1,2307,49,139,99,53,1,1
2,22,1,2307,49,139,99,53,1,1
2,22,1,2307,49,139,101,-46,1,1
3,22,1,2307,49,139,101,-46,1,1
3,22,1,2307,49,141,101,93,1,1
1,22,1,2307,49,141,101,93,1,1
2,23,1,2307,49,141,101,93,1,1
2,23,1,2307,49,141,103,-8,1,1
3,23,1,2307,49,141,103,-8,1,1
3,23,1,2307,49,143,103,133,1,1
1,23,1,2307,49,143,103,133,1,1
2,24,1,2307,49,143,103,133,1,1
2,24,1,2307,49,143,105,30,1,1
2,24,1,2307,49,143,107,-75,1,1
3,24,1,2307,49,143,107,-75,1,1
3,24,1,2307,49,145,107,68,1,1
1,24,1,2307,49,145,107,68,1,1
2,25,1,2307,49,145,107,68,1,1
2,25,1,2307,49,145,109,-39,1,1
3,25,1,2307,49,145,109,-39,1,1
3,25,1,2307,49,147,109,106,1,1
1,25,1,2307,49,147,109,106,1,1
2,26,1,2307,49,147,109,106,1,1
2,26,1,2307,49,147,111,-3,1,1
3,26,1,2307,49,147,111,-3,1,1
3,26,1,2307,49,149,111,144,1,1
1,26,1,2307,49,149,111,144,1,1
2,27,1,2307,49,149,111,144,1,1
2,27,1,2307,49,149,113,33,1,1
2,27,1,2307,49,149,115,-80,1,1
3,27,1,2307,49,149,115,-80,1,1
3,27,1,2307,49,151,115,69,1,1
1,27,1,2307,49,151,115,69,1,1
2,28,1,2307,49,151,115,69,1,1
2,28,1,2307,49,151,117,-46,1,1
3,28,1,2307,49,151,117,-46,1,1
3,28,1,2307,49,153,117,105,1,1
1,28,1,2307,49,153,117,105,1,1
2,29,1,2307,49,153,117,105,1,1
2,29,1,2307,49,153,119,-12,1,1
3,29,1,2307,49,153,119,-12,1,1
3,29,1,2307,49,155,119,141,1,1
1,29,1,2307,49,155,119,141,1,1
2,30,1,2307,49,155,119,141,1,1
2,30,1,2307,49,155,121,22,1,1
2,30,1,2307,49,155,123,-99,1,1
3,30,1,2307,49,155,123,-99,1,1
3,30,1,2307,49,157,123,56,1,1
1,30,1,2307,49,157,123,56,1,1
2,31,1,2307,49,157,123,56,1,1
2,31,1,2307,49,157,125,-67,1,1
3,31,1,2307,49,157,125,-67,1,1
3,31,1,2307,49,159,125,90,1,1
1,31,1,2307,49,159,125,90,1,1
2,32,1,2307,49,159,125,90,1,1
2,32,1,2307,49,159,127,-35,1,1
3,32,1,2307,49,159,127,-35,1,1
3,32,1,2307,49,161,127,124,1,1
1,32,1,2307,49,161,127,124,1,1
2,33,1,2307,49,161,127,124,1,1
2,33,1,2307,49,161,129,-3,1,1
3,33,1,2307,49,161,129,-3,1,1
3,33,1,2307,49,163,129,158,1,1
1,33,1,2307,49,163,129,158,1,1
2,34,1,2307,49,163,129,158,1,1
2,34,1,2307,49,163,131,29,1,1
2,34,1,2307,49,163,133,-102,1,1
3,34,1,2307,49,163,133,-102,1,1
3,34,1,2307,49,165,133,61,1,1
1,34,1,2307,49,165,133,61,1,1
2,35,1,2307,49,165,133,61,1,1
2,35,1,2307,49,165,135,-72,1,1
3,35,1,2307,49,165,135,-72,1,1
3,35,1,2307,49,167,135,93,1,1
1,35,1,2307,49,167,135,93,1,1
2,36,1,2307,49,167,135,93,1,1
2,36,1,2307,49,167,137,-42,1,1
3,36,1,2307,49,167,137,-42,1,1
3,36,1,2307,49,169,137,125,1,1
1,36,1,2307,49,169,137,125,1,1
2,37,1,2307,49,169,137,125,1,1
2,37,1,2307,49,169,139,-12,1,1
3,37,1,2307,49,169,139,-12,1,1
3,37,1,2307,49,171,139,157,1,1
1,37,1,2307,49,171,139,157,1,1
2,38,1,2307,49,171,139,157,1,1
2,38,1,2307,49,171,141,18,1,1
2,38,1,2307,49,171,143,-123,1,1
3,38,1,2307,49,171,143,-123,1,1
3,38,1,2307,49,173,143,48,1,1
1,38,1,2307,49,173,143,48,1,1
2,39,1,2307,49,173,143,48,1,1
2,39,1,2307,49,173,145,-95,1,1
3,39,1,2307,49,173,145,-95,1,1
3,39,1,2307,49,175,145,78,1,1
1,39,1,2307,49,175,145,78,1,1
2,40,1,2307,49,175,145,78,1,1
2,40,1,2307,49,175,147,-67,1,1
3,40,1,2307,49,175,147,-67,1,1
3,40,1,2307,49,177,147,108,1,1
1,40,1,2307,49,177,147,108,1,1
2,41,1,2307,49,177,147,108,1,1
2,41,1,2307,49,177,149,-39,1,1
3,41,1,2307,49,177,149,-39,1,1
3,41,1,2307,49,179,149,138,1,1
1,41,1,2307,49,179,149,138,1,1
2,42,1,2307,49,179,149,138,1,1
2,42,1,2307,49,179,151,-11,1,1
3,42,1,2307,49,179,151,-11,1,1
3,42,1,2307,49,181,151,168,1,1
1,42,1,2307,49,181,151,168,1,1
2,43,1,2307,49,181,151,168,1,1
2,43,1,2307,49,181,153,17,1,1
2,43,1,2307,49,181,155,-136,1,1
3,43,1,2307,49,181,155,-136,1,1
3,43,1,2307,49,183,155,45,1,1
1,43,1,2307,49,183,155,45,1,1
2,44,1,2307,49,183,155,45,1,1
2,44,1,2307,49,183,157,-110,1,1
3,44,1,2307,49,183,157,-110,1,1
3,44,1,2307,49,185,157,73,1,1
1,44,1,2307,49,185,157,73,1,1
2,45,1,2307,49,185,157,73,1,1
2,45,1,2307,49,185,159,-84,1,1
3,45,1,2307,49,185,159,-84,1,1
3,45,1,2307,49,187,159,101,1,1
1,45,1,2307,49,187,159,101,1,1
2,46,1,2307,49,187,159,101,1,1
2,46,1,2307,49,187,161,-58,1,1
3,46,1,2307,49,187,161,-58,1,1
3,46,1,2307,49,189,161,129,1,1
1,46,1,2307,49,189,161,129,1,1
2,47,1,2307,49,189,161,129,1,1
2,47,1,2307,49,189,163,-32,1,1
3,47,1,2307,49,189,163,-32,1,1
3,47,1,2307,49,191,163,157,1,1
1,47,1,2307,49,191,163,157,1,1
2,48,1,2307,49,191,163,157,1,1
2,48,1,2307,49,191,165,-6,1,1
3,48,1,2307,49,191,165,-6,1,1
3,48,1,2307,49,193,165,185,1,1
1,48,1,2307,49,193,165,185,1,1
2,49,1,2307,49,193,165,185,1,1
2,49,1,2307,49,193,167,20,1,1
2,49,1,2307,49,193,169,-147,1,1
3,49,1,2307,49,193,169,-147,1,1
3,49,1,2307,49,195,169,46,1,1
1,49,1,2307,49,195,169,46,1,1
2,50,1,2307,49,195,169,46,1,1
2,50,1,2307,49,195,171,-123,1,1
3,50,1,2307,49,195,171,-123,1,1
3,50,1,2307,49,197,171,72,1,1
1,50,1,2307,49,197,171,72,1,1
2,51,1,2307,49,197,171,72,1,1
2,51,1,2307,49,197,173,-99,1,1
3,51,1,2307,49,197,173,-99,1,1
3,51,1,2307,49,199,173,98,1,1
1,51,1,2307,49,199,173,98,1,1
2,52,1,2307,49,199,173,98,1,1
2,52,1,2307,49,199,175,-75,1,1
3,52,1,2307,49,199,175,-75,1,1
3,52,1,2307,49,201,175,124,1,1
1,52,1,2307,49,201,175,124,1,1
2,53,1,2307,49,201,175,124,1,1
2,53,1,2307,49,201,177,-51,1,1
3,53,1,2307,49,201,177,-51,1,1
3,53,1,2307,49,203,177,150,1,1
1,53,1,2307,49,203,177,150,1,1
2,54,1,2307,49,203,177,150,1,1
2,54,1,2307,49,203,179,-27,1,1
3,54,1,2307,49,203,179,-27,1,1
3,54,1,2307,49,205,179,176,1,1
1,54,1,2307,49,205,179,176,1,1
2,55,1,2307,49,205,179,176,1,1
2,55,1,2307,49,205,181,-3,1,1
3,55,1,2307,49,205,181,-3,1,1
3,55,1,2307,49,207,181,202,1,1
1,55,1,2307,49,207,181,202,1,1
2,56,1,2307,49,207,181,202,1,1
2,56,1,2307,49,207,183,21,1,1
2,56,1,2307,49,207,185,-162,1,1
3,56,1,2307,49,207,185,-162,1,1
3,56,1,2307,49,209,185,45,1,1
1,56,1,2307,49,209,185,45,1,1
2,57,1,2307,49,209,185,45,1,1
2,57,1,2307,49,209,187,-140,1,1
3,57,1,2307,49,209,187,-140,1,1
3,57,1,2307,49,211,187,69,1,1
1,57,1,2307,49,211,187,69,1,1
2,58,1,2307,49,211,187,69,1,1
2,58,1,2307,49,211,189,-118,1,1
3,58,1,2307,49,211,189,-118,1,1
3,58,1,2307,49,213,189,93,1,1
1,58,1,2307,49,213,189,93,1,1
2,59,1,2307,49,213,189,93,1,1
2,59,1,2307,49,213,191,-96,1,1
3,59,1,2307,49,213,191,-96,1,1
3,59,1,2307,49,215,191,117,1,1
1,59,1,2307,49,215,191,117,1,1
2,60,1,2307,49,215,191,117,1,1
2,60,1,2307,49,215,193,-74,1,1
3,60,1,2307,49,215,193,-74,1,1
3,60,1,2307,49,217,193,141,1,1
1,60,1,2307,49,217,193,141,1,1
2,61,1,2307,49,217,193,141,1,1
2,61,1,2307,49,217,195,-52,1,1
3,61,1,2307,49,217,195,-52,1,1
3,61,1,2307,49,219,195,165,1,1
1,61,1,2307,49,219,195,165,1,1
2,62,1,2307,49,219,195,165,1,1
2,62,1,2307,49,219,197,-30,1,1
3,62,1,2307,49,219,197,-30,1,1
3,62,1,2307,49,221,197,189,1,1
1,62,1,2307,49,221,197,189,1,1
2,63,1,2307,49,221,197,189,1,1
2,63,1,2307,49,221,199,-8,1,1
3,63,1,2307,49,221,199,-8,1,1
3,63,1,2307,49,223,199,213,1,1
1,63,1,2307,49,223,199,213,1,1
2,64,1,2307,49,223,199,213,1,1
2,64,1,2307,49,223,201,14,1,1
2,64,1,2307,49,223,203,-187,1,1
3,64,1,2307,49,223,203,-187,1,1
3,64,1,2307,49,225,203,36,1,1
1,64,1,2307,49,225,203,36,1,1
2,65,1,2307,49,225,203,36,1,1
2,65,1,2307,49,225,205,-167,1,1
3,65,1,2307,49,225,205,-167,1,1
3,65,1,2307,49,227,205,58,1,1
1,65,1,2307,49,227,205,58,1,1
2,66,1,2307,49,227,205,58,1,1
2,66,1,2307,49,227,207,-147,1,1
3,66,1,2307,49,227,207,-147,1,1
3,66,1,2307,49,229,207,80,1,1
1,66,1,2307,49,229,207,80,1,1
2,67,1,2307,49,229,207,80,1,1
2,67,1,2307,49,229,209,-127,1,1
3,67,1,2307,49,229,209,-127,1,1
3,67,1,2307,49,231,209,102,1,1
1,67,1,2307,49,231,209,102,1,1
2,68,1,2307,49,231,209,102,1,1
2,68,1,2307,49,231,211,-107,1,1
3,68,1,2307,49,231,211,-107,1,1
3,68,1,2307,49,233,211,124,1,1
1,68,1,2307,49,233,211,124,1,1
2,69,1,2307,49,233,211,124,1,1
2,69,1,2307,49,233,213,-87,1,1
3,69,1,2307,49,233,213,-87,1,1
3,69,1,2307,49,235,213,146,1,1
1,69,1,2307,49,235,213,146,1,1
2,70,1,2307,49,235,213,146,1,1
2,70,1,2307,49,235,215,-67,1,1
3,70,1,2307,49,235,215,-67,1,1
3,70,1,2307,49,237,215,168,1,1
1,70,1,2307,49,237,215,168,1,1
2,71,1,2307,49,237,215,168,1,1
2,71,1,2307,49,237,217,-47,1,1
3,71,1,2307,49,237,217,-47,1,1
3,71,1,2307,49,239,217,190,1,1
1,71,1,2307,49,239,217,190,1,1
2,72,1,2307,49,239,217,190,1,1
2,72,1,2307,49,239,219,-27,1,1
3,72,1,2307,49,239,219,-27,1,1
3,72,1,2307,49,241,219,212,1,1
1,72,1,2307,49,241,219,212,1,1
2,73,1,2307,49,241,219,212,1,1
2,73,1,2307,49,241,221,-7,1,1
3,73,1,2307,49,241,221,-7,1,1
3,73,1,2307,49,243,221,234,1,1
1,73,1,2307,49,243,221,234,1,1
2,74,1,2307,49,243,221,234,1,1
2,74,1,2307,49,243,223,13,1,1
2,74,1,2307,49,243,225,-210,1,1
3,74,1,2307,49,243,225,-210,1,1
3,74,1,2307,49,245,225,33,1,1
1,74,1,2307,49,245,225,33,1,1
2,75,1,2307,49,245,225,33,1,1
2,75,1,2307,49,245,227,-192,1,1
3,75,1,2307,49,245,227,-192,1,1
3,75,1,2307,49,247,227,53,1,1
1,75,1,2307,49,247,227,53,1,1
2,76,1,2307,49,247,227,53,1,1
2,76,1,2307,49,247,229,-174,1,1
3,76,1,2307,49,247,229,-174,1,1
3,76,1,2307,49,249,229,73,1,1
1,76,1,2307,49,249,229,73,1,1
2,77,1,2307,49,249,229,73,1,1
2,77,1,2307,49,249,231,-156,1,1
3,77,1,2307,49,249,231,-156,1,1
3,77,1,2307,49,251,231,93,1,1
1,77,1,2307,49,251,231,93,1,1
2,78,1,2307,49,251,231,93,1,1
2,78,1,2307,49,251,233,-138,1,1
3,78,1,2307,49,251,233,-138,1,1
3,78,1,2307,49,253,233,113,1,1
1,78,1,2307,49,253,233,113,1,1
2,79,1,2307,49,253,233,113,1,1
2,79,1,2307,49,253,235,-120,1,1
3,79,1,2307,49,253,235,-120,1,1
3,79,1,2307,49,255,235,133,1,1
1,79,1,2307,49,255,235,133,1,1
2,80,1,2307,49,255,235,133,1,1
2,80,1,2307,49,255,237,-102,1,1
3,80,1,2307,49,255,237,-102,1,1
3,80,1,2307,49,257,237,153,1,1
1,80,1,2307,49,257,237,153,1,1
2,81,1,2307,49,257,237,153,1,1
2,81,1,2307,49,257,239,-84,1,1
3,81,1,2307,49,257,239,-84,1,1
3,81,1,2307,49,259,239,173,1,1
1,81,1,2307,49,259,239,173,1,1
2,82,1,2307,49,259,239,173,1,1
2,82,1,2307,49,259,241,-66,1,1
3,82,1,2307,49,259,241,-66,1,1
3,82,1,2307,49,261,241,193,1,1
1,82,1,2307,49,261,241,193,1,1
2,83,1,2307,49,261,241,193,1,1
2,83,1,2307,49,261,243,-48,1,1
3,83,1,2307,49,261,243,-48,1,1
3,83,1,2307,49,263,243,213,1,1
1,83,1,2307,49,263,243,213,1,1
2,84,1,2307,49,263,243,213,1,1
2,84,1,2307,49,263,245,-30,1,1
3,84,1,2307,49,263,245,-30,1,1
3,84,1,2307,49,265,245,233,1,1
1,84,1,2307,49,265,245,233,1,1
2,85,1,2307,49,265,245,233,1,1
2,85,1,2307,49,265,247,-12,1,1
3,85,1,2307,49,265,247,-12,1,1
3,85,1,2307,49,267,247,253,1,1
1,85,1,2307,49,267,247,253,1,1
2,86,1,2307,49,267,247,253,1,1
2,86,1,2307,49,267,249,6,1,1
2,86,1,2307,49,267,251,-243,1,1
3,86,1,2307,49,267,251,-243,1,1
3,86,1,2307,49,269,251,24,1,1
1,86,1,2307,49,269,251,24,1,1
2,87,1,2307,49,269,251,24,1,1
2,87,1,2307,49,269,253,-227,1,1
3,87,1,2307,49,269,253,-227,1,1
3,87,1,2307,49,271,253,42,1,1
1,87,1,2307,49,271,253,42,1,1
2,88,1,2307,49,271,253,42,1,1
2,88,1,2307,49,271,255,-211,1,1
3,88,1,2307,49,271,255,-211,1,1
3,88,1,2307,49,273,255,60,1,1
1,88,1,2307,49,273,255,60,1,1
2,89,1,2307,49,273,255,60,1,1
2,89,1,2307,49,273,257,-195,1,1
3,89,1,2307,49,273,257,-195,1,1
3,89,1,2307,49,275,257,78,1,1
1,89,1,2307,49,275,257,78,1,1
2,90,1,2307,49,275,257,78,1,1
2,90,1,2307,49,275,259,-179,1,1
3,90,1,2307,49,275,259,-179,1,1
3,90,1,2307,49,277,259,96,1,1
1,90,1,2307,49,277,259,96,1,1
2,91,1,2307,49,277,259,96,1,1
2,91,1,2307,49,277,261,-163,1,1
3,91,1,2307,49,277,261,-163,1,1
3,91,1,2307,49,279,261,114,1,1
1,91,1,2307,49,279,261,114,1,1
2,92,1,2307,49,279,261,114,1,1
2,92,1,2307,49,279,263,-147,1,1
3,92,1,2307,49,279,263,-147,1,1
3,92,1,2307,49,281,263,132,1,1
1,92,1,2307,49,281,263,132,1,1
2,93,1,2307,49,281,263,132,1,1
2,93,1,2307,49,281,265,-131,1,1
3,93,1,2307,49,281,265,-131,1,1
3,93,1,2307,49,283,265,150,1,1
1,93,1,2307,49,283,265,150,1,1
2,94,1,2307,49,283,265,150,1,1
2,94,1,2307,49,283,267,-115,1,1
3,94,1,2307,49,283,267,-115,1,1
3,94,1,2307,49,285,267,168,1,1
1,94,1,2307,49,285,267,168,1,1
2,95,1,2307,49,285,267,168,1,1
2,95,1,2307,49,285,269,-99,1,1
3,95,1,2307,49,285,269,-99,1,1
3,95,1,2307,49,287,269,186,1,1
1,95,1,2307,49,287,269,186,1,1
2,96,1,2307,49,287,269,186,1,1
2,96,1,2307,49,287,271,-83,1,1
3,96,1,2307,49,287,271,-83,1,1
3,96,1,2307,49,289,271,204,1,1
1,96,1,2307,49,289,271,204,1,1
2,97,1,2307,49,289,271,204,1,1
2,97,1,2307,49,289,273,-67,1,1
3,97,1,2307,49,289,273,-67,1,1
3,97,1,2307,49,291,273,222,1,1
1,97,1,2307,49,291,273,222,1,1
2,98,1,2307,49,291,273,222,1,1
2,98,1,2307,49,291,275,-51,1,1
3,98,1,2307,49,291,275,-51,1,1
3,98,1,2307,49,293,275,240,1,1
1,98,1,2307,49,293,275,240,1,1
2,99,1,2307,49,293,275,240,1,1
2,99,1,2307,49,293,277,-35,1,1
3,99,1,2307,49,293,277,-35,1,1
3,99,1,2307,49,295,277,258,1,1
1,99,1,2307,49,295,277,258,1,1
2,100,1,2307,49,295,277,258,1,1
2,100,1,2307,49,295,279,-19,1,1
3,100,1,2307,49,295,279,-19,1,1
3,100,1,2307,49,297,279,276,1,1
1,100,1,2307,49,297,279,276,1,1
2,101,1,2307,49,297,279,276,1,1
2,101,1,2307,49,297,281,-3,1,1
3,101,1,2307,49,297,281,-3,1,1
3,101,1,2307,49,299,281,294,1,1
1,101,1,2307,49,299,281,294,1,1
2,102,1,2307,49,299,281,294,1,1
2,102,1,2307,49,299,283,13,1,1
2,102,1,2307,49,299,285,-270,1,1
3,102,1,2307,49,299,285,-270,1,1
3,102,1,2307,49,301,285,29,1,1
1,102,1,2307,49,301,285,29,1,1
2,103,1,2307,49,301,285,29,1,1
2,103,1,2307,49,301,287,-256,1,1
3,103,1,2307,49,301,287,-256,1,1
3,103,1,2307,49,303,287,45,1,1
1,103,1,2307,49,303,287,45,1,1
2,104,1,2307,49,303,287,45,1,1
2,104,1,2307,49,303,289,-242,1,1
3,104,1,2307,49,303,289,-242,1,1
3,104,1,2307,49,305,289,61,1,1
1,104,1,2307,49,305,289,61,1,1
2,105,1,2307,49,305,289,61,1,1
2,105,1,2307,49,305,291,-228,1,1
3,105,1,2307,49,305,291,-228,1,1
3,105,1,2307,49,307,291,77,1,1
1,105,1,2307,49,307,291,77,1,1
2,106,1,2307,49,307,291,77,1,1
2,106,1,2307,49,307,293,-214,1,1
3,106,1,2307,49,307,293,-214,1,1
3,106,1,2307,49,309,293,93,1,1
1,106,1,2307,49,309,293,93,1,1
2,107,1,2307,49,309,293,93,1,1
2,107,1,2307,49,309,295,-200,1,1
3,107,1,2307,49,309,295,-200,1,1
3,107,1,2307,49,311,295,109,1,1
1,107,1,2307,49,311,295,109,1,1
2,108,1,2307,49,311,295,109,1,1
2,108,1,2307,49,311,297,-186,1,1
3,108,1,2307,49,311,297,-186,1,1
3,108,1,2307,49,313,297,125,1,1
1,108,1,2307,49,313,297,125,1,1
2,109,1,2307,49,313,297,125,1,1
2,109,1,2307,49,313,299,-172,1,1
3,109,1,2307,49,313,299,-172,1,1
3,109,1,2307,49,315,299,141,1,1
1,109,1,2307,49,315,299,141,1,1
2,110,1,2307,49,315,299,141,1,1
2,110,1,2307,49,315,301,-158,1,1
3,110,1,2307,49,315,301,-158,1,1
3,110,1,2307,49,317,301,157,1,1
1,110,1,2307,49,317,301,157,1,1
2,111,1,2307,49,317,301,157,1,1
2,111,1,2307,49,317,303,-144,1,1
3,111,1,2307,49,317,303,-144,1,1
3,111,1,2307,49,319,303,173,1,1
1,111,1,2307,49,319,303,173,1,1
2,112,1,2307,49,319,303,173,1,1
2,112,1,2307,49,319,305,-130,1,1
3,112,1,2307,49,319,305,-130,1,1
3,112,1,2307,49,321,305,189,1,1
1,112,1,2307,49,321,305,189,1,1
2,113,1,2307,49,321,305,189,1,1
2,113,1,2307,49,321,307,-116,1,1
3,113,1,2307,49,321,307,-116,1,1
3,113,1,2307,49,323,307,205,1,1
1,113,1,2307,49,323,307,205,1,1
2,114,1,2307,49,323,307,205,1,1
2,114,1,2307,49,323,309,-102,1,1
3,114,1,2307,49,323,309,-102,1,1
3,114,1,2307,49,325,309,221,1,1
1,114,1,2307,49,325,309,221,1,1
2,115,1,2307,49,325,309,221,1,1
2,115,1,2307,49,325,311,-88,1,1
3,115,1,2307,49,325,311,-88,1,1
3,115,1,2307,49,327,311,237,1,1
1,115,1,2307,49,327,311,237,1,1
2,116,1,2307,49,327,311,237,1,1
2,116,1,2307,49,327,313,-74,1,1
3,116,1,2307,49,327,313,-74,1,1
3,116,1,2307,49,329,313,253,1,1
1,116,1,2307,49,329,313,253,1,1
2,117,1,2307,49,329,313,253,1,1
2,117,1,2307,49,329,315,-60,1,1
3,117,1,2307,49,329,315,-60,1,1
3,117,1,2307,49,331,315,269,1,1
1,117,1,2307,49,331,315,269,1,1
2,118,1,2307,49,331,315,269,1,1
2,118,1,2307,49,331,317,-46,1,1
3,118,1,2307,49,331,317,-46,1,1
3,118,1,2307,49,333,317,285,1,1
1,118,1,2307,49,333,317,285,1,1
2,119,1,2307,49,333,317,285,1,1
2,119,1,2307,49,333,319,-32,1,1
3,119,1,2307,49,333,319,-32,1,1
3,119,1,2307,49,335,319,301,1,1
1,119,1,2307,49,335,319,301,1,1
2,120,1,2307,49,335,319,301,1,1
2,120,1,2307,49,335,321,-18,1,1
3,120,1,2307,49,335,321,-18,1,1
3,120,1,2307,49,337,321,317,1,1
1,120,1,2307,49,337,321,317,1,1
2,121,1,2307,49,337,321,317,1,1
2,121,1,2307,49,337,323,-4,1,1
3,121,1,2307,49,337,323,-4,1,1
3,121,1,2307,49,339,323,333,1,1
1,121,1,2307,49,339,323,333,1,1
2,122,1,2307,49,339,323,333,1,1
2,122,1,2307,49,339,325,10,1,1
2,122,1,2307,49,339,327,-315,1,1
3,122,1,2307,49,339,327,-315,1,1
3,122,1,2307,49,341,327,24,1,1
1,122,1,2307,49,341,327,24,1,1
2,123,1,2307,49,341,327,24,1,1
2,123,1,2307,49,341,329,-303,1,1
3,123,1,2307,49,341,329,-303,1,1
3,123,1,2307,49,343,329,38,1,1
1,123,1,2307,49,343,329,38,1,1
2,124,1,2307,49,343,329,38,1,1
2,124,1,2307,49,343,331,-291,1,1
3,124,1,2307,49,343,331,-291,1,1
3,124,1,2307,49,345,331,52,1,1
1,124,1,2307,49,345,331,52,1,1
2,125,1,2307,49,345,331,52,1,1
2,125,1,2307,49,345,333,-279,1,1
3,125,1,2307,49,345,333,-279,1,1
3,125,1,2307,49,347,333,66,1,1
1,125,1,2307,49,347,333,66,1,1
2,126,1,2307,49,347,333,66,1,1
2,126,1,2307,49,347,335,-267,1,1
3,126,1,2307,49,347,335,-267,1,1
3,126,1,2307,49,349,335,80,1,1
1,126,1,2307,49,349,335,80,1,1
2,127,1,2307,49,349,335,80,1,1
2,127,1,2307,49,349,337,-255,1,1
3,127,1,2307,49,349,337,-255,1,1
3,127,1,2307,49,351,337,94,1,1
1,127,1,2307,49,351,337,94,1,1
2,128,1,2307,49,351,337,94,1,1
2,128,1,2307,49,351,339,-243,1,1
3,128,1,2307,49,351,339,-243,1,1
3,128,1,2307,49,353,339,108,1,1
1,128,1,2307,49,353,339,108,1,1
2,129,1,2307,49,353,339,108,1,1
2,129,1,2307,49,353,341,-231,1,1
3,129,1,2307,49,353,341,-231,1,1
3,129,1,2307,49,355,341,122,1,1
1,129,1,2307,49,355,341,122,1,1
2,130,1,2307,49,355,341,122,1,1
2,130,1,2307,49,355,343,-219,1,1
3,130,1,2307,49,355,343,-219,1,1
3,130,1,2307,49,357,343,136,1,1
1,130,1,2307,49,357,343,136,1,1
2,131,1,2307,49,357,343,136,1,1
2,131,1,2307,49,357,345,-207,1,1
3,131,1,2307,49,357,345,-207,1,1
3,131,1,2307,49,359,345,150,1,1
1,131,1,2307,49,359,345,150,1,1
2,132,1,2307,49,359,345,150,1,1
2,132,1,2307,49,359,347,-195,1,1
3,132,1,2307,49,359,347,-195,1,1
3,132,1,2307,49,361,347,164,1,1
1,132,1,2307,49,361,347,164,1,1
2,133,1,2307,49,361,347,164,1,1
2,133,1,2307,49,361,349,-183,1,1
3,133,1,2307,49,361,349,-183,1,1
3,133,1,2307,49,363,349,178,1,1
1,133,1,2307,49,363,349,178,1,1
2,134,1,2307,49,363,349,178,1,1
2,134,1,2307,49,363,351,-171,1,1
3,134,1,2307,49,363,351,-171,1,1
3,134,1,2307,49,365,351,192,1,1
1,134,1,2307,49,365,351,192,1,1
2,135,1,2307,49,365,351,192,1,1
2,135,1,2307,49,365,353,-159,1,1
3,135,1,2307,49,365,353,-159,1,1
3,135,1,2307,49,367,353,206,1,1
1,135,1,2307,49,367,353,206,1,1
2,136,1,2307,49,367,353,206,1,1
2,136,1,2307,49,367,355,-147,1,1
3,136,1,2307,49,367,355,-147,1,1
3,136,1,2307,49,369,355,220,1,1
1,136,1,2307,49,369,355,220,1,1
2,137,1,2307,49,369,355,220,1,1
2,137,1,2307,49,369,357,-135,1,1
3,137,1,2307,49,369,357,-135,1,1
3,137,1,2307,49,371,357,234,1,1
1,137,1,2307,49,371,357,234,1,1
2,138,1,2307,49,371,357,234,1,1
2,138,1,2307,49,371,359,-123,1,1
3,138,1,2307,49,371,359,-123,1,1
3,138,1,2307,49,373,359,248,1,1
1,138,1,2307,49,373,359,248,1,1
2,139,1,2307,49,373,359,248,1,1
2,139,1,2307,49,373,361,-111,1,1
3,139,1,2307,49,373,361,-111,1,1
3,139,1,2307,49,375,361,262,1,1
1,139,1,2307,49,375,361,262,1,1
2,140,1,2307,49,375,361,262,1,1
2,140,1,2307,49,375,363,-99,1,1
3,140,1,2307,49,375,363,-99,1,1
3,140,1,2307,49,377,363,276,1,1
1,140,1,2307,49,377,363,276,1,1
2,141,1,2307,49,377,363,276,1,1
2,141,1,2307,49,377,365,-87,1,1
3,141,1,2307,49,377,365,-87,1,1
3,141,1,2307,49,379,365,290,1,1
1,141,1,2307,49,379,365,290,1,1
2,142,1,2307,49,379,365,290,1,1
2,142,1,2307,49,379,367,-75,1,1
3,142,1,2307,49,379,367,-75,1,1
3,142,1,2307,49,381,367,304,1,1
1,142,1,2307,49,381,367,304,1,1
2,143,1,2307,49,381,367,304,1,1
2,143,1,2307,49,381,369,-63,1,1
3,143,1,2307,49,381,369,-63,1,1
3,143,1,2307,49,383,369,318,1,1
1,143,1,2307,49,383,369,318,1,1
2,144,1,2307,49,383,369,318,1,1
2,144,1,2307,49,383,371,-51,1,1
3,144,1,2307,49,383,371,-51,1,1
3,144,1,2307,49,385,371,332,1,1
1,144,1,2307,49,385,371,332,1,1
2,145,1,2307,49,385,371,332,1,1
2,145,1,2307,49,385,373,-39,1,1
3,145,1,2307,49,385,373,-39,1,1
3,145,1,2307,49,387,373,346,1,1
1,145,1,2307,49,387,373,346,1,1
2,146,1,2307,49,387,373,346,1,1
2,146,1,2307,49,387,375,-27,1,1
3,146,1,2307,49,387,375,-27,1,1
3,146,1,2307,49,389,375,360,1,1
1,146,1,2307,49,389,375,360,1,1
2,147,1,2307,49,389,375,360,1,1
2,147,1,2307,49,389,377,-15,1,1
3,147,1,2307,49,389,377,-15,1,1
3,147,1,2307,49,391,377,374,1,1
1,147,1,2307,49,391,377,374,1,1
2,148,1,2307,49,391,377,374,1,1
2,148,1,2307,49,391,379,-3,1,1
3,148,1,2307,49,391,379,-3,1,1
3,148,1,2307,49,393,379,388,1,1
1,148,1,2307,49,393,379,388,1,1
2,149,1,2307,49,393,379,388,1,1
2,149,1,2307,49,393,381,9,1,1
2,149,1,2307,49,393,383,-372,1,1
3,149,1,2307,49,393,383,-372,1,1
3,149,1,2307,49,395,383,21,1,1
1,149,1,2307,49,395,383,21,1,1
2,150,1,2307,49,395,383,21,1,1
2,150,1,2307,49,395,385,-362,1,1
3,150,1,2307,49,395,385,-362,1,1
3,150,1,2307,49,397,385,33,1,1
1,150,1,2307,49,397,385,33,1,1
2,151,1,2307,49,397,385,33,1,1
2,151,1,2307,49,397,387,-352,1,1
3,151,1,2307,49,397,387,-352,1,1
3,151,1,2307,49,399,387,45,1,1
1,151,1,2307,49,399,387,45,1,1
2,152,1,2307,49,399,387,45,1,1
2,152,1,2307,49,399,389,-342,1,1
3,152,1,2307,49,399,389,-342,1,1
3,152,1,2307,49,401,389,57,1,1
1,152,1,2307,49,401,389,57,1,1
2,153,1,2307,49,401,389,57,1,1
2,153,1,2307,49,401,391,-332,1,1
3,153,1,2307,49,401,391,-332,1,1
3,153,1,2307,49,403,391,69,1,1
1,153,1,2307,49,403,391,69,1,1
2,154,1,2307,49,403,391,69,1,1
2,154,1,2307,49,403,393,-322,1,1
3,154,1,2307,49,403,393,-322,1,1
3,154,1,2307,49,405,393,81,1,1
1,154,1,2307,49,405,393,81,1,1
2,155,1,2307,49,405,393,81,1,1
2,155,1,2307,49,405,395,-312,1,1
3,155,1,2307,49,405,395,-312,1,1
3,155,1,2307,49,407,395,93,1,1
1,155,1,2307,49,407,395,93,1,1
2,156,1,2307,49,407,395,93,1,1
2,156,1,2307,49,407,397,-302,1,1
3,156,1,2307,49,407,397,-302,1,1
3,156,1,2307,49,409,397,105,1,1
1,156,1,2307,49,409,397,105,1,1
2,157,1,2307,49,409,397,105,1,1
2,157,1,2307,49,409,399,-292,1,1
3,157,1,2307,49,409,399,-292,1,1
3,157,1,2307,49,411,399,117,1,1
1,157,1,2307,49,411,399,117,1,1
2,158,1,2307,49,411,399,117,1,1
2,158,1,2307,49,411,401,-282,1,1
3,158,1,2307,49,411,401,-282,1,1
3,158,1,2307,49,413,401,129,1,1
1,158,1,2307,49,413,401,129,1,1
2,159,1,2307,49,413,401,129,1,1
2,159,1,2307,49,413,403,-272,1,1
3,159,1,2307,49,413,403,-272,1,1
3,159,1,2307,49,415,403,141,1,1
1,159,1,2307,49,415,403,141,1,1
2,160,1,2307,49,415,403,141,1,1
2,160,1,2307,49,415,405,-262,1,1
3,160,1,2307,49,415,405,-262,1,1
3,160,1,2307,49,417,405,153,1,1
1,160,1,2307,49,417,405,153,1,1
2,161,1,2307,49,417,405,153,1,1
2,161,1,2307,49,417,407,-252,1,1
3,161,1,2307,49,417,407,-252,1,1
3,161,1,2307,49,419,407,165,1,1
1,161,1,2307,49,419,407,165,1,1
2,162,1,2307,49,419,407,165,1,1
2,162,1,2307,49,419,409,-242,1,1
3,162,1,2307,49,419,409,-242,1,1
3,162,1,2307,49,421,409,177,1,1
1,162,1,2307,49,421,409,177,1,1
2,163,1,2307,49,421,409,177,1,1
2,163,1,2307,49,421,411,-232,1,1
3,163,1,2307,49,421,411,-232,1,1
3,163,1,2307,49,423,411,189,1,1
1,163,1,2307,49,423,411,189,1,1
2,164,1,2307,49,423,411,189,1,1
2,164,1,2307,49,423,413,-222,1,1
3,164,1,2307,49,423,413,-222,1,1
3,164,1,2307,49,425,413,201,1,1
1,164,1,2307,49,425,413,201,1,1
2,165,1,2307,49,425,413,201,1,1
2,165,1,2307,49,425,415,-212,1,1
3,165,1,2307,49,425,415,-212,1,1
3,165,1,2307,49,427,415,213,1,1
1,165,1,2307,49,427,415,213,1,1
2,166,1,2307,49,427,415,213,1,1
2,166,1,2307,49,427,417,-202,1,1
3,166,1,2307,49,427,417,-202,1,1
3,166,1,2307,49,429,417,225,1,1
1,166,1,2307,49,429,417,225,1,1
2,167,1,2307,49,429,417,225,1,1
2,167,1,2307,49,429,419,-192,1,1
3,167,1,2307,49,429,419,-192,1,1
3,167,1,2307,49,431,419,237,1,1
1,167,1,2307,49,431,419,237,1,1
2,168,1,2307,49,431,419,237,1,1
2,168,1,2307,49,431,421,-182,1,1
3,168,1,2307,49,431,421,-182,1,1
3,168,1,2307,49,433,421,249,1,1
1,168,1,2307,49,433,421,249,1,1
2,169,1,2307,49,433,421,249,1,1
2,169,1,2307,49,433,423,-172,1,1
3,169,1,2307,49,433,423,-172,1,1
3,169,1,2307,49,435,423,261,1,1
1,169,1,2307,49,435,423,261,1,1
2,170,1,2307,49,435,423,261,1,1
2,170,1,2307,49,435,425,-162,1,1
3,170,1,2307,49,435,425,-162,1,1
3,170,1,2307,49,437,425,273,1,1
1,170,1,2307,49,437,425,273,1,1
2,171,1,2307,49,437,425,273,1,1
2,171,1,2307,49,437,427,-152,1,1
3,171,1,2307,49,437,427,-152,1,1
3,171,1,2307,49,439,427,285,1,1
1,171,1,2307,49,439,427,285,1,1
2,172,1,2307,49,439,427,285,1,1
2,172,1,2307,49,439,429,-142,1,1
3,172,1,2307,49,439,429,-142,1,1
3,172,1,2307,49,441,429,297,1,1
1,172,1,2307,49,441,429,297,1,1
2,173,1,2307,49,441,429,297,1,1
2,173,1,2307,49,441,431,-132,1,1
3,173,1,2307,49,441,431,-132,1,1
3,173,1,2307,49,443,431,309,1,1
1,173,1,2307,49,443,431,309,1,1
2,174,1,2307,49,443,431,309,1,1
2,174,1,2307,49,443,433,-122,1,1
3,174,1,2307,49,443,433,-122,1,1
3,174,1,2307,49,445,433,321,1,1
1,174,1,2307,49,445,433,321,1,1
2,175,1,2307,49,445,433,321,1,1
2,175,1,2307,49,445,435,-112,1,1
3,175,1,2307,49,445,435,-112,1,1
3,175,1,2307,49,447,435,333,1,1
1,175,1,2307,49,447,435,333,1,1
2,176,1,2307,49,447,435,333,1,1
2,176,1,2307,49,447,437,-102,1,1
3,176,1,2307,49,447,437,-102,1,1
3,176,1,2307,49,449,437,345,1,1
1,176,1,2307,49,449,437,345,1,1
2,177,1,2307,49,449,437,345,1,1
2,177,1,2307,49,449,439,-92,1,1
3,177,1,2307,49,449,439,-92,1,1
3,177,1,2307,49,451,439,357,1,1
1,177,1,2307,49,451,439,357,1,1
2,178,1,2307,49,451,439,357,1,1
2,178,1,2307,49,451,441,-82,1,1
3,178,1,2307,49,451,441,-82,1,1
3,178,1,2307,49,453,441,369,1,1
1,178,1,2307,49,453,441,369,1,1
2,179,1,2307,49,453,441,369,1,1
2,179,1,2307,49,453,443,-72,1,1
3,179,1,2307,49,453,443,-72,1,1
3,179,1,2307,49,455,443,381,1,1
1,179,1,2307,49,455,443,381,1,1
2,180,1,2307,49,455,443,381,1,1
2,180,1,2307,49,455,445,-62,1,1
3,180,1,2307,49,455,445,-62,1,1
3,180,1,2307,49,457,445,393,1,1
1,180,1,2307,49,457,445,393,1,1
2,181,1,2307,49,457,445,393,1,1
2,181,1,2307,49,457,447,-52,1,1
3,181,1,2307,49,457,447,-52,1,1
3,181,1,2307,49,459,447,405,1,1
1,181,1,2307,49,459,447,405,1,1
2,182,1,2307,49,459,447,405,1,1
2,182,1,2307,49,459,449,-42,1,1
3,182,1,2307,49,459,449,-42,1,1
3,182,1,2307,49,461,449,417,1,1
1,182,1,2307,49,461,449,417,1,1
2,183,1,2307,49,461,449,417,1,1
2,183,1,2307,49,461,451,-32,1,1
3,183,1,2307,49,461,451,-32,1,1
3,183,1,2307,49,463,451,429,1,1
1,183,1,2307,49,463,451,429,1,1
2,184,1,2307,49,463,451,429,1,1
2,184,1,2307,49,463,453,-22,1,1
3,184,1,2307,49,463,453,-22,1,1
3,184,1,2307,49,465,453,441,1,1
1,184,1,2307,49,465,453,441,1,1
2,185,1,2307,49,465,453,441,1,1
2,185,1,2307,49,465,455,-12,1,1
3,185,1,2307,49,465,455,-12,1,1
3,185,1,2307,49,467,455,453,1,1
1,185,1,2307,49,467,455,453,1,1
2,186,1,2307,49,467,455,453,1,1
2,186,1,2307,49,467,457,-2,1,1
3,186,1,2307,49,467,457,-2,1,1
3,186,1,2307,49,469,457,465,1,1
1,186,1,2307,49,469,457,465,1,1
2,187,1,2307,49,469,457,465,1,1
2,187,1,2307,49,469,459,8,1,1
2,187,1,2307,49,469,461,-451,1,1
3,187,1,2307,49,469,461,-451,1,1
3,187,1,2307,49,471,461,18,1,1
1,187,1,2307,49,471,461,18,1,1
2,188,1,2307,49,471,461,18,1,1
2,188,1,2307,49,471,463,-443,1,1
3,188,1,2307,49,471,463,-443,1,1
3,188,1,2307,49,473,463,28,1,1
1,188,1,2307,49,473,463,28,1,1
2,189,1,2307,49,473,463,28,1,1
2,189,1,2307,49,473,465,-435,1,1
3,189,1,2307,49,473,465,-435,1,1
3,189,1,2307,49,475,465,38,1,1
1,189,1,2307,49,475,465,38,1,1
2,190,1,2307,49,475,465,38,1,1
2,190,1,2307,49,475,467,-427,1,1
3,190,1,2307,49,475,467,-427,1,1
3,190,1,2307,49,477,467,48,1,1
1,190,1,2307,49,477,467,48,1,1
2,191,1,2307,49,477,467,48,1,1
2,191,1,2307,49,477,469,-419,1,1
3,191,1,2307,49,477,469,-419,1,1
3,191,1,2307,49,479,469,58,1,1
1,191,1,2307,49,479,469,58,1,1
2,192,1,2307,49,479,469,58,1,1
2,192,1,2307,49,479,471,-411,1,1
3,192,1,2307,49,479,471,-411,1,1
3,192,1,2307,49,481,471,68,1,1
1,192,1,2307,49,481,471,68,1,1
2,193,1,2307,49,481,471,68,1,1
2,193,1,2307,49,481,473,-403,1,1
3,193,1,2307,49,481,473,-403,1,1
3,193,1,2307,49,483,473,78,1,1
1,193,1,2307,49,483,473,78,1,1
2,194,1,2307,49,483,473,78,1,1
2,194,1,2307,49,483,475,-395,1,1
3,194,1,2307,49,483,475,-395,1,1
3,194,1,2307,49,485,475,88,1,1
1,194,1,2307,49,485,475,88,1,1
2,195,1,2307,49,485,475,88,1,1
2,195,1,2307,49,485,477,-387,1,1
3,195,1,2307,49,485,477,-387,1,1
3,195,1,2307,49,487,477,98,1,1
1,195,1,2307,49,487,477,98,1,1
2,196,1,2307,49,487,477,98,1,1
2,196,1,2307,49,487,479,-379,1,1
3,196,1,2307,49,487,479,-379,1,1
3,196,1,2307,49,489,479,108,1,1
1,196,1,2307,49,489,479,108,1,1
2,197,1,2307,49,489,479,108,1,1
2,197,1,2307,49,489,481,-371,1,1
3,197,1,2307,49,489,481,-371,1,1
3,197,1,2307,49,491,481,118,1,1
1,197,1,2307,49,491,481,118,1,1
2,198,1,2307,49,491,481,118,1,1
2,198,1,2307,49,491,483,-363,1,1
3,198,1,2307,49,491,483,-363,1,1
3,198,1,2307,49,493,483,128,1,1
1,198,1,2307,49,493,483,128,1,1
2,199,1,2307,49,493,483,128,1,1
2,199,1,2307,49,493,485,-355,1,1
3,199,1,2307,49,493,485,-355,1,1
3,199,1,2307,49,495,485,138,1,1
1,199,1,2307,49,495,485,138,1,1
2,200,1,2307,49,495,485,138,1,1
2,200,1,2307,49,495,487,-347,1,1
3,200,1,2307,49,495,487,-347,1,1
3,200,1,2307,49,497,487,148,1,1
1,200,1,2307,49,497,487,148,1,1
2,201,1,2307,49,497,487,148,1,1
2,201,1,2307,49,497,489,-339,1,1
3,201,1,2307,49,497,489,-339,1,1
3,201,1,2307,49,499,489,158,1,1
1,201,1,2307,49,499,489,158,1,1
2,202,1,2307,49,499,489,158,1,1
2,202,1,2307,49,499,491,-331,1,1
3,202,1,2307,49,499,491,-331,1,1
3,202,1,2307,49,501,491,168,1,1
1,202,1,2307,49,501,491,168,1,1
2,203,1,2307,49,501,491,168,1,1
2,203,1,2307,49,501,493,-323,1,1
3,203,1,2307,49,501,493,-323,1,1
3,203,1,2307,49,503,493,178,1,1
1,203,1,2307,49,503,493,178,1,1
2,204,1,2307,49,503,493,178,1,1
2,204,1,2307,49,503,495,-315,1,1
3,204,1,2307,49,503,495,-315,1,1
3,204,1,2307,49,505,495,188,1,1
1,204,1,2307,49,505,495,188,1,1
2,205,1,2307,49,505,495,188,1,1
2,205,1,2307,49,505,497,-307,1,1
3,205,1,2307,49,505,497,-307,1,1
3,205,1,2307,49,507,497,198,1,1
1,205,1,2307,49,507,497,198,1,1
2,206,1,2307,49,507,497,198,1,1
2,206,1,2307,49,507,499,-299,1,1
3,206,1,2307,49,507,499,-299,1,1
3,206,1,2307,49,509,499,208,1,1
1,206,1,2307,49,509,499,208,1,1
2,207,1,2307,49,509,499,208,1,1
2,207,1,2307,49,509,501,-291,1,1
3,207,1,2307,49,509,501,-291,1,1
3,207,1,2307,49,511,501,218,1,1
1,207,1,2307,49,511,501,218,1,1
2,208,1,2307,49,511,501,218,1,1
2,208,1,2307,49,511,503,-283,1,1
3,208,1,2307,49,511,503,-283,1,1
3,208,1,2307,49,513,503,228,1,1
1,208,1,2307,49,513,503,228,1,1
2,209,1,2307,49,513,503,228,1,1
2,209,1,2307,49,513,505,-275,1,1
3,209,1,2307,49,513,505,-275,1,1
3,209,1,2307,49,515,505,238,1,1
1,209,1,2307,49,515,505,238,1,1
2,210,1,2307,49,515,505,238,1,1
2,210,1,2307,49,515,507,-267,1,1
3,210,1,2307,49,515,507,-267,1,1
3,210,1,2307,49,517,507,248,1,1
1,210,1,2307,49,517,507,248,1,1
2,211,1,2307,49,517,507,248,1,1
2,211,1,2307,49,517,509,-259,1,1
3,211,1,2307,49,517,509,-259,1,1
3,211,1,2307,49,519,509,258,1,1
1,211,1,2307,49,519,509,258,1,1
2,212,1,2307,49,519,509,258,1,1
2,212,1,2307,49,519,511,-251,1,1
3,212,1,2307,49,519,511,-251,1,1
3,212,1,2307,49,521,511,268,1,1
1,212,1,2307,49,521,511,268,1,1
2,213,1,2307,49,521,511,268,1,1
2,213,1,2307,49,521,513,-243,1,1
3,213,1,2307,49,521,513,-243,1,1
3,213,1,2307,49,523,513,278,1,1
1,213,1,2307,49,523,513,278,1,1
2,214,1,2307,49,523,513,278,1,1
2,214,1,2307,49,523,515,-235,1,1
3,214,1,2307,49,523,515,-235,1,1
3,214,1,2307,49,525,515,288,1,1
1,214,1,2307,49,525,515,288,1,1
2,215,1,2307,49,525,515,288,1,1
2,215,1,2307,49,525,517,-227,1,1
3,215,1,2307,49,525,517,-227,1,1
3,215,1,2307,49,527,517,298,1,1
1,215,1,2307,49,527,517,298,1,1
2,216,1,2307,49,527,517,298,1,1
2,216,1,2307,49,527,519,-219,1,1
3,216,1,2307,49,527,519,-219,1,1
3,216,1,2307,49,529,519,308,1,1
1,216,1,2307,49,529,519,308,1,1
2,217,1,2307,49,529,519,308,1,1
2,217,1,2307,49,529,521,-211,1,1
3,217,1,2307,49,529,521,-211,1,1
3,217,1,2307,49,531,521,318,1,1
1,217,1,2307,49,531,521,318,1,1
2,218,1,2307,49,531,521,318,1,1
2,218,1,2307,49,531,523,-203,1,1
3,218,1,2307,49,531,523,-203,1,1
3,218,1,2307,49,533,523,328,1,1
1,218,1,2307,49,533,523,328,1,1
2,219,1,2307,49,533,523,328,1,1
2,219,1,2307,49,533,525,-195,1,1
3,219,1,2307,49,533,525,-195,1,1
3,219,1,2307,49,535,525,338,1,1
1,219,1,2307,49,535,525,338,1,1
2,220,1,2307,49,535,525,338,1,1
2,220,1,2307,49,535,527,-187,1,1
3,220,1,2307,49,535,527,-187,1,1
3,220,1,2307,49,537,527,348,1,1
1,220,1,2307,49,537,527,348,1,1
2,221,1,2307,49,537,527,348,1,1
2,221,1,2307,49,537,529,-179,1,1
3,221,1,2307,49,537,529,-179,1,1
3,221,1,2307,49,539,529,358,1,1
1,221,1,2307,49,539,529,358,1,1
2,222,1,2307,49,539,529,358,1,1
2,222,1,2307,49,539,531,-171,1,1
3,222,1,2307,49,539,531,-171,1,1
3,222,1,2307,49,541,531,368,1,1
1,222,1,2307,49,541,531,368,1,1
2,223,1,2307,49,541,531,368,1,1
2,223,1,2307,49,541,533,-163,1,1
3,223,1,2307,49,541,533,-163,1,1
3,223,1,2307,49,543,533,378,1,1
1,223,1,2307,49,543,533,378,1,1
2,224,1,2307,49,543,533,378,1,1
2,224,1,2307,49,543,535,-155,1,1
3,224,1,2307,49,543,535,-155,1,1
3,224,1,2307,49,545,535,388,1,1
1,224,1,2307,49,545,535,388,1,1
2,225,1,2307,49,545,535,388,1,1
2,225,1,2307,49,545,537,-147,1,1
3,225,1,2307,49,545,537,-147,1,1
3,225,1,2307,49,547,537,398,1,1
1,225,1,2307,49,547,537,398,1,1
2,226,1,2307,49,547,537,398,1,1
2,226,1,2307,49,547,539,-139,1,1
3,226,1,2307,49,547,539,-139,1,1
3,226,1,2307,49,549,539,408,1,1
1,226,1,2307,49,549,539,408,1,1
2,227,1,2307,49,549,539,408,1,1
2,227,1,2307,49,549,541,-131,1,1
3,227,1,2307,49,549,541,-131,1,1
3,227,1,2307,49,551,541,418,1,1
1,227,1,2307,49,551,541,418,1,1
2,228,1,2307,49,551,541,418,1,1
2,228,1,2307,49,551,543,-123,1,1
3,228,1,2307,49,551,543,-123,1,1
3,228,1,2307,49,553,543,428,1,1
1,228,1,2307,49,553,543,428,1,1
2,229,1,2307,49,553,543,428,1,1
2,229,1,2307,49,553,545,-115,1,1
3,229,1,2307,49,553,545,-115,1,1
3,229,1,2307,49,555,545,438,1,1
1,229,1,2307,49,555,545,438,1,1
2,230,1,2307,49,555,545,438,1,1
2,230,1,2307,49,555,547,-107,1,1
3,230,1,2307,49,555,547,-107,1,1
3,230,1,2307,49,557,547,448,1,1
1,230,1,2307,49,557,547,448,1,1
2,231,1,2307,49,557,547,448,1,1
2,231,1,2307,49,557,549,-99,1,1
3,231,1,2307,49,557,549,-99,1,1
3,231,1,2307,49,559,549,458,1,1
1,231,1,2307,49,559,549,458,1,1
2,232,1,2307,49,559,549,458,1,1
2,232,1,2307,49,559,551,-91,1,1
3,232,1,2307,49,559,551,-91,1,1
3,232,1,2307,49,561,551,468,1,1
1,232,1,2307,49,561,551,468,1,1
2,233,1,2307,49,561,551,468,1,1
2,233,1,2307,49,561,553,-83,1,1
3,233,1,2307,49,561,553,-83,1,1
3,233,1,2307,49,563,553,478,1,1
1,233,1,2307,49,563,553,478,1,1
2,234,1,2307,49,563,553,478,1,1
2,234,1,2307,49,563,555,-75,1,1
3,234,1,2307,49,563,555,-75,1,1
3,234,1,2307,49,565,555,488,1,1
1,234,1,2307,49,565,555,488,1,1
2,235,1,2307,49,565,555,488,1,1
2,235,1,2307,49,565,557,-67,1,1
3,235,1,2307,49,565,557,-67,1,1
3,235,1,2307,49,567,557,498,1,1
1,235,1,2307,49,567,557,498,1,1
2,236,1,2307,49,567,557,498,1,1
2,236,1,2307,49,567,559,-59,1,1
3,236,1,2307,49,567,559,-59,1,1
3,236,1,2307,49,569,559,508,1,1
1,236,1,2307,49,569,559,508,1,1
2,237,1,2307,49,569,559,508,1,1
2,237,1,2307,49,569,561,-51,1,1
3,237,1,2307,49,569,561,-51,1,1
3,237,1,2307,49,571,561,518,1,1
1,237,1,2307,49,571,561,518,1,1
2,238,1,2307,49,571,561,518,1,1
2,238,1,2307,49,571,563,-43,1,1
3,238,1,2307,49,571,563,-43,1,1
3,238,1,2307,49,573,563,528,1,1
1,238,1,2307,49,573,563,528,1,1
2,239,1,2307,49,573,563,528,1,1
2,239,1,2307,49,573,565,-35,1,1
3,239,1,2307,49,573,565,-35,1,1
3,239,1,2307,49,575,565,538,1,1
1,239,1,2307,49,575,565,538,1,1
2,240,1,2307,49,575,565,538,1,1
2,240,1,2307,49,575,567,-27,1,1
3,240,1,2307,49,575,567,-27,1,1
3,240,1,2307,49,577,567,548,1,1
1,240,1,2307,49,577,567,548,1,1
2,241,1,2307,49,577,567,548,1,1
2,241,1,2307,49,577,569,-19,1,1
3,241,1,2307,49,577,569,-19,1,1
3,241,1,2307,49,579,569,558,1,1
1,241,1,2307,49,579,569,558,1,1
2,242,1,2307,49,579,569,558,1,1
2,242,1,2307,49,579,571,-11,1,1
3,242,1,2307,49,579,571,-11,1,1
3,242,1,2307,49,581,571,568,1,1
1,242,1,2307,49,581,571,568,1,1
2,243,1,2307,49,581,571,568,1,1
2,243,1,2307,49,581,573,-3,1,1
3,243,1,2307,49,581,573,-3,1,1
3,243,1,2307,49,583,573,578,1,1
1,243,1,2307,49,583,573,578,1,1
2,244,1,2307,49,583,573,578,1,1
2,244,1,2307,49,583,575,5,1,1
2,244,1,2307,49,583,577,-570,1,1
3,244,1,2307,49,583,577,-570,1,1
3,244,1,2307,49,585,577,13,1,1
1,244,1,2307,49,585,577,13,1,1
2,245,1,2307,49,585,577,13,1,1
2,245,1,2307,49,585,579,-564,1,1
3,245,1,2307,49,585,579,-564,1,1
3,245,1,2307,49,587,579,21,1,1
1,245,1,2307,49,587,579,21,1,1
2,246,1,2307,49,587,579,21,1,1
2,246,1,2307,49,587,581,-558,1,1
3,246,1,2307,49,587,581,-558,1,1
3,246,1,2307,49,589,581,29,1,1
1,246,1,2307,49,589,581,29,1,1
2,247,1,2307,49,589,581,29,1,1
2,247,1,2307,49,589,583,-552,1,1
3,247,1,2307,49,589,583,-552,1,1
3,247,1,2307,49,591,583,37,1,1
1,247,1,2307,49,591,583,37,1,1
2,248,1,2307,49,591,583,37,1,1
2,248,1,2307,49,591,585,-546,1,1
3,248,1,2307,49,591,585,-546,1,1
3,248,1,2307,49,593,585,45,1,1
1,248,1,2307,49,593,585,45,1,1
2,249,1,2307,49,593,585,45,1,1
2,249,1,2307,49,593,587,-540,1,1
3,249,1,2307,49,593,587,-540,1,1
3,249,1,2307,49,595,587,53,1,1
1,249,1,2307,49,595,587,53,1,1
2,250,1,2307,49,595,587,53,1,1
2,250,1,2307,49,595,589,-534,1,1
3,250,1,2307,49,595,589,-534,1,1
3,250,1,2307,49,597,589,61,1,1
1,250,1,2307,49,597,589,61,1,1
2,251,1,2307,49,597,589,61,1,1
2,251,1,2307,49,597,591,-528,1,1
3,251,1,2307,49,597,591,-528,1,1
3,251,1,2307,49,599,591,69,1,1
1,251,1,2307,49,599,591,69,1,1
2,252,1,2307,49,599,591,69,1,1
2,252,1,2307,49,599,593,-522,1,1
3,252,1,2307,49,599,593,-522,1,1
3,252,1,2307,49,601,593,77,1,1
1,252,1,2307,49,601,593,77,1,1
2,253,1,2307,49,601,593,77,1,1
2,253,1,2307,49,601,595,-516,1,1
3,253,1,2307,49,601,595,-516,1,1
3,253,1,2307,49,603,595,85,1,1
1,253,1,2307,49,603,595,85,1,1
2,254,1,2307,49,603,595,85,1,1
2,254,1,2307,49,603,597,-510,1,1
3,254,1,2307,49,603,597,-510,1,1
3,254,1,2307,49,605,597,93,1,1
1,254,1,2307,49,605,597,93,1,1
2,255,1,2307,49,605,597,93,1,1
2,255,1,2307,49,605,599,-504,1,1
3,255,1,2307,49,605,599,-504,1,1
3,255,1,2307,49,607,599,101,1,1
1,255,1,2307,49,607,599,101,1,1
2,256,1,2307,49,607,599,101,1,1
2,256,1,2307,49,607,601,-498,1,1
3,256,1,2307,49,607,601,-498,1,1
3,256,1,2307,49,609,601,109,1,1
1,256,1,2307,49,609,601,109,1,1
2,257,1,2307,49,609,601,109,1,1
2,257,1,2307,49,609,603,-492,1,1
3,257,1,2307,49,609,603,-492,1,1
3,257,1,2307,49,611,603,117,1,1
1,257,1,2307,49,611,603,117,1,1
2,258,1,2307,49,611,603,117,1,1
2,258,1,2307,49,611,605,-486,1,1
3,258,1,2307,49,611,605,-486,1,1
3,258,1,2307,49,613,605,125,1,1
1,258,1,2307,49,613,605,125,1,1
2,259,1,2307,49,613,605,125,1,1
2,259,1,2307,49,613,607,-480,1,1
3,259,1,2307,49,613,607,-480,1,1
3,259,1,2307,49,615,607,133,1,1
1,259,1,2307,49,615,607,133,1,1
2,260,1,2307,49,615,607,133,1,1
2,260,1,2307,49,615,609,-474,1,1
3,260,1,2307,49,615,609,-474,1,1
3,260,1,2307,49,617,609,141,1,1
1,260,1,2307,49,617,609,141,1,1
2,261,1,2307,49,617,609,141,1,1
2,261,1,2307,49,617,611,-468,1,1
3,261,1,2307,49,617,611,-468,1,1
3,261,1,2307,49,619,611,149,1,1
1,261,1,2307,49,619,611,149,1,1
2,262,1,2307,49,619,611,149,1,1
2,262,1,2307,49,619,613,-462,1,1
3,262,1,2307,49,619,613,-462,1,1
3,262,1,2307,49,621,613,157,1,1
1,262,1,2307,49,621,613,157,1,1
2,263,1,2307,49,621,613,157,1,1
2,263,1,2307,49,621,615,-456,1,1
3,263,1,2307,49,621,615,-456,1,1
3,263,1,2307,49,623,615,165,1,1
1,263,1,2307,49,623,615,165,1,1
2,264,1,2307,49,623,615,165,1,1
2,264,1,2307,49,623,617,-450,1,1
3,264,1,2307,49,623,617,-450,1,1
3,264,1,2307,49,625,617,173,1,1
1,264,1,2307,49,625,617,173,1,1
2,265,1,2307,49,625,617,173,1,1
2,265,1,2307,49,625,619,-444,1,1
3,265,1,2307,49,625,619,-444,1,1
3,265,1,2307,49,627,619,181,1,1
1,265,1,2307,49,627,619,181,1,1
2,266,1,2307,49,627,619,181,1,1
2,266,1,2307,49,627,621,-438,1,1
3,266,1,2307,49,627,621,-438,1,1
3,266,1,2307,49,629,621,189,1,1
1,266,1,2307,49,629,621,189,1,1
2,267,1,2307,49,629,621,189,1,1
2,267,1,2307,49,629,623,-432,1,1
3,267,1,2307,49,629,623,-432,1,1
3,267,1,2307,49,631,623,197,1,1
1,267,1,2307,49,631,623,197,1,1
2,268,1,2307,49,631,623,197,1,1
2,268,1,2307,49,631,625,-426,1,1
3,268,1,2307,49,631,625,-426,1,1
3,268,1,2307,49,633,625,205,1,1
1,268,1,2307,49,633,625,205,1,1
2,269,1,2307,49,633,625,205,1,1
2,269,1,2307,49,633,627,-420,1,1
3,269,1,2307,49,633,627,-420,1,1
3,269,1,2307,49,635,627,213,1,1
1,269,1,2307,49,635,627,213,1,1
2,270,1,2307,49,635,627,213,1,1
2,270,1,2307,49,635,629,-414,1,1
3,270,1,2307,49,635,629,-414,1,1
3,270,1,2307,49,637,629,221,1,1
1,270,1,2307,49,637,629,221,1,1
2,271,1,2307,49,637,629,221,1,1
2,271,1,2307,49,637,631,-408,1,1
3,271,1,2307,49,637,631,-408,1,1
3,271,1,2307,49,639,631,229,1,1
1,271,1,2307,49,639,631,229,1,1
2,272,1,2307,49,639,631,229,1,1
2,272,1,2307,49,639,633,-402,1,1
3,272,1,2307,49,639,633,-402,1,1
3,272,1,2307,49,641,633,237,1,1
1,272,1,2307,49,641,633,237,1,1
2,273,1,2307,49,641,633,237,1,1
2,273,1,2307,49,641,635,-396,1,1
3,273,1,2307,49,641,635,-396,1,1
3,273,1,2307,49,643,635,245,1,1
1,273,1,2307,49,643,635,245,1,1
2,274,1,2307,49,643,635,245,1,1
2,274,1,2307,49,643,637,-390,1,1
3,274,1,2307,49,643,637,-390,1,1
3,274,1,2307,49,645,637,253,1,1
1,274,1,2307,49,645,637,253,1,1
2,275,1,2307,49,645,637,253,1,1
2,275,1,2307,49,645,639,-384,1,1
3,275,1,2307,49,645,639,-384,1,1
3,275,1,2307,49,647,639,261,1,1
1,275,1,2307,49,647,639,261,1,1
2,276,1,2307,49,647,639,261,1,1
2,276,1,2307,49,647,641,-378,1,1
3,276,1,2307,49,647,641,-378,1,1
3,276,1,2307,49,649,641,269,1,1
1,276,1,2307,49,649,641,269,1,1
2,277,1,2307,49,649,641,269,1,1
2,277,1,2307,49,649,643,-372,1,1
3,277,1,2307,49,649,643,-372,1,1
3,277,1,2307,49,651,643,277,1,1
1,277,1,2307,49,651,643,277,1,1
2,278,1,2307,49,651,643,277,1,1
2,278,1,2307,49,651,645,-366,1,1
3,278,1,2307,49,651,645,-366,1,1
3,278,1,2307,49,653,645,285,1,1
1,278,1,2307,49,653,645,285,1,1
2,279,1,2307,49,653,645,285,1,1
2,279,1,2307,49,653,647,-360,1,1
3,279,1,2307,49,653,647,-360,1,1
3,279,1,2307,49,655,647,293,1,1
1,279,1,2307,49,655,647,293,1,1
2,280,1,2307,49,655,647,293,1,1
2,280,1,2307,49,655,649,-354,1,1
3,280,1,2307,49,655,649,-354,1,1
3,280,1,2307,49,657,649,301,1,1
1,280,1,2307,49,657,649,301,1,1
2,281,1,2307,49,657,649,301,1,1
2,281,1,2307,49,657,651,-348,1,1
3,281,1,2307,49,657,651,-348,1,1
3,281,1,2307,49,659,651,309,1,1
1,281,1,2307,49,659,651,309,1,1
2,282,1,2307,49,659,651,309,1,1
2,282,1,2307,49,659,653,-342,1,1
3,282,1,2307,49,659,653,-342,1,1
3,282,1,2307,49,661,653,317,1,1
1,282,1,2307,49,661,653,317,1,1
2,283,1,2307,49,661,653,317,1,1
2,283,1,2307,49,661,655,-336,1,1
3,283,1,2307,49,661,655,-336,1,1
3,283,1,2307,49,663,655,325,1,1
1,283,1,2307,49,663,655,325,1,1
2,284,1,2307,49,663,655,325,1,1
2,284,1,2307,49,663,657,-330,1,1
3,284,1,2307,49,663,657,-330,1,1
3,284,1,2307,49,665,657,333,1,1
1,284,1,2307,49,665,657,333,1,1
2,285,1,2307,49,665,657,333,1,1
2,285,1,2307,49,665,659,-324,1,1
3,285,1,2307,49,665,659,-324,1,1
3,285,1,2307,49,667,659,341,1,1
1,285,1,2307,49,667,659,341,1,1
2,286,1,2307,49,667,659,341,1,1
2,286,1,2307,49,667,661,-318,1,1
3,286,1,2307,49,667,661,-318,1,1
3,286,1,2307,49,669,661,349,1,1
1,286,1,2307,49,669,661,349,1,1
2,287,1,2307,49,669,661,349,1,1
2,287,1,2307,49,669,663,-312,1,1
3,287,1,2307,49,669,663,-312,1,1
3,287,1,2307,49,671,663,357,1,1
1,287,1,2307,49,671,663,357,1,1
2,288,1,2307,49,671,663,357,1,1
2,288,1,2307,49,671,665,-306,1,1
3,288,1,2307,49,671,665,-306,1,1
3,288,1,2307,49,673,665,365,1,1
1,288,1,2307,49,673,665,365,1,1
2,289,1,2307,49,673,665,365,1,1
2,289,1,2307,49,673,667,-300,1,1
3,289,1,2307,49,673,667,-300,1,1
3,289,1,2307,49,675,667,373,1,1
1,289,1,2307,49,675,667,373,1,1
2,290,1,2307,49,675,667,373,1,1
2,290,1,2307,49,675,669,-294,1,1
3,290,1,2307,49,675,669,-294,1,1
3,290,1,2307,49,677,669,381,1,1
1,290,1,2307,49,677,669,381,1,1
2,291,1,2307,49,677,669,381,1,1
2,291,1,2307,49,677,671,-288,1,1
3,291,1,2307,49,677,671,-288,1,1
3,291,1,2307,49,679,671,389,1,1
1,291,1,2307,49,679,671,389,1,1
2,292,1,2307,49,679,671,389,1,1
2,292,1,2307,49,679,673,-282,1,1
3,292,1,2307,49,679,673,-282,1,1
3,292,1,2307,49,681,673,397,1,1
1,292,1,2307,49,681,673,397,1,1
2,293,1,2307,49,681,673,397,1,1
2,293,1,2307,49,681,675,-276,1,1
3,293,1,2307,49,681,675,-276,1,1
3,293,1,2307,49,683,675,405,1,1
1,293,1,2307,49,683,675,405,1,1
2,294,1,2307,49,683,675,405,1,1
2,294,1,2307,49,683,677,-270,1,1
3,294,1,2307,49,683,677,-270,1,1
3,294,1,2307,49,685,677,413,1,1
1,294,1,2307,49,685,677,413,1,1
2,295,1,2307,49,685,677,413,1,1
2,295,1,2307,49,685,679,-264,1,1
3,295,1,2307,49,685,679,-264,1,1
3,295,1,2307,49,687,679,421,1,1
1,295,1,2307,49,687,679,421,1,1
2,296,1,2307,49,687,679,421,1,1
2,296,1,2307,49,687,681,-258,1,1
3,296,1,2307,49,687,681,-258,1,1
3,296,1,2307,49,689,681,429,1,1
1,296,1,2307,49,689,681,429,1,1
2,297,1,2307,49,689,681,429,1,1
2,297,1,2307,49,689,683,-252,1,1
3,297,1,2307,49,689,683,-252,1,1
3,297,1,2307,49,691,683,437,1,1
1,297,1,2307,49,691,683,437,1,1
2,298,1,2307,49,691,683,437,1,1
2,298,1,2307,49,691,685,-246,1,1
3,298,1,2307,49,691,685,-246,1,1
3,298,1,2307,49,693,685,445,1,1
1,298,1,2307,49,693,685,445,1,1
2,299,1,2307,49,693,685,445,1,1
2,299,1,2307,49,693,687,-240,1,1
3,299,1,2307,49,693,687,-240,1,1
3,299,1,2307,49,695,687,453,1,1
1,299,1,2307,49,695,687,453,1,1
2,300,1,2307,49,695,687,453,1,1
2,300,1,2307,49,695,689,-234,1,1
3,300,1,2307,49,695,689,-234,1,1
3,300,1,2307,49,697,689,461,1,1
1,300,1,2307,49,697,689,461,1,1
2,301,1,2307,49,697,689,461,1,1
2,301,1,2307,49,697,691,-228,1,1
3,301,1,2307,49,697,691,-228,1,1
3,301,1,2307,49,699,691,469,1,1
1,301,1,2307,49,699,691,469,1,1
2,302,1,2307,49,699,691,469,1,1
2,302,1,2307,49,699,693,-222,1,1
3,302,1,2307,49,699,693,-222,1,1
3,302,1,2307,49,701,693,477,1,1
1,302,1,2307,49,701,693,477,1,1
2,303,1,2307,49,701,693,477,1,1
2,303,1,2307,49,701,695,-216,1,1
3,303,1,2307,49,701,695,-216,1,1
3,303,1,2307,49,703,695,485,1,1
1,303,1,2307,49,703,695,485,1,1
2,304,1,2307,49,703,695,485,1,1
2,304,1,2307,49,703,697,-210,1,1
3,304,1,2307,49,703,697,-210,1,1
3,304,1,2307,49,705,697,493,1,1
1,304,1,2307,49,705,697,493,1,1
2,305,1,2307,49,705,697,493,1,1
2,305,1,2307,49,705,699,-204,1,1
3,305,1,2307,49,705,699,-204,1,1
3,305,1,2307,49,707,699,501,1,1
1,305,1,2307,49,707,699,501,1,1
2,306,1,2307,49,707,699,501,1,1
2,306,1,2307,49,707,701,-198,1,1
3,306,1,2307,49,707,701,-198,1,1
3,306,1,2307,49,709,701,509,1,1
1,306,1,2307,49,709,701,509,1,1
2,307,1,2307,49,709,701,509,1,1
2,307,1,2307,49,709,703,-192,1,1
3,307,1,2307,49,709,703,-192,1,1
3,307,1,2307,49,711,703,517,1,1
1,307,1,2307,49,711,703,517,1,1
2,308,1,2307,49,711,703,517,1,1
2,308,1,2307,49,711,705,-186,1,1
3,308,1,2307,49,711,705,-186,1,1
3,308,1,2307,49,713,705,525,1,1
1,308,1,2307,49,713,705,525,1,1
2,309,1,2307,49,713,705,525,1,1
2,309,1,2307,49,713,707,-180,1,1
3,309,1,2307,49,713,707,-180,1,1
3,309,1,2307,49,715,707,533,1,1
1,309,1,2307,49,715,707,533,1,1
2,310,1,2307,49,715,707,533,1,1
2,310,1,2307,49,715,709,-174,1,1
3,310,1,2307,49,715,709,-174,1,1
3,310,1,2307,49,717,709,541,1,1
1,310,1,2307,49,717,709,541,1,1
2,311,1,2307,49,717,709,541,1,1
2,311,1,2307,49,717,711,-168,1,1
3,311,1,2307,49,717,711,-168,1,1
3,311,1,2307,49,719,711,549,1,1
1,311,1,2307,49,719,711,549,1,1
2,312,1,2307,49,719,711,549,1,1
2,312,1,2307,49,719,713,-162,1,1
3,312,1,2307,49,719,713,-162,1,1
3,312,1,2307,49,721,713,557,1,1
1,312,1,2307,49,721,713,557,1,1
2,313,1,2307,49,721,713,557,1,1
2,313,1,2307,49,721,715,-156,1,1
3,313,1,2307,49,721,715,-156,1,1
3,313,1,2307,49,723,715,565,1,1
1,313,1,2307,49,723,715,565,1,1
2,314,1,2307,49,723,715,565,1,1
2,314,1,2307,49,723,717,-150,1,1
3,314,1,2307,49,723,717,-150,1,1
3,314,1,2307,49,725,717,573,1,1
1,314,1,2307,49,725,717,573,1,1
2,315,1,2307,49,725,717,573,1,1
2,315,1,2307,49,725,719,-144,1,1
3,315,1,2307,49,725,719,-144,1,1
3,315,1,2307,49,727,719,581,1,1
1,315,1,2307,49,727,719,581,1,1
2,316,1,2307,49,727,719,581,1,1
2,316,1,2307,49,727,721,-138,1,1
3,316,1,2307,49,727,721,-138,1,1
3,316,1,2307,49,729,721,589,1,1
1,316,1,2307,49,729,721,589,1,1
2,317,1,2307,49,729,721,589,1,1
2,317,1,2307,49,729,723,-132,1,1
3,317,1,2307,49,729,723,-132,1,1
3,317,1,2307,49,731,723,597,1,1
1,317,1,2307,49,731,723,597,1,1
2,318,1,2307,49,731,723,597,1,1
2,318,1,2307,49,731,725,-126,1,1
3,318,1,2307,49,731,725,-126,1,1
3,318,1,2307,49,733,725,605,1,1
1,318,1,2307,49,733,725,605,1,1
2,319,1,2307,49,733,725,605,1,1
2,319,1,2307,49,733,727,-120,1,1
3,319,1,2307,49,733,727,-120,1,1
3,319,1,2307,49,735,727,613,1,1
1,319,1,2307,49,735,727,613,1,1
2,320,1,2307,49,735,727,613,1,1
2,320,1,2307,49,735,729,-114,1,1
3,320,1,2307,49,735,729,-114,1,1
3,320,1,2307,49,737,729,621,1,1
1,320,1,2307,49,737,729,621,1,1
2,321,1,2307,49,737,729,621,1,1
2,321,1,2307,49,737,731,-108,1,1
3,321,1,2307,49,737,731,-108,1,1
3,321,1,2307,49,739,731,629,1,1
1,321,1,2307,49,739,731,629,1,1
2,322,1,2307,49,739,731,629,1,1
2,322,1,2307,49,739,733,-102,1,1
3,322,1,2307,49,739,733,-102,1,1
3,322,1,2307,49,741,733,637,1,1
1,322,1,2307,49,741,733,637,1,1
2,323,1,2307,49,741,733,637,1,1
2,323,1,2307,49,741,735,-96,1,1
3,323,1,2307,49,741,735,-96,1,1
3,323,1,2307,49,743,735,645,1,1
1,323,1,2307,49,743,735,645,1,1
2,324,1,2307,49,743,735,645,1,1
2,324,1,2307,49,743,737,-90,1,1
3,324,1,2307,49,743,737,-90,1,1
3,324,1,2307,49,745,737,653,1,1
1,324,1,2307,49,745,737,653,1,1
2,325,1,2307,49,745,737,653,1,1
2,325,1,2307,49,745,739,-84,1,1
3,325,1,2307,49,745,739,-84,1,1
3,325,1,2307,49,747,739,661,1,1
1,325,1,2307,49,747,739,661,1,1
2,326,1,2307,49,747,739,661,1,1
2,326,1,2307,49,747,741,-78,1,1
3,326,1,2307,49,747,741,-78,1,1
3,326,1,2307,49,749,741,669,1,1
1,326,1,2307,49,749,741,669,1,1
2,327,1,2307,49,749,741,669,1,1
2,327,1,2307,49,749,743,-72,1,1
3,327,1,2307,49,749,743,-72,1,1
3,327,1,2307,49,751,743,677,1,1
1,327,1,2307,49,751,743,677,1,1
2,328,1,2307,49,751,743,677,1,1
2,328,1,2307,49,751,745,-66,1,1
3,328,1,2307,49,751,745,-66,1,1
3,328,1,2307,49,753,745,685,1,1
1,328,1,2307,49,753,745,685,1,1
2,329,1,2307,49,753,745,685,1,1
2,329,1,2307,49,753,747,-60,1,1
3,329,1,2307,49,753,747,-60,1,1
3,329,1,2307,49,755,747,693,1,1
1,329,1,2307,49,755,747,693,1,1
2,330,1,2307,49,755,747,693,1,1
2,330,1,2307,49,755,749,-54,1,1
3,330,1,2307,49,755,749,-54,1,1
3,330,1,2307,49,757,749,701,1,1
1,330,1,2307,49,757,749,701,1,1
2,331,1,2307,49,757,749,701,1,1
2,331,1,2307,49,757,751,-48,1,1
3,331,1,2307,49,757,751,-48,1,1
3,331,1,2307,49,759,751,709,1,1
1,331,1,2307,49,759,751,709,1,1
2,332,1,2307,49,759,751,709,1,1
2,332,1,2307,49,759,753,-42,1,1
3,332,1,2307,49,759,753,-42,1,1
3,332,1,2307,49,761,753,717,1,1
1,332,1,2307,49,761,753,717,1,1
2,333,1,2307,49,761,753,717,1,1
2,333,1,2307,49,761,755,-36,1,1
3,333,1,2307,49,761,755,-36,1,1
3,333,1,2307,49,763,755,725,1,1
1,333,1,2307,49,763,755,725,1,1
2,334,1,2307,49,763,755,725,1,1
2,334,1,2307,49,763,757,-30,1,1
3,334,1,2307,49,763,757,-30,1,1
3,334,1,2307,49,765,757,733,1,1
1,334,1,2307,49,765,757,733,1,1
2,335,1,2307,49,765,757,733,1,1
2,335,1,2307,49,765,759,-24,1,1
3,335,1,2307,49,765,759,-24,1,1
3,335,1,2307,49,767,759,741,1,1
1,335,1,2307,49,767,759,741,1,1
2,336,1,2307,49,767,759,741,1,1
2,336,1,2307,49,767,761,-18,1,1
3,336,1,2307,49,767,761,-18,1,1
3,336,1,2307,49,769,761,749,1,1
1,336,1,2307,49,769,761,749,1,1
2,337,1,2307,49,769,761,749,1,1
2,337,1,2307,49,769,763,-12,1,1
3,337,1,2307,49,769,763,-12,1,1
3,337,1,2307,49,771,763,757,1,1
1,337,1,2307,49,771,763,757,1,1
2,338,1,2307,49,771,763,757,1,1
2,338,1,2307,49,771,765,-6,1,1
3,338,1,2307,49,771,765,-6,1,1
3,338,1,2307,49,773,765,765,1,1
1,338,1,2307,49,773,765,765,1,1
2,339,1,2307,49,773,765,765,1,1
2,339,1,2307,49,773,767,0,1,1
3,339,1,2307,49,773,767,0,1,1
1,339,1,2307,49,773,767,0,1,1
1,1,1,6873,83,167,1,16,1,1
2,2,1,6873,83,167,1,16,1,1
2,2,1,6873,83,167,3,15,1,1
2,2,1,6873,83,167,5,12,1,1
2,2,1,6873,83,167,7,7,1,1
2,2,1,6873,83,167,9,0,1,1
3,2,1,6873,83,167,9,0,1,1
1,2,1,6873,83,167,9,0,1,1
1,1,1,135,12,25,1,9,1,1
2,2,1,135,12,25,1,9,1,1
2,2,1,135,12,25,3,8,1,1
2,2,1,135,12,25,5,5,1,1
2,2,1,135,12,25,7,0,1,1
3,2,1,135,12,25,7,0,1,1
1,2,1,135,12,25,7,0,1,1
