trace_idx,while_counter,1,z,k,x,y,c,run_id
1.0,0.0,1.0,0.0,1.0,1.0,1.0,1.0,0
1.0,0.0,1.0,0.0,10.0,1.0,1.0,1.0,1
1.0,1.0,1.0,0.0,10.0,1.0,0.0,2.0,1
1.0,2.0,1.0,0.0,10.0,1.0,0.0,3.0,1
1.0,3.0,1.0,0.0,10.0,1.0,0.0,4.0,1
1.0,4.0,1.0,0.0,10.0,1.0,0.0,5.0,1
1.0,5.0,1.0,0.0,10.0,1.0,0.0,6.0,1
1.0,6.0,1.0,0.0,10.0,1.0,0.0,7.0,1
1.0,7.0,1.0,0.0,10.0,1.0,0.0,8.0,1
1.0,8.0,1.0,0.0,10.0,1.0,0.0,9.0,1
1.0,9.0,1.0,0.0,10.0,1.0,0.0,10.0,1
1.0,0.0,1.0,0.0,5.0,1.0,1.0,1.0,2
1.0,1.0,1.0,0.0,5.0,1.0,0.0,2.0,2
1.0,2.0,1.0,0.0,5.0,1.0,0.0,3.0,2
1.0,3.0,1.0,0.0,5.0,1.0,0.0,4.0,2
1.0,4.0,1.0,0.0,5.0,1.0,0.0,5.0,2
1.0,0.0,1.0,0.0,6.0,1.0,1.0,1.0,3
1.0,1.0,1.0,0.0,6.0,1.0,0.0,2.0,3
1.0,2.0,1.0,0.0,6.0,1.0,0.0,3.0,3
1.0,3.0,1.0,0.0,6.0,1.0,0.0,4.0,3
1.0,4.0,1.0,0.0,6.0,1.0,0.0,5.0,3
1.0,5.0,1.0,0.0,6.0,1.0,0.0,6.0,3
1.0,0.0,1.0,0.0,3.0,1.0,1.0,1.0,4
1.0,1.0,1.0,0.0,3.0,1.0,0.0,2.0,4
1.0,2.0,1.0,0.0,3.0,1.0,0.0,3.0,4
1.0,0.0,1.0,0.0,4.0,1.0,1.0,1.0,5
1.0,1.0,1.0,0.0,4.0,1.0,0.0,2.0,5
1.0,2.0,1.0,0.0,4.0,1.0,0.0,3.0,5
1.0,3.0,1.0,0.0,4.0,1.0,0.0,4.0,5
1.0,0.0,1.0,0.0,8.0,1.0,1.0,1.0,6
1.0,1.0,1.0,0.0,8.0,1.0,0.0,2.0,6
1.0,2.0,1.0,0.0,8.0,1.0,0.0,3.0,6
1.0,3.0,1.0,0.0,8.0,1.0,0.0,4.0,6
1.0,4.0,1.0,0.0,8.0,1.0,0.0,5.0,6
1.0,5.0,1.0,0.0,8.0,1.0,0.0,6.0,6
1.0,6.0,1.0,0.0,8.0,1.0,0.0,7.0,6
1.0,7.0,1.0,0.0,8.0,1.0,0.0,8.0,6
1.0,0.0,1.0,0.0,2.0,1.0,1.0,1.0,7
1.0,1.0,1.0,0.0,2.0,1.0,0.0,2.0,7
1.0,0.0,1.0,0.0,7.0,1.0,1.0,1.0,8
1.0,1.0,1.0,0.0,7.0,1.0,0.0,2.0,8
1.0,2.0,1.0,0.0,7.0,1.0,0.0,3.0,8
1.0,3.0,1.0,0.0,7.0,1.0,0.0,4.0,8
1.0,4.0,1.0,0.0,7.0,1.0,0.0,5.0,8
1.0,5.0,1.0,0.0,7.0,1.0,0.0,6.0,8
1.0,6.0,1.0,0.0,7.0,1.0,0.0,7.0,8
1.0,0.0,1.0,0.0,9.0,1.0,1.0,1.0,9
1.0,1.0,1.0,0.0,9.0,1.0,0.0,2.0,9
1.0,2.0,1.0,0.0,9.0,1.0,0.0,3.0,9
1.0,3.0,1.0,0.0,9.0,1.0,0.0,4.0,9
1.0,4.0,1.0,0.0,9.0,1.0,0.0,5.0,9
1.0,5.0,1.0,0.0,9.0,1.0,0.0,6.0,9
1.0,6.0,1.0,0.0,9.0,1.0,0.0,7.0,9
1.0,7.0,1.0,0.0,9.0,1.0,0.0,8.0,9
1.0,8.0,1.0,0.0,9.0,1.0,0.0,9.0,9
1.0,0.0,1.0,10.0,1.0,1.0,1.0,1.0,10
1.0,0.0,1.0,10.0,10.0,1.0,1.0,1.0,11
1.0,1.0,1.0,10.0,10.0,11.0,10.0,2.0,11
1.0,2.0,1.0,10.0,10.0,111.0,100.0,3.0,11
1.0,3.0,1.0,10.0,10.0,1111.0,1000.0,4.0,11
1.0,4.0,1.0,10.0,10.0,11111.0,10000.0,5.0,11
1.0,5.0,1.0,10.0,10.0,111111.0,100000.0,6.0,11
1.0,6.0,1.0,10.0,10.0,1111111.0,1000000.0,7.0,11
1.0,7.0,1.0,10.0,10.0,11111111.0,10000000.0,8.0,11
1.0,8.0,1.0,10.0,10.0,111111111.0,100000000.0,9.0,11
1.0,9.0,1.0,10.0,10.0,1111111111.0,1000000000.0,10.0,11
1.0,0.0,1.0,10.0,5.0,1.0,1.0,1.0,12
1.0,1.0,1.0,10.0,5.0,11.0,10.0,2.0,12
1.0,2.0,1.0,10.0,5.0,111.0,100.0,3.0,12
1.0,3.0,1.0,10.0,5.0,1111.0,1000.0,4.0,12
1.0,4.0,1.0,10.0,5.0,11111.0,10000.0,5.0,12
1.0,0.0,1.0,10.0,6.0,1.0,1.0,1.0,13
1.0,1.0,1.0,10.0,6.0,11.0,10.0,2.0,13
1.0,2.0,1.0,10.0,6.0,111.0,100.0,3.0,13
1.0,3.0,1.0,10.0,6.0,1111.0,1000.0,4.0,13
1.0,4.0,1.0,10.0,6.0,11111.0,10000.0,5.0,13
1.0,5.0,1.0,10.0,6.0,111111.0,100000.0,6.0,13
1.0,0.0,1.0,10.0,3.0,1.0,1.0,1.0,14
1.0,1.0,1.0,10.0,3.0,11.0,10.0,2.0,14
1.0,2.0,1.0,10.0,3.0,111.0,100.0,3.0,14
1.0,0.0,1.0,10.0,4.0,1.0,1.0,1.0,15
1.0,1.0,1.0,10.0,4.0,11.0,10.0,2.0,15
1.0,2.0,1.0,10.0,4.0,111.0,100.0,3.0,15
1.0,3.0,1.0,10.0,4.0,1111.0,1000.0,4.0,15
1.0,0.0,1.0,10.0,8.0,1.0,1.0,1.0,16
1.0,1.0,1.0,10.0,8.0,11.0,10.0,2.0,16
1.0,2.0,1.0,10.0,8.0,111.0,100.0,3.0,16
1.0,3.0,1.0,10.0,8.0,1111.0,1000.0,4.0,16
1.0,4.0,1.0,10.0,8.0,11111.0,10000.0,5.0,16
1.0,5.0,1.0,10.0,8.0,111111.0,100000.0,6.0,16
1.0,6.0,1.0,10.0,8.0,1111111.0,1000000.0,7.0,16
1.0,7.0,1.0,10.0,8.0,11111111.0,10000000.0,8.0,16
1.0,0.0,1.0,10.0,2.0,1.0,1.0,1.0,17
1.0,1.0,1.0,10.0,2.0,11.0,10.0,2.0,17
1.0,0.0,1.0,10.0,7.0,1.0,1.0,1.0,18
1.0,1.0,1.0,10.0,7.0,11.0,10.0,2.0,18
1.0,2.0,1.0,10.0,7.0,111.0,100.0,3.0,18
1.0,3.0,1.0,10.0,7.0,1111.0,1000.0,4.0,18
1.0,4.0,1.0,10.0,7.0,11111.0,10000.0,5.0,18
1.0,5.0,1.0,10.0,7.0,111111.0,100000.0,6.0,18
1.0,6.0,1.0,10.0,7.0,1111111.0,1000000.0,7.0,18
1.0,0.0,1.0,10.0,9.0,1.0,1.0,1.0,19
1.0,1.0,1.0,10.0,9.0,11.0,10.0,2.0,19
1.0,2.0,1.0,10.0,9.0,111.0,100.0,3.0,19
1.0,3.0,1.0,10.0,9.0,1111.0,1000.0,4.0,19
1.0,4.0,1.0,10.0,9.0,11111.0,10000.0,5.0,19
1.0,5.0,1.0,10.0,9.0,111111.0,100000.0,6.0,19
1.0,6.0,1.0,10.0,9.0,1111111.0,1000000.0,7.0,19
1.0,7.0,1.0,10.0,9.0,11111111.0,10000000.0,8.0,19
1.0,8.0,1.0,10.0,9.0,111111111.0,100000000.0,9.0,19
1.0,0.0,1.0,8.0,1.0,1.0,1.0,1.0,20
1.0,0.0,1.0,8.0,10.0,1.0,1.0,1.0,21
1.0,1.0,1.0,8.0,10.0,9.0,8.0,2.0,21
1.0,2.0,1.0,8.0,10.0,73.0,64.0,3.0,21
1.0,3.0,1.0,8.0,10.0,585.0,512.0,4.0,21
1.0,4.0,1.0,8.0,10.0,4681.0,4096.0,5.0,21
1.0,5.0,1.0,8.0,10.0,37449.0,32768.0,6.0,21
1.0,6.0,1.0,8.0,10.0,299593.0,262144.0,7.0,21
1.0,7.0,1.0,8.0,10.0,2396745.0,2097152.0,8.0,21
1.0,8.0,1.0,8.0,10.0,19173961.0,16777216.0,9.0,21
1.0,9.0,1.0,8.0,10.0,153391689.0,134217728.0,10.0,21
1.0,0.0,1.0,8.0,5.0,1.0,1.0,1.0,22
1.0,1.0,1.0,8.0,5.0,9.0,8.0,2.0,22
1.0,2.0,1.0,8.0,5.0,73.0,64.0,3.0,22
1.0,3.0,1.0,8.0,5.0,585.0,512.0,4.0,22
1.0,4.0,1.0,8.0,5.0,4681.0,4096.0,5.0,22
1.0,0.0,1.0,8.0,6.0,1.0,1.0,1.0,23
1.0,1.0,1.0,8.0,6.0,9.0,8.0,2.0,23
1.0,2.0,1.0,8.0,6.0,73.0,64.0,3.0,23
1.0,3.0,1.0,8.0,6.0,585.0,512.0,4.0,23
1.0,4.0,1.0,8.0,6.0,4681.0,4096.0,5.0,23
1.0,5.0,1.0,8.0,6.0,37449.0,32768.0,6.0,23
1.0,0.0,1.0,8.0,3.0,1.0,1.0,1.0,24
1.0,1.0,1.0,8.0,3.0,9.0,8.0,2.0,24
1.0,2.0,1.0,8.0,3.0,73.0,64.0,3.0,24
1.0,0.0,1.0,8.0,4.0,1.0,1.0,1.0,25
1.0,1.0,1.0,8.0,4.0,9.0,8.0,2.0,25
1.0,2.0,1.0,8.0,4.0,73.0,64.0,3.0,25
1.0,3.0,1.0,8.0,4.0,585.0,512.0,4.0,25
1.0,0.0,1.0,8.0,8.0,1.0,1.0,1.0,26
1.0,1.0,1.0,8.0,8.0,9.0,8.0,2.0,26
1.0,2.0,1.0,8.0,8.0,73.0,64.0,3.0,26
1.0,3.0,1.0,8.0,8.0,585.0,512.0,4.0,26
1.0,4.0,1.0,8.0,8.0,4681.0,4096.0,5.0,26
1.0,5.0,1.0,8.0,8.0,37449.0,32768.0,6.0,26
1.0,6.0,1.0,8.0,8.0,299593.0,262144.0,7.0,26
1.0,7.0,1.0,8.0,8.0,2396745.0,2097152.0,8.0,26
1.0,0.0,1.0,8.0,2.0,1.0,1.0,1.0,27
1.0,1.0,1.0,8.0,2.0,9.0,8.0,2.0,27
1.0,0.0,1.0,8.0,7.0,1.0,1.0,1.0,28
1.0,1.0,1.0,8.0,7.0,9.0,8.0,2.0,28
1.0,2.0,1.0,8.0,7.0,73.0,64.0,3.0,28
1.0,3.0,1.0,8.0,7.0,585.0,512.0,4.0,28
1.0,4.0,1.0,8.0,7.0,4681.0,4096.0,5.0,28
1.0,5.0,1.0,8.0,7.0,37449.0,32768.0,6.0,28
1.0,6.0,1.0,8.0,7.0,299593.0,262144.0,7.0,28
1.0,0.0,1.0,8.0,9.0,1.0,1.0,1.0,29
1.0,1.0,1.0,8.0,9.0,9.0,8.0,2.0,29
1.0,2.0,1.0,8.0,9.0,73.0,64.0,3.0,29
1.0,3.0,1.0,8.0,9.0,585.0,512.0,4.0,29
1.0,4.0,1.0,8.0,9.0,4681.0,4096.0,5.0,29
1.0,5.0,1.0,8.0,9.0,37449.0,32768.0,6.0,29
1.0,6.0,1.0,8.0,9.0,299593.0,262144.0,7.0,29
1.0,7.0,1.0,8.0,9.0,2396745.0,2097152.0,8.0,29
1.0,8.0,1.0,8.0,9.0,19173961.0,16777216.0,9.0,29
1.0,0.0,1.0,1.0,1.0,1.0,1.0,1.0,30
1.0,0.0,1.0,1.0,10.0,1.0,1.0,1.0,31
1.0,1.0,1.0,1.0,10.0,2.0,1.0,2.0,31
1.0,2.0,1.0,1.0,10.0,3.0,1.0,3.0,31
1.0,3.0,1.0,1.0,10.0,4.0,1.0,4.0,31
1.0,4.0,1.0,1.0,10.0,5.0,1.0,5.0,31
1.0,5.0,1.0,1.0,10.0,6.0,1.0,6.0,31
1.0,6.0,1.0,1.0,10.0,7.0,1.0,7.0,31
1.0,7.0,1.0,1.0,10.0,8.0,1.0,8.0,31
1.0,8.0,1.0,1.0,10.0,9.0,1.0,9.0,31
1.0,9.0,1.0,1.0,10.0,10.0,1.0,10.0,31
1.0,0.0,1.0,1.0,5.0,1.0,1.0,1.0,32
1.0,1.0,1.0,1.0,5.0,2.0,1.0,2.0,32
1.0,2.0,1.0,1.0,5.0,3.0,1.0,3.0,32
1.0,3.0,1.0,1.0,5.0,4.0,1.0,4.0,32
1.0,4.0,1.0,1.0,5.0,5.0,1.0,5.0,32
1.0,0.0,1.0,1.0,6.0,1.0,1.0,1.0,33
1.0,1.0,1.0,1.0,6.0,2.0,1.0,2.0,33
1.0,2.0,1.0,1.0,6.0,3.0,1.0,3.0,33
1.0,3.0,1.0,1.0,6.0,4.0,1.0,4.0,33
1.0,4.0,1.0,1.0,6.0,5.0,1.0,5.0,33
1.0,5.0,1.0,1.0,6.0,6.0,1.0,6.0,33
1.0,0.0,1.0,1.0,3.0,1.0,1.0,1.0,34
1.0,1.0,1.0,1.0,3.0,2.0,1.0,2.0,34
1.0,2.0,1.0,1.0,3.0,3.0,1.0,3.0,34
1.0,0.0,1.0,1.0,4.0,1.0,1.0,1.0,35
1.0,1.0,1.0,1.0,4.0,2.0,1.0,2.0,35
1.0,2.0,1.0,1.0,4.0,3.0,1.0,3.0,35
1.0,3.0,1.0,1.0,4.0,4.0,1.0,4.0,35
1.0,0.0,1.0,1.0,8.0,1.0,1.0,1.0,36
1.0,1.0,1.0,1.0,8.0,2.0,1.0,2.0,36
1.0,2.0,1.0,1.0,8.0,3.0,1.0,3.0,36
1.0,3.0,1.0,1.0,8.0,4.0,1.0,4.0,36
1.0,4.0,1.0,1.0,8.0,5.0,1.0,5.0,36
1.0,5.0,1.0,1.0,8.0,6.0,1.0,6.0,36
1.0,6.0,1.0,1.0,8.0,7.0,1.0,7.0,36
1.0,7.0,1.0,1.0,8.0,8.0,1.0,8.0,36
1.0,0.0,1.0,1.0,2.0,1.0,1.0,1.0,37
1.0,1.0,1.0,1.0,2.0,2.0,1.0,2.0,37
1.0,0.0,1.0,1.0,7.0,1.0,1.0,1.0,38
1.0,1.0,1.0,1.0,7.0,2.0,1.0,2.0,38
1.0,2.0,1.0,1.0,7.0,3.0,1.0,3.0,38
1.0,3.0,1.0,1.0,7.0,4.0,1.0,4.0,38
1.0,4.0,1.0,1.0,7.0,5.0,1.0,5.0,38
1.0,5.0,1.0,1.0,7.0,6.0,1.0,6.0,38
1.0,6.0,1.0,1.0,7.0,7.0,1.0,7.0,38
1.0,0.0,1.0,1.0,9.0,1.0,1.0,1.0,39
1.0,1.0,1.0,1.0,9.0,2.0,1.0,2.0,39
1.0,2.0,1.0,1.0,9.0,3.0,1.0,3.0,39
1.0,3.0,1.0,1.0,9.0,4.0,1.0,4.0,39
1.0,4.0,1.0,1.0,9.0,5.0,1.0,5.0,39
1.0,5.0,1.0,1.0,9.0,6.0,1.0,6.0,39
1.0,6.0,1.0,1.0,9.0,7.0,1.0,7.0,39
1.0,7.0,1.0,1.0,9.0,8.0,1.0,8.0,39
1.0,8.0,1.0,1.0,9.0,9.0,1.0,9.0,39
1.0,0.0,1.0,5.0,1.0,1.0,1.0,1.0,40
1.0,0.0,1.0,5.0,10.0,1.0,1.0,1.0,41
1.0,1.0,1.0,5.0,10.0,6.0,5.0,2.0,41
1.0,2.0,1.0,5.0,10.0,31.0,25.0,3.0,41
1.0,3.0,1.0,5.0,10.0,156.0,125.0,4.0,41
1.0,4.0,1.0,5.0,10.0,781.0,625.0,5.0,41
1.0,5.0,1.0,5.0,10.0,3906.0,3125.0,6.0,41
1.0,6.0,1.0,5.0,10.0,19531.0,15625.0,7.0,41
1.0,7.0,1.0,5.0,10.0,97656.0,78125.0,8.0,41
1.0,8.0,1.0,5.0,10.0,488281.0,390625.0,9.0,41
1.0,9.0,1.0,5.0,10.0,2441406.0,1953125.0,10.0,41
1.0,0.0,1.0,5.0,5.0,1.0,1.0,1.0,42
1.0,1.0,1.0,5.0,5.0,6.0,5.0,2.0,42
1.0,2.0,1.0,5.0,5.0,31.0,25.0,3.0,42
1.0,3.0,1.0,5.0,5.0,156.0,125.0,4.0,42
1.0,4.0,1.0,5.0,5.0,781.0,625.0,5.0,42
1.0,0.0,1.0,5.0,6.0,1.0,1.0,1.0,43
1.0,1.0,1.0,5.0,6.0,6.0,5.0,2.0,43
1.0,2.0,1.0,5.0,6.0,31.0,25.0,3.0,43
1.0,3.0,1.0,5.0,6.0,156.0,125.0,4.0,43
1.0,4.0,1.0,5.0,6.0,781.0,625.0,5.0,43
1.0,5.0,1.0,5.0,6.0,3906.0,3125.0,6.0,43
1.0,0.0,1.0,5.0,3.0,1.0,1.0,1.0,44
1.0,1.0,1.0,5.0,3.0,6.0,5.0,2.0,44
1.0,2.0,1.0,5.0,3.0,31.0,25.0,3.0,44
1.0,0.0,1.0,5.0,4.0,1.0,1.0,1.0,45
1.0,1.0,1.0,5.0,4.0,6.0,5.0,2.0,45
1.0,2.0,1.0,5.0,4.0,31.0,25.0,3.0,45
1.0,3.0,1.0,5.0,4.0,156.0,125.0,4.0,45
1.0,0.0,1.0,5.0,8.0,1.0,1.0,1.0,46
1.0,1.0,1.0,5.0,8.0,6.0,5.0,2.0,46
1.0,2.0,1.0,5.0,8.0,31.0,25.0,3.0,46
1.0,3.0,1.0,5.0,8.0,156.0,125.0,4.0,46
1.0,4.0,1.0,5.0,8.0,781.0,625.0,5.0,46
1.0,5.0,1.0,5.0,8.0,3906.0,3125.0,6.0,46
1.0,6.0,1.0,5.0,8.0,19531.0,15625.0,7.0,46
1.0,7.0,1.0,5.0,8.0,97656.0,78125.0,8.0,46
1.0,0.0,1.0,5.0,2.0,1.0,1.0,1.0,47
1.0,1.0,1.0,5.0,2.0,6.0,5.0,2.0,47
1.0,0.0,1.0,5.0,7.0,1.0,1.0,1.0,48
1.0,1.0,1.0,5.0,7.0,6.0,5.0,2.0,48
1.0,2.0,1.0,5.0,7.0,31.0,25.0,3.0,48
1.0,3.0,1.0,5.0,7.0,156.0,125.0,4.0,48
1.0,4.0,1.0,5.0,7.0,781.0,625.0,5.0,48
1.0,5.0,1.0,5.0,7.0,3906.0,3125.0,6.0,48
1.0,6.0,1.0,5.0,7.0,19531.0,15625.0,7.0,48
1.0,0.0,1.0,5.0,9.0,1.0,1.0,1.0,49
1.0,1.0,1.0,5.0,9.0,6.0,5.0,2.0,49
1.0,2.0,1.0,5.0,9.0,31.0,25.0,3.0,49
1.0,3.0,1.0,5.0,9.0,156.0,125.0,4.0,49
1.0,4.0,1.0,5.0,9.0,781.0,625.0,5.0,49
1.0,5.0,1.0,5.0,9.0,3906.0,3125.0,6.0,49
1.0,6.0,1.0,5.0,9.0,19531.0,15625.0,7.0,49
1.0,7.0,1.0,5.0,9.0,97656.0,78125.0,8.0,49
1.0,8.0,1.0,5.0,9.0,488281.0,390625.0,9.0,49
1.0,0.0,1.0,4.0,1.0,1.0,1.0,1.0,50
1.0,0.0,1.0,4.0,10.0,1.0,1.0,1.0,51
1.0,1.0,1.0,4.0,10.0,5.0,4.0,2.0,51
1.0,2.0,1.0,4.0,10.0,21.0,16.0,3.0,51
1.0,3.0,1.0,4.0,10.0,85.0,64.0,4.0,51
1.0,4.0,1.0,4.0,10.0,341.0,256.0,5.0,51
1.0,5.0,1.0,4.0,10.0,1365.0,1024.0,6.0,51
1.0,6.0,1.0,4.0,10.0,5461.0,4096.0,7.0,51
1.0,7.0,1.0,4.0,10.0,21845.0,16384.0,8.0,51
1.0,8.0,1.0,4.0,10.0,87381.0,65536.0,9.0,51
1.0,9.0,1.0,4.0,10.0,349525.0,262144.0,10.0,51
1.0,0.0,1.0,4.0,5.0,1.0,1.0,1.0,52
1.0,1.0,1.0,4.0,5.0,5.0,4.0,2.0,52
1.0,2.0,1.0,4.0,5.0,21.0,16.0,3.0,52
1.0,3.0,1.0,4.0,5.0,85.0,64.0,4.0,52
1.0,4.0,1.0,4.0,5.0,341.0,256.0,5.0,52
1.0,0.0,1.0,4.0,6.0,1.0,1.0,1.0,53
1.0,1.0,1.0,4.0,6.0,5.0,4.0,2.0,53
1.0,2.0,1.0,4.0,6.0,21.0,16.0,3.0,53
1.0,3.0,1.0,4.0,6.0,85.0,64.0,4.0,53
1.0,4.0,1.0,4.0,6.0,341.0,256.0,5.0,53
1.0,5.0,1.0,4.0,6.0,1365.0,1024.0,6.0,53
1.0,0.0,1.0,4.0,3.0,1.0,1.0,1.0,54
1.0,1.0,1.0,4.0,3.0,5.0,4.0,2.0,54
1.0,2.0,1.0,4.0,3.0,21.0,16.0,3.0,54
1.0,0.0,1.0,4.0,4.0,1.0,1.0,1.0,55
1.0,1.0,1.0,4.0,4.0,5.0,4.0,2.0,55
1.0,2.0,1.0,4.0,4.0,21.0,16.0,3.0,55
1.0,3.0,1.0,4.0,4.0,85.0,64.0,4.0,55
1.0,0.0,1.0,4.0,8.0,1.0,1.0,1.0,56
1.0,1.0,1.0,4.0,8.0,5.0,4.0,2.0,56
1.0,2.0,1.0,4.0,8.0,21.0,16.0,3.0,56
1.0,3.0,1.0,4.0,8.0,85.0,64.0,4.0,56
1.0,4.0,1.0,4.0,8.0,341.0,256.0,5.0,56
1.0,5.0,1.0,4.0,8.0,1365.0,1024.0,6.0,56
1.0,6.0,1.0,4.0,8.0,5461.0,4096.0,7.0,56
1.0,7.0,1.0,4.0,8.0,21845.0,16384.0,8.0,56
1.0,0.0,1.0,4.0,2.0,1.0,1.0,1.0,57
1.0,1.0,1.0,4.0,2.0,5.0,4.0,2.0,57
1.0,0.0,1.0,4.0,7.0,1.0,1.0,1.0,58
1.0,1.0,1.0,4.0,7.0,5.0,4.0,2.0,58
1.0,2.0,1.0,4.0,7.0,21.0,16.0,3.0,58
1.0,3.0,1.0,4.0,7.0,85.0,64.0,4.0,58
1.0,4.0,1.0,4.0,7.0,341.0,256.0,5.0,58
1.0,5.0,1.0,4.0,7.0,1365.0,1024.0,6.0,58
1.0,6.0,1.0,4.0,7.0,5461.0,4096.0,7.0,58
1.0,0.0,1.0,4.0,9.0,1.0,1.0,1.0,59
1.0,1.0,1.0,4.0,9.0,5.0,4.0,2.0,59
1.0,2.0,1.0,4.0,9.0,21.0,16.0,3.0,59
1.0,3.0,1.0,4.0,9.0,85.0,64.0,4.0,59
1.0,4.0,1.0,4.0,9.0,341.0,256.0,5.0,59
1.0,5.0,1.0,4.0,9.0,1365.0,1024.0,6.0,59
1.0,6.0,1.0,4.0,9.0,5461.0,4096.0,7.0,59
1.0,7.0,1.0,4.0,9.0,21845.0,16384.0,8.0,59
1.0,8.0,1.0,4.0,9.0,87381.0,65536.0,9.0,59
1.0,0.0,1.0,9.0,1.0,1.0,1.0,1.0,60
1.0,0.0,1.0,9.0,10.0,1.0,1.0,1.0,61
1.0,1.0,1.0,9.0,10.0,10.0,9.0,2.0,61
1.0,2.0,1.0,9.0,10.0,91.0,81.0,3.0,61
1.0,3.0,1.0,9.0,10.0,820.0,729.0,4.0,61
1.0,4.0,1.0,9.0,10.0,7381.0,6561.0,5.0,61
1.0,5.0,1.0,9.0,10.0,66430.0,59049.0,6.0,61
1.0,6.0,1.0,9.0,10.0,597871.0,531441.0,7.0,61
1.0,7.0,1.0,9.0,10.0,5380840.0,4782969.0,8.0,61
1.0,8.0,1.0,9.0,10.0,48427561.0,43046721.0,9.0,61
1.0,9.0,1.0,9.0,10.0,435848050.0,387420489.0,10.0,61
1.0,0.0,1.0,9.0,5.0,1.0,1.0,1.0,62
1.0,1.0,1.0,9.0,5.0,10.0,9.0,2.0,62
1.0,2.0,1.0,9.0,5.0,91.0,81.0,3.0,62
1.0,3.0,1.0,9.0,5.0,820.0,729.0,4.0,62
1.0,4.0,1.0,9.0,5.0,7381.0,6561.0,5.0,62
1.0,0.0,1.0,9.0,6.0,1.0,1.0,1.0,63
1.0,1.0,1.0,9.0,6.0,10.0,9.0,2.0,63
1.0,2.0,1.0,9.0,6.0,91.0,81.0,3.0,63
1.0,3.0,1.0,9.0,6.0,820.0,729.0,4.0,63
1.0,4.0,1.0,9.0,6.0,7381.0,6561.0,5.0,63
1.0,5.0,1.0,9.0,6.0,66430.0,59049.0,6.0,63
1.0,0.0,1.0,9.0,3.0,1.0,1.0,1.0,64
1.0,1.0,1.0,9.0,3.0,10.0,9.0,2.0,64
1.0,2.0,1.0,9.0,3.0,91.0,81.0,3.0,64
1.0,0.0,1.0,9.0,4.0,1.0,1.0,1.0,65
1.0,1.0,1.0,9.0,4.0,10.0,9.0,2.0,65
1.0,2.0,1.0,9.0,4.0,91.0,81.0,3.0,65
1.0,3.0,1.0,9.0,4.0,820.0,729.0,4.0,65
1.0,0.0,1.0,9.0,8.0,1.0,1.0,1.0,66
1.0,1.0,1.0,9.0,8.0,10.0,9.0,2.0,66
1.0,2.0,1.0,9.0,8.0,91.0,81.0,3.0,66
1.0,3.0,1.0,9.0,8.0,820.0,729.0,4.0,66
1.0,4.0,1.0,9.0,8.0,7381.0,6561.0,5.0,66
1.0,5.0,1.0,9.0,8.0,66430.0,59049.0,6.0,66
1.0,6.0,1.0,9.0,8.0,597871.0,531441.0,7.0,66
1.0,7.0,1.0,9.0,8.0,5380840.0,4782969.0,8.0,66
1.0,0.0,1.0,9.0,2.0,1.0,1.0,1.0,67
1.0,1.0,1.0,9.0,2.0,10.0,9.0,2.0,67
1.0,0.0,1.0,9.0,7.0,1.0,1.0,1.0,68
1.0,1.0,1.0,9.0,7.0,10.0,9.0,2.0,68
1.0,2.0,1.0,9.0,7.0,91.0,81.0,3.0,68
1.0,3.0,1.0,9.0,7.0,820.0,729.0,4.0,68
1.0,4.0,1.0,9.0,7.0,7381.0,6561.0,5.0,68
1.0,5.0,1.0,9.0,7.0,66430.0,59049.0,6.0,68
1.0,6.0,1.0,9.0,7.0,597871.0,531441.0,7.0,68
1.0,0.0,1.0,9.0,9.0,1.0,1.0,1.0,69
1.0,1.0,1.0,9.0,9.0,10.0,9.0,2.0,69
1.0,2.0,1.0,9.0,9.0,91.0,81.0,3.0,69
1.0,3.0,1.0,9.0,9.0,820.0,729.0,4.0,69
1.0,4.0,1.0,9.0,9.0,7381.0,6561.0,5.0,69
1.0,5.0,1.0,9.0,9.0,66430.0,59049.0,6.0,69
1.0,6.0,1.0,9.0,9.0,597871.0,531441.0,7.0,69
1.0,7.0,1.0,9.0,9.0,5380840.0,4782969.0,8.0,69
1.0,8.0,1.0,9.0,9.0,48427561.0,43046721.0,9.0,69
1.0,0.0,1.0,2.0,1.0,1.0,1.0,1.0,70
1.0,0.0,1.0,2.0,10.0,1.0,1.0,1.0,71
1.0,1.0,1.0,2.0,10.0,3.0,2.0,2.0,71
1.0,2.0,1.0,2.0,10.0,7.0,4.0,3.0,71
1.0,3.0,1.0,2.0,10.0,15.0,8.0,4.0,71
1.0,4.0,1.0,2.0,10.0,31.0,16.0,5.0,71
1.0,5.0,1.0,2.0,10.0,63.0,32.0,6.0,71
1.0,6.0,1.0,2.0,10.0,127.0,64.0,7.0,71
1.0,7.0,1.0,2.0,10.0,255.0,128.0,8.0,71
1.0,8.0,1.0,2.0,10.0,511.0,256.0,9.0,71
1.0,9.0,1.0,2.0,10.0,1023.0,512.0,10.0,71
1.0,0.0,1.0,2.0,5.0,1.0,1.0,1.0,72
1.0,1.0,1.0,2.0,5.0,3.0,2.0,2.0,72
1.0,2.0,1.0,2.0,5.0,7.0,4.0,3.0,72
1.0,3.0,1.0,2.0,5.0,15.0,8.0,4.0,72
1.0,4.0,1.0,2.0,5.0,31.0,16.0,5.0,72
1.0,0.0,1.0,2.0,6.0,1.0,1.0,1.0,73
1.0,1.0,1.0,2.0,6.0,3.0,2.0,2.0,73
1.0,2.0,1.0,2.0,6.0,7.0,4.0,3.0,73
1.0,3.0,1.0,2.0,6.0,15.0,8.0,4.0,73
1.0,4.0,1.0,2.0,6.0,31.0,16.0,5.0,73
1.0,5.0,1.0,2.0,6.0,63.0,32.0,6.0,73
1.0,0.0,1.0,2.0,3.0,1.0,1.0,1.0,74
1.0,1.0,1.0,2.0,3.0,3.0,2.0,2.0,74
1.0,2.0,1.0,2.0,3.0,7.0,4.0,3.0,74
1.0,0.0,1.0,2.0,4.0,1.0,1.0,1.0,75
1.0,1.0,1.0,2.0,4.0,3.0,2.0,2.0,75
1.0,2.0,1.0,2.0,4.0,7.0,4.0,3.0,75
1.0,3.0,1.0,2.0,4.0,15.0,8.0,4.0,75
1.0,0.0,1.0,2.0,8.0,1.0,1.0,1.0,76
1.0,1.0,1.0,2.0,8.0,3.0,2.0,2.0,76
1.0,2.0,1.0,2.0,8.0,7.0,4.0,3.0,76
1.0,3.0,1.0,2.0,8.0,15.0,8.0,4.0,76
1.0,4.0,1.0,2.0,8.0,31.0,16.0,5.0,76
1.0,5.0,1.0,2.0,8.0,63.0,32.0,6.0,76
1.0,6.0,1.0,2.0,8.0,127.0,64.0,7.0,76
1.0,7.0,1.0,2.0,8.0,255.0,128.0,8.0,76
1.0,0.0,1.0,2.0,2.0,1.0,1.0,1.0,77
1.0,1.0,1.0,2.0,2.0,3.0,2.0,2.0,77
1.0,0.0,1.0,2.0,7.0,1.0,1.0,1.0,78
1.0,1.0,1.0,2.0,7.0,3.0,2.0,2.0,78
1.0,2.0,1.0,2.0,7.0,7.0,4.0,3.0,78
1.0,3.0,1.0,2.0,7.0,15.0,8.0,4.0,78
1.0,4.0,1.0,2.0,7.0,31.0,16.0,5.0,78
1.0,5.0,1.0,2.0,7.0,63.0,32.0,6.0,78
1.0,6.0,1.0,2.0,7.0,127.0,64.0,7.0,78
1.0,0.0,1.0,2.0,9.0,1.0,1.0,1.0,79
1.0,1.0,1.0,2.0,9.0,3.0,2.0,2.0,79
1.0,2.0,1.0,2.0,9.0,7.0,4.0,3.0,79
1.0,3.0,1.0,2.0,9.0,15.0,8.0,4.0,79
1.0,4.0,1.0,2.0,9.0,31.0,16.0,5.0,79
1.0,5.0,1.0,2.0,9.0,63.0,32.0,6.0,79
1.0,6.0,1.0,2.0,9.0,127.0,64.0,7.0,79
1.0,7.0,1.0,2.0,9.0,255.0,128.0,8.0,79
1.0,8.0,1.0,2.0,9.0,511.0,256.0,9.0,79
1.0,0.0,1.0,6.0,1.0,1.0,1.0,1.0,80
1.0,0.0,1.0,6.0,10.0,1.0,1.0,1.0,81
1.0,1.0,1.0,6.0,10.0,7.0,6.0,2.0,81
1.0,2.0,1.0,6.0,10.0,43.0,36.0,3.0,81
1.0,3.0,1.0,6.0,10.0,259.0,216.0,4.0,81
1.0,4.0,1.0,6.0,10.0,1555.0,1296.0,5.0,81
1.0,5.0,1.0,6.0,10.0,9331.0,7776.0,6.0,81
1.0,6.0,1.0,6.0,10.0,55987.0,46656.0,7.0,81
1.0,7.0,1.0,6.0,10.0,335923.0,279936.0,8.0,81
1.0,8.0,1.0,6.0,10.0,2015539.0,1679616.0,9.0,81
1.0,9.0,1.0,6.0,10.0,12093235.0,10077696.0,10.0,81
1.0,0.0,1.0,6.0,5.0,1.0,1.0,1.0,82
1.0,1.0,1.0,6.0,5.0,7.0,6.0,2.0,82
1.0,2.0,1.0,6.0,5.0,43.0,36.0,3.0,82
1.0,3.0,1.0,6.0,5.0,259.0,216.0,4.0,82
1.0,4.0,1.0,6.0,5.0,1555.0,1296.0,5.0,82
1.0,0.0,1.0,6.0,6.0,1.0,1.0,1.0,83
1.0,1.0,1.0,6.0,6.0,7.0,6.0,2.0,83
1.0,2.0,1.0,6.0,6.0,43.0,36.0,3.0,83
1.0,3.0,1.0,6.0,6.0,259.0,216.0,4.0,83
1.0,4.0,1.0,6.0,6.0,1555.0,1296.0,5.0,83
1.0,5.0,1.0,6.0,6.0,9331.0,7776.0,6.0,83
1.0,0.0,1.0,6.0,3.0,1.0,1.0,1.0,84
1.0,1.0,1.0,6.0,3.0,7.0,6.0,2.0,84
1.0,2.0,1.0,6.0,3.0,43.0,36.0,3.0,84
1.0,0.0,1.0,6.0,4.0,1.0,1.0,1.0,85
1.0,1.0,1.0,6.0,4.0,7.0,6.0,2.0,85
1.0,2.0,1.0,6.0,4.0,43.0,36.0,3.0,85
1.0,3.0,1.0,6.0,4.0,259.0,216.0,4.0,85
1.0,0.0,1.0,6.0,8.0,1.0,1.0,1.0,86
1.0,1.0,1.0,6.0,8.0,7.0,6.0,2.0,86
1.0,2.0,1.0,6.0,8.0,43.0,36.0,3.0,86
1.0,3.0,1.0,6.0,8.0,259.0,216.0,4.0,86
1.0,4.0,1.0,6.0,8.0,1555.0,1296.0,5.0,86
1.0,5.0,1.0,6.0,8.0,9331.0,7776.0,6.0,86
1.0,6.0,1.0,6.0,8.0,55987.0,46656.0,7.0,86
1.0,7.0,1.0,6.0,8.0,335923.0,279936.0,8.0,86
1.0,0.0,1.0,6.0,2.0,1.0,1.0,1.0,87
1.0,1.0,1.0,6.0,2.0,7.0,6.0,2.0,87
1.0,0.0,1.0,6.0,7.0,1.0,1.0,1.0,88
1.0,1.0,1.0,6.0,7.0,7.0,6.0,2.0,88
1.0,2.0,1.0,6.0,7.0,43.0,36.0,3.0,88
1.0,3.0,1.0,6.0,7.0,259.0,216.0,4.0,88
1.0,4.0,1.0,6.0,7.0,1555.0,1296.0,5.0,88
1.0,5.0,1.0,6.0,7.0,9331.0,7776.0,6.0,88
1.0,6.0,1.0,6.0,7.0,55987.0,46656.0,7.0,88
1.0,0.0,1.0,6.0,9.0,1.0,1.0,1.0,89
1.0,1.0,1.0,6.0,9.0,7.0,6.0,2.0,89
1.0,2.0,1.0,6.0,9.0,43.0,36.0,3.0,89
1.0,3.0,1.0,6.0,9.0,259.0,216.0,4.0,89
1.0,4.0,1.0,6.0,9.0,1555.0,1296.0,5.0,89
1.0,5.0,1.0,6.0,9.0,9331.0,7776.0,6.0,89
1.0,6.0,1.0,6.0,9.0,55987.0,46656.0,7.0,89
1.0,7.0,1.0,6.0,9.0,335923.0,279936.0,8.0,89
1.0,8.0,1.0,6.0,9.0,2015539.0,1679616.0,9.0,89
1.0,0.0,1.0,3.0,1.0,1.0,1.0,1.0,90
1.0,0.0,1.0,3.0,10.0,1.0,1.0,1.0,91
1.0,1.0,1.0,3.0,10.0,4.0,3.0,2.0,91
1.0,2.0,1.0,3.0,10.0,13.0,9.0,3.0,91
1.0,3.0,1.0,3.0,10.0,40.0,27.0,4.0,91
1.0,4.0,1.0,3.0,10.0,121.0,81.0,5.0,91
1.0,5.0,1.0,3.0,10.0,364.0,243.0,6.0,91
1.0,6.0,1.0,3.0,10.0,1093.0,729.0,7.0,91
1.0,7.0,1.0,3.0,10.0,3280.0,2187.0,8.0,91
1.0,8.0,1.0,3.0,10.0,9841.0,6561.0,9.0,91
1.0,9.0,1.0,3.0,10.0,29524.0,19683.0,10.0,91
1.0,0.0,1.0,3.0,5.0,1.0,1.0,1.0,92
1.0,1.0,1.0,3.0,5.0,4.0,3.0,2.0,92
1.0,2.0,1.0,3.0,5.0,13.0,9.0,3.0,92
1.0,3.0,1.0,3.0,5.0,40.0,27.0,4.0,92
1.0,4.0,1.0,3.0,5.0,121.0,81.0,5.0,92
1.0,0.0,1.0,3.0,6.0,1.0,1.0,1.0,93
1.0,1.0,1.0,3.0,6.0,4.0,3.0,2.0,93
1.0,2.0,1.0,3.0,6.0,13.0,9.0,3.0,93
1.0,3.0,1.0,3.0,6.0,40.0,27.0,4.0,93
1.0,4.0,1.0,3.0,6.0,121.0,81.0,5.0,93
1.0,5.0,1.0,3.0,6.0,364.0,243.0,6.0,93
1.0,0.0,1.0,3.0,3.0,1.0,1.0,1.0,94
1.0,1.0,1.0,3.0,3.0,4.0,3.0,2.0,94
1.0,2.0,1.0,3.0,3.0,13.0,9.0,3.0,94
1.0,0.0,1.0,3.0,4.0,1.0,1.0,1.0,95
1.0,1.0,1.0,3.0,4.0,4.0,3.0,2.0,95
1.0,2.0,1.0,3.0,4.0,13.0,9.0,3.0,95
1.0,3.0,1.0,3.0,4.0,40.0,27.0,4.0,95
1.0,0.0,1.0,3.0,8.0,1.0,1.0,1.0,96
1.0,1.0,1.0,3.0,8.0,4.0,3.0,2.0,96
1.0,2.0,1.0,3.0,8.0,13.0,9.0,3.0,96
1.0,3.0,1.0,3.0,8.0,40.0,27.0,4.0,96
1.0,4.0,1.0,3.0,8.0,121.0,81.0,5.0,96
1.0,5.0,1.0,3.0,8.0,364.0,243.0,6.0,96
1.0,6.0,1.0,3.0,8.0,1093.0,729.0,7.0,96
1.0,7.0,1.0,3.0,8.0,3280.0,2187.0,8.0,96
1.0,0.0,1.0,3.0,2.0,1.0,1.0,1.0,97
1.0,1.0,1.0,3.0,2.0,4.0,3.0,2.0,97
1.0,0.0,1.0,3.0,7.0,1.0,1.0,1.0,98
1.0,1.0,1.0,3.0,7.0,4.0,3.0,2.0,98
1.0,2.0,1.0,3.0,7.0,13.0,9.0,3.0,98
1.0,3.0,1.0,3.0,7.0,40.0,27.0,4.0,98
1.0,4.0,1.0,3.0,7.0,121.0,81.0,5.0,98
1.0,5.0,1.0,3.0,7.0,364.0,243.0,6.0,98
1.0,6.0,1.0,3.0,7.0,1093.0,729.0,7.0,98
1.0,0.0,1.0,3.0,9.0,1.0,1.0,1.0,99
1.0,1.0,1.0,3.0,9.0,4.0,3.0,2.0,99
1.0,2.0,1.0,3.0,9.0,13.0,9.0,3.0,99
1.0,3.0,1.0,3.0,9.0,40.0,27.0,4.0,99
1.0,4.0,1.0,3.0,9.0,121.0,81.0,5.0,99
1.0,5.0,1.0,3.0,9.0,364.0,243.0,6.0,99
1.0,6.0,1.0,3.0,9.0,1093.0,729.0,7.0,99
1.0,7.0,1.0,3.0,9.0,3280.0,2187.0,8.0,99
1.0,8.0,1.0,3.0,9.0,9841.0,6561.0,9.0,99
1.0,0.0,1.0,1.0,1.0,1.0,1.0,1.0,100
1.0,0.0,1.0,5.0,4.0,1.0,1.0,1.0,101
1.0,1.0,1.0,5.0,4.0,6.0,5.0,2.0,101
1.0,2.0,1.0,5.0,4.0,31.0,25.0,3.0,101
1.0,3.0,1.0,5.0,4.0,156.0,125.0,4.0,101
1.0,0.0,1.0,7.0,2.0,1.0,1.0,1.0,102
1.0,1.0,1.0,7.0,2.0,8.0,7.0,2.0,102
1.0,0.0,1.0,4.0,5.0,1.0,1.0,1.0,103
1.0,1.0,1.0,4.0,5.0,5.0,4.0,2.0,103
1.0,2.0,1.0,4.0,5.0,21.0,16.0,3.0,103
1.0,3.0,1.0,4.0,5.0,85.0,64.0,4.0,103
1.0,4.0,1.0,4.0,5.0,341.0,256.0,5.0,103
1.0,0.0,1.0,3.0,3.0,1.0,1.0,1.0,104
1.0,1.0,1.0,3.0,3.0,4.0,3.0,2.0,104
1.0,2.0,1.0,3.0,3.0,13.0,9.0,3.0,104
1.0,0.0,1.0,9.0,6.0,1.0,1.0,1.0,105
1.0,1.0,1.0,9.0,6.0,10.0,9.0,2.0,105
1.0,2.0,1.0,9.0,6.0,91.0,81.0,3.0,105
1.0,3.0,1.0,9.0,6.0,820.0,729.0,4.0,105
1.0,4.0,1.0,9.0,6.0,7381.0,6561.0,5.0,105
1.0,5.0,1.0,9.0,6.0,66430.0,59049.0,6.0,105
1.0,0.0,1.0,0.0,9.0,1.0,1.0,1.0,106
1.0,1.0,1.0,0.0,9.0,1.0,0.0,2.0,106
1.0,2.0,1.0,0.0,9.0,1.0,0.0,3.0,106
1.0,3.0,1.0,0.0,9.0,1.0,0.0,4.0,106
1.0,4.0,1.0,0.0,9.0,1.0,0.0,5.0,106
1.0,5.0,1.0,0.0,9.0,1.0,0.0,6.0,106
1.0,6.0,1.0,0.0,9.0,1.0,0.0,7.0,106
1.0,7.0,1.0,0.0,9.0,1.0,0.0,8.0,106
1.0,8.0,1.0,0.0,9.0,1.0,0.0,9.0,106
1.0,0.0,1.0,2.0,10.0,1.0,1.0,1.0,107
1.0,1.0,1.0,2.0,10.0,3.0,2.0,2.0,107
1.0,2.0,1.0,2.0,10.0,7.0,4.0,3.0,107
1.0,3.0,1.0,2.0,10.0,15.0,8.0,4.0,107
1.0,4.0,1.0,2.0,10.0,31.0,16.0,5.0,107
1.0,5.0,1.0,2.0,10.0,63.0,32.0,6.0,107
1.0,6.0,1.0,2.0,10.0,127.0,64.0,7.0,107
1.0,7.0,1.0,2.0,10.0,255.0,128.0,8.0,107
1.0,8.0,1.0,2.0,10.0,511.0,256.0,9.0,107
1.0,9.0,1.0,2.0,10.0,1023.0,512.0,10.0,107
1.0,0.0,1.0,8.0,8.0,1.0,1.0,1.0,108
1.0,1.0,1.0,8.0,8.0,9.0,8.0,2.0,108
1.0,2.0,1.0,8.0,8.0,73.0,64.0,3.0,108
1.0,3.0,1.0,8.0,8.0,585.0,512.0,4.0,108
1.0,4.0,1.0,8.0,8.0,4681.0,4096.0,5.0,108
1.0,5.0,1.0,8.0,8.0,37449.0,32768.0,6.0,108
1.0,6.0,1.0,8.0,8.0,299593.0,262144.0,7.0,108
1.0,7.0,1.0,8.0,8.0,2396745.0,2097152.0,8.0,108
1.0,0.0,1.0,10.0,7.0,1.0,1.0,1.0,109
1.0,1.0,1.0,10.0,7.0,11.0,10.0,2.0,109
1.0,2.0,1.0,10.0,7.0,111.0,100.0,3.0,109
1.0,3.0,1.0,10.0,7.0,1111.0,1000.0,4.0,109
1.0,4.0,1.0,10.0,7.0,11111.0,10000.0,5.0,109
1.0,5.0,1.0,10.0,7.0,111111.0,100000.0,6.0,109
1.0,6.0,1.0,10.0,7.0,1111111.0,1000000.0,7.0,109
1.0,0.0,1.0,6.0,7.0,1.0,1.0,1.0,110
1.0,1.0,1.0,6.0,7.0,7.0,6.0,2.0,110
1.0,2.0,1.0,6.0,7.0,43.0,36.0,3.0,110
1.0,3.0,1.0,6.0,7.0,259.0,216.0,4.0,110
1.0,4.0,1.0,6.0,7.0,1555.0,1296.0,5.0,110
1.0,5.0,1.0,6.0,7.0,9331.0,7776.0,6.0,110
1.0,6.0,1.0,6.0,7.0,55987.0,46656.0,7.0,110
1.0,0.0,1.0,2.0,3.0,1.0,1.0,1.0,111
1.0,1.0,1.0,2.0,3.0,3.0,2.0,2.0,111
1.0,2.0,1.0,2.0,3.0,7.0,4.0,3.0,111
