trace_idx,while_counter,1,A,B,q,r,t,run_id
1.0,0.0,1.0,0.0,1.0,0.0,0.0,0.0,0
1.0,0.0,1.0,0.0,2.0,0.0,0.0,0.0,1
1.0,0.0,1.0,0.0,3.0,0.0,0.0,0.0,2
1.0,0.0,1.0,0.0,4.0,0.0,0.0,0.0,3
1.0,0.0,1.0,0.0,5.0,0.0,0.0,0.0,4
1.0,0.0,1.0,0.0,6.0,0.0,0.0,0.0,5
1.0,0.0,1.0,0.0,7.0,0.0,0.0,0.0,6
1.0,0.0,1.0,0.0,8.0,0.0,0.0,0.0,7
1.0,0.0,1.0,0.0,9.0,0.0,0.0,0.0,8
1.0,0.0,1.0,0.0,10.0,0.0,0.0,0.0,9
1.0,0.0,1.0,1.0,1.0,0.0,0.0,1.0,10
1.0,1.0,1.0,1.0,1.0,1.0,0.0,0.0,10
1.0,0.0,1.0,1.0,2.0,0.0,0.0,1.0,11
1.0,1.0,1.0,1.0,2.0,0.0,1.0,0.0,11
1.0,0.0,1.0,1.0,3.0,0.0,0.0,1.0,12
1.0,1.0,1.0,1.0,3.0,0.0,1.0,0.0,12
1.0,0.0,1.0,1.0,4.0,0.0,0.0,1.0,13
1.0,1.0,1.0,1.0,4.0,0.0,1.0,0.0,13
1.0,0.0,1.0,1.0,5.0,0.0,0.0,1.0,14
1.0,1.0,1.0,1.0,5.0,0.0,1.0,0.0,14
1.0,0.0,1.0,1.0,6.0,0.0,0.0,1.0,15
1.0,1.0,1.0,1.0,6.0,0.0,1.0,0.0,15
1.0,0.0,1.0,1.0,7.0,0.0,0.0,1.0,16
1.0,1.0,1.0,1.0,7.0,0.0,1.0,0.0,16
1.0,0.0,1.0,1.0,8.0,0.0,0.0,1.0,17
1.0,1.0,1.0,1.0,8.0,0.0,1.0,0.0,17
1.0,0.0,1.0,1.0,9.0,0.0,0.0,1.0,18
1.0,1.0,1.0,1.0,9.0,0.0,1.0,0.0,18
1.0,0.0,1.0,1.0,10.0,0.0,0.0,1.0,19
1.0,1.0,1.0,1.0,10.0,0.0,1.0,0.0,19
1.0,0.0,1.0,2.0,1.0,0.0,0.0,2.0,20
1.0,1.0,1.0,2.0,1.0,1.0,0.0,1.0,20
1.0,2.0,1.0,2.0,1.0,2.0,0.0,0.0,20
1.0,0.0,1.0,2.0,2.0,0.0,0.0,2.0,21
1.0,1.0,1.0,2.0,2.0,0.0,1.0,1.0,21
1.0,2.0,1.0,2.0,2.0,1.0,0.0,0.0,21
1.0,0.0,1.0,2.0,3.0,0.0,0.0,2.0,22
1.0,1.0,1.0,2.0,3.0,0.0,1.0,1.0,22
1.0,2.0,1.0,2.0,3.0,0.0,2.0,0.0,22
1.0,0.0,1.0,2.0,4.0,0.0,0.0,2.0,23
1.0,1.0,1.0,2.0,4.0,0.0,1.0,1.0,23
1.0,2.0,1.0,2.0,4.0,0.0,2.0,0.0,23
1.0,0.0,1.0,2.0,5.0,0.0,0.0,2.0,24
1.0,1.0,1.0,2.0,5.0,0.0,1.0,1.0,24
1.0,2.0,1.0,2.0,5.0,0.0,2.0,0.0,24
1.0,0.0,1.0,2.0,6.0,0.0,0.0,2.0,25
1.0,1.0,1.0,2.0,6.0,0.0,1.0,1.0,25
1.0,2.0,1.0,2.0,6.0,0.0,2.0,0.0,25
1.0,0.0,1.0,2.0,7.0,0.0,0.0,2.0,26
1.0,1.0,1.0,2.0,7.0,0.0,1.0,1.0,26
1.0,2.0,1.0,2.0,7.0,0.0,2.0,0.0,26
1.0,0.0,1.0,2.0,8.0,0.0,0.0,2.0,27
1.0,1.0,1.0,2.0,8.0,0.0,1.0,1.0,27
1.0,2.0,1.0,2.0,8.0,0.0,2.0,0.0,27
1.0,0.0,1.0,2.0,9.0,0.0,0.0,2.0,28
1.0,1.0,1.0,2.0,9.0,0.0,1.0,1.0,28
1.0,2.0,1.0,2.0,9.0,0.0,2.0,0.0,28
1.0,0.0,1.0,2.0,10.0,0.0,0.0,2.0,29
1.0,1.0,1.0,2.0,10.0,0.0,1.0,1.0,29
1.0,2.0,1.0,2.0,10.0,0.0,2.0,0.0,29
1.0,0.0,1.0,3.0,1.0,0.0,0.0,3.0,30
1.0,1.0,1.0,3.0,1.0,1.0,0.0,2.0,30
1.0,2.0,1.0,3.0,1.0,2.0,0.0,1.0,30
1.0,3.0,1.0,3.0,1.0,3.0,0.0,0.0,30
1.0,0.0,1.0,3.0,2.0,0.0,0.0,3.0,31
1.0,1.0,1.0,3.0,2.0,0.0,1.0,2.0,31
1.0,2.0,1.0,3.0,2.0,1.0,0.0,1.0,31
1.0,3.0,1.0,3.0,2.0,1.0,1.0,0.0,31
1.0,0.0,1.0,3.0,3.0,0.0,0.0,3.0,32
1.0,1.0,1.0,3.0,3.0,0.0,1.0,2.0,32
1.0,2.0,1.0,3.0,3.0,0.0,2.0,1.0,32
1.0,3.0,1.0,3.0,3.0,1.0,0.0,0.0,32
1.0,0.0,1.0,3.0,4.0,0.0,0.0,3.0,33
1.0,1.0,1.0,3.0,4.0,0.0,1.0,2.0,33
1.0,2.0,1.0,3.0,4.0,0.0,2.0,1.0,33
1.0,3.0,1.0,3.0,4.0,0.0,3.0,0.0,33
1.0,0.0,1.0,3.0,5.0,0.0,0.0,3.0,34
1.0,1.0,1.0,3.0,5.0,0.0,1.0,2.0,34
1.0,2.0,1.0,3.0,5.0,0.0,2.0,1.0,34
1.0,3.0,1.0,3.0,5.0,0.0,3.0,0.0,34
1.0,0.0,1.0,3.0,6.0,0.0,0.0,3.0,35
1.0,1.0,1.0,3.0,6.0,0.0,1.0,2.0,35
1.0,2.0,1.0,3.0,6.0,0.0,2.0,1.0,35
1.0,3.0,1.0,3.0,6.0,0.0,3.0,0.0,35
1.0,0.0,1.0,3.0,7.0,0.0,0.0,3.0,36
1.0,1.0,1.0,3.0,7.0,0.0,1.0,2.0,36
1.0,2.0,1.0,3.0,7.0,0.0,2.0,1.0,36
1.0,3.0,1.0,3.0,7.0,0.0,3.0,0.0,36
1.0,0.0,1.0,3.0,8.0,0.0,0.0,3.0,37
1.0,1.0,1.0,3.0,8.0,0.0,1.0,2.0,37
1.0,2.0,1.0,3.0,8.0,0.0,2.0,1.0,37
1.0,3.0,1.0,3.0,8.0,0.0,3.0,0.0,37
1.0,0.0,1.0,3.0,9.0,0.0,0.0,3.0,38
1.0,1.0,1.0,3.0,9.0,0.0,1.0,2.0,38
1.0,2.0,1.0,3.0,9.0,0.0,2.0,1.0,38
1.0,3.0,1.0,3.0,9.0,0.0,3.0,0.0,38
1.0,0.0,1.0,3.0,10.0,0.0,0.0,3.0,39
1.0,1.0,1.0,3.0,10.0,0.0,1.0,2.0,39
1.0,2.0,1.0,3.0,10.0,0.0,2.0,1.0,39
1.0,3.0,1.0,3.0,10.0,0.0,3.0,0.0,39
1.0,0.0,1.0,4.0,1.0,0.0,0.0,4.0,40
1.0,1.0,1.0,4.0,1.0,1.0,0.0,3.0,40
1.0,2.0,1.0,4.0,1.0,2.0,0.0,2.0,40
1.0,3.0,1.0,4.0,1.0,3.0,0.0,1.0,40
1.0,4.0,1.0,4.0,1.0,4.0,0.0,0.0,40
1.0,0.0,1.0,4.0,2.0,0.0,0.0,4.0,41
1.0,1.0,1.0,4.0,2.0,0.0,1.0,3.0,41
1.0,2.0,1.0,4.0,2.0,1.0,0.0,2.0,41
1.0,3.0,1.0,4.0,2.0,1.0,1.0,1.0,41
1.0,4.0,1.0,4.0,2.0,2.0,0.0,0.0,41
1.0,0.0,1.0,4.0,3.0,0.0,0.0,4.0,42
1.0,1.0,1.0,4.0,3.0,0.0,1.0,3.0,42
1.0,2.0,1.0,4.0,3.0,0.0,2.0,2.0,42
1.0,3.0,1.0,4.0,3.0,1.0,0.0,1.0,42
1.0,4.0,1.0,4.0,3.0,1.0,1.0,0.0,42
1.0,0.0,1.0,4.0,4.0,0.0,0.0,4.0,43
1.0,1.0,1.0,4.0,4.0,0.0,1.0,3.0,43
1.0,2.0,1.0,4.0,4.0,0.0,2.0,2.0,43
1.0,3.0,1.0,4.0,4.0,0.0,3.0,1.0,43
1.0,4.0,1.0,4.0,4.0,1.0,0.0,0.0,43
1.0,0.0,1.0,4.0,5.0,0.0,0.0,4.0,44
1.0,1.0,1.0,4.0,5.0,0.0,1.0,3.0,44
1.0,2.0,1.0,4.0,5.0,0.0,2.0,2.0,44
1.0,3.0,1.0,4.0,5.0,0.0,3.0,1.0,44
1.0,4.0,1.0,4.0,5.0,0.0,4.0,0.0,44
1.0,0.0,1.0,4.0,6.0,0.0,0.0,4.0,45
1.0,1.0,1.0,4.0,6.0,0.0,1.0,3.0,45
1.0,2.0,1.0,4.0,6.0,0.0,2.0,2.0,45
1.0,3.0,1.0,4.0,6.0,0.0,3.0,1.0,45
1.0,4.0,1.0,4.0,6.0,0.0,4.0,0.0,45
1.0,0.0,1.0,4.0,7.0,0.0,0.0,4.0,46
1.0,1.0,1.0,4.0,7.0,0.0,1.0,3.0,46
1.0,2.0,1.0,4.0,7.0,0.0,2.0,2.0,46
1.0,3.0,1.0,4.0,7.0,0.0,3.0,1.0,46
1.0,4.0,1.0,4.0,7.0,0.0,4.0,0.0,46
1.0,0.0,1.0,4.0,8.0,0.0,0.0,4.0,47
1.0,1.0,1.0,4.0,8.0,0.0,1.0,3.0,47
1.0,2.0,1.0,4.0,8.0,0.0,2.0,2.0,47
1.0,3.0,1.0,4.0,8.0,0.0,3.0,1.0,47
1.0,4.0,1.0,4.0,8.0,0.0,4.0,0.0,47
1.0,0.0,1.0,4.0,9.0,0.0,0.0,4.0,48
1.0,1.0,1.0,4.0,9.0,0.0,1.0,3.0,48
1.0,2.0,1.0,4.0,9.0,0.0,2.0,2.0,48
1.0,3.0,1.0,4.0,9.0,0.0,3.0,1.0,48
1.0,4.0,1.0,4.0,9.0,0.0,4.0,0.0,48
1.0,0.0,1.0,4.0,10.0,0.0,0.0,4.0,49
1.0,1.0,1.0,4.0,10.0,0.0,1.0,3.0,49
1.0,2.0,1.0,4.0,10.0,0.0,2.0,2.0,49
1.0,3.0,1.0,4.0,10.0,0.0,3.0,1.0,49
1.0,4.0,1.0,4.0,10.0,0.0,4.0,0.0,49
1.0,0.0,1.0,5.0,1.0,0.0,0.0,5.0,50
1.0,1.0,1.0,5.0,1.0,1.0,0.0,4.0,50
1.0,2.0,1.0,5.0,1.0,2.0,0.0,3.0,50
1.0,3.0,1.0,5.0,1.0,3.0,0.0,2.0,50
1.0,4.0,1.0,5.0,1.0,4.0,0.0,1.0,50
1.0,5.0,1.0,5.0,1.0,5.0,0.0,0.0,50
1.0,0.0,1.0,5.0,2.0,0.0,0.0,5.0,51
1.0,1.0,1.0,5.0,2.0,0.0,1.0,4.0,51
1.0,2.0,1.0,5.0,2.0,1.0,0.0,3.0,51
1.0,3.0,1.0,5.0,2.0,1.0,1.0,2.0,51
1.0,4.0,1.0,5.0,2.0,2.0,0.0,1.0,51
1.0,5.0,1.0,5.0,2.0,2.0,1.0,0.0,51
1.0,0.0,1.0,5.0,3.0,0.0,0.0,5.0,52
1.0,1.0,1.0,5.0,3.0,0.0,1.0,4.0,52
1.0,2.0,1.0,5.0,3.0,0.0,2.0,3.0,52
1.0,3.0,1.0,5.0,3.0,1.0,0.0,2.0,52
1.0,4.0,1.0,5.0,3.0,1.0,1.0,1.0,52
1.0,5.0,1.0,5.0,3.0,1.0,2.0,0.0,52
1.0,0.0,1.0,5.0,4.0,0.0,0.0,5.0,53
1.0,1.0,1.0,5.0,4.0,0.0,1.0,4.0,53
1.0,2.0,1.0,5.0,4.0,0.0,2.0,3.0,53
1.0,3.0,1.0,5.0,4.0,0.0,3.0,2.0,53
1.0,4.0,1.0,5.0,4.0,1.0,0.0,1.0,53
1.0,5.0,1.0,5.0,4.0,1.0,1.0,0.0,53
1.0,0.0,1.0,5.0,5.0,0.0,0.0,5.0,54
1.0,1.0,1.0,5.0,5.0,0.0,1.0,4.0,54
1.0,2.0,1.0,5.0,5.0,0.0,2.0,3.0,54
1.0,3.0,1.0,5.0,5.0,0.0,3.0,2.0,54
1.0,4.0,1.0,5.0,5.0,0.0,4.0,1.0,54
1.0,5.0,1.0,5.0,5.0,1.0,0.0,0.0,54
1.0,0.0,1.0,5.0,6.0,0.0,0.0,5.0,55
1.0,1.0,1.0,5.0,6.0,0.0,1.0,4.0,55
1.0,2.0,1.0,5.0,6.0,0.0,2.0,3.0,55
1.0,3.0,1.0,5.0,6.0,0.0,3.0,2.0,55
1.0,4.0,1.0,5.0,6.0,0.0,4.0,1.0,55
1.0,5.0,1.0,5.0,6.0,0.0,5.0,0.0,55
1.0,0.0,1.0,5.0,7.0,0.0,0.0,5.0,56
1.0,1.0,1.0,5.0,7.0,0.0,1.0,4.0,56
1.0,2.0,1.0,5.0,7.0,0.0,2.0,3.0,56
1.0,3.0,1.0,5.0,7.0,0.0,3.0,2.0,56
1.0,4.0,1.0,5.0,7.0,0.0,4.0,1.0,56
1.0,5.0,1.0,5.0,7.0,0.0,5.0,0.0,56
1.0,0.0,1.0,5.0,8.0,0.0,0.0,5.0,57
1.0,1.0,1.0,5.0,8.0,0.0,1.0,4.0,57
1.0,2.0,1.0,5.0,8.0,0.0,2.0,3.0,57
1.0,3.0,1.0,5.0,8.0,0.0,3.0,2.0,57
1.0,4.0,1.0,5.0,8.0,0.0,4.0,1.0,57
1.0,5.0,1.0,5.0,8.0,0.0,5.0,0.0,57
1.0,0.0,1.0,5.0,9.0,0.0,0.0,5.0,58
1.0,1.0,1.0,5.0,9.0,0.0,1.0,4.0,58
1.0,2.0,1.0,5.0,9.0,0.0,2.0,3.0,58
1.0,3.0,1.0,5.0,9.0,0.0,3.0,2.0,58
1.0,4.0,1.0,5.0,9.0,0.0,4.0,1.0,58
1.0,5.0,1.0,5.0,9.0,0.0,5.0,0.0,58
1.0,0.0,1.0,5.0,10.0,0.0,0.0,5.0,59
1.0,1.0,1.0,5.0,10.0,0.0,1.0,4.0,59
1.0,2.0,1.0,5.0,10.0,0.0,2.0,3.0,59
1.0,3.0,1.0,5.0,10.0,0.0,3.0,2.0,59
1.0,4.0,1.0,5.0,10.0,0.0,4.0,1.0,59
1.0,5.0,1.0,5.0,10.0,0.0,5.0,0.0,59
1.0,0.0,1.0,6.0,1.0,0.0,0.0,6.0,60
1.0,1.0,1.0,6.0,1.0,1.0,0.0,5.0,60
1.0,2.0,1.0,6.0,1.0,2.0,0.0,4.0,60
1.0,3.0,1.0,6.0,1.0,3.0,0.0,3.0,60
1.0,4.0,1.0,6.0,1.0,4.0,0.0,2.0,60
1.0,5.0,1.0,6.0,1.0,5.0,0.0,1.0,60
1.0,6.0,1.0,6.0,1.0,6.0,0.0,0.0,60
1.0,0.0,1.0,6.0,2.0,0.0,0.0,6.0,61
1.0,1.0,1.0,6.0,2.0,0.0,1.0,5.0,61
1.0,2.0,1.0,6.0,2.0,1.0,0.0,4.0,61
1.0,3.0,1.0,6.0,2.0,1.0,1.0,3.0,61
1.0,4.0,1.0,6.0,2.0,2.0,0.0,2.0,61
1.0,5.0,1.0,6.0,2.0,2.0,1.0,1.0,61
1.0,6.0,1.0,6.0,2.0,3.0,0.0,0.0,61
1.0,0.0,1.0,6.0,3.0,0.0,0.0,6.0,62
1.0,1.0,1.0,6.0,3.0,0.0,1.0,5.0,62
1.0,2.0,1.0,6.0,3.0,0.0,2.0,4.0,62
1.0,3.0,1.0,6.0,3.0,1.0,0.0,3.0,62
1.0,4.0,1.0,6.0,3.0,1.0,1.0,2.0,62
1.0,5.0,1.0,6.0,3.0,1.0,2.0,1.0,62
1.0,6.0,1.0,6.0,3.0,2.0,0.0,0.0,62
1.0,0.0,1.0,6.0,4.0,0.0,0.0,6.0,63
1.0,1.0,1.0,6.0,4.0,0.0,1.0,5.0,63
1.0,2.0,1.0,6.0,4.0,0.0,2.0,4.0,63
1.0,3.0,1.0,6.0,4.0,0.0,3.0,3.0,63
1.0,4.0,1.0,6.0,4.0,1.0,0.0,2.0,63
1.0,5.0,1.0,6.0,4.0,1.0,1.0,1.0,63
1.0,6.0,1.0,6.0,4.0,1.0,2.0,0.0,63
1.0,0.0,1.0,6.0,5.0,0.0,0.0,6.0,64
1.0,1.0,1.0,6.0,5.0,0.0,1.0,5.0,64
1.0,2.0,1.0,6.0,5.0,0.0,2.0,4.0,64
1.0,3.0,1.0,6.0,5.0,0.0,3.0,3.0,64
1.0,4.0,1.0,6.0,5.0,0.0,4.0,2.0,64
1.0,5.0,1.0,6.0,5.0,1.0,0.0,1.0,64
1.0,6.0,1.0,6.0,5.0,1.0,1.0,0.0,64
1.0,0.0,1.0,6.0,6.0,0.0,0.0,6.0,65
1.0,1.0,1.0,6.0,6.0,0.0,1.0,5.0,65
1.0,2.0,1.0,6.0,6.0,0.0,2.0,4.0,65
1.0,3.0,1.0,6.0,6.0,0.0,3.0,3.0,65
1.0,4.0,1.0,6.0,6.0,0.0,4.0,2.0,65
1.0,5.0,1.0,6.0,6.0,0.0,5.0,1.0,65
1.0,6.0,1.0,6.0,6.0,1.0,0.0,0.0,65
1.0,0.0,1.0,6.0,7.0,0.0,0.0,6.0,66
1.0,1.0,1.0,6.0,7.0,0.0,1.0,5.0,66
1.0,2.0,1.0,6.0,7.0,0.0,2.0,4.0,66
1.0,3.0,1.0,6.0,7.0,0.0,3.0,3.0,66
1.0,4.0,1.0,6.0,7.0,0.0,4.0,2.0,66
1.0,5.0,1.0,6.0,7.0,0.0,5.0,1.0,66
1.0,6.0,1.0,6.0,7.0,0.0,6.0,0.0,66
1.0,0.0,1.0,6.0,8.0,0.0,0.0,6.0,67
1.0,1.0,1.0,6.0,8.0,0.0,1.0,5.0,67
1.0,2.0,1.0,6.0,8.0,0.0,2.0,4.0,67
1.0,3.0,1.0,6.0,8.0,0.0,3.0,3.0,67
1.0,4.0,1.0,6.0,8.0,0.0,4.0,2.0,67
1.0,5.0,1.0,6.0,8.0,0.0,5.0,1.0,67
1.0,6.0,1.0,6.0,8.0,0.0,6.0,0.0,67
1.0,0.0,1.0,6.0,9.0,0.0,0.0,6.0,68
1.0,1.0,1.0,6.0,9.0,0.0,1.0,5.0,68
1.0,2.0,1.0,6.0,9.0,0.0,2.0,4.0,68
1.0,3.0,1.0,6.0,9.0,0.0,3.0,3.0,68
1.0,4.0,1.0,6.0,9.0,0.0,4.0,2.0,68
1.0,5.0,1.0,6.0,9.0,0.0,5.0,1.0,68
1.0,6.0,1.0,6.0,9.0,0.0,6.0,0.0,68
1.0,0.0,1.0,6.0,10.0,0.0,0.0,6.0,69
1.0,1.0,1.0,6.0,10.0,0.0,1.0,5.0,69
1.0,2.0,1.0,6.0,10.0,0.0,2.0,4.0,69
1.0,3.0,1.0,6.0,10.0,0.0,3.0,3.0,69
1.0,4.0,1.0,6.0,10.0,0.0,4.0,2.0,69
1.0,5.0,1.0,6.0,10.0,0.0,5.0,1.0,69
1.0,6.0,1.0,6.0,10.0,0.0,6.0,0.0,69
1.0,0.0,1.0,7.0,1.0,0.0,0.0,7.0,70
1.0,1.0,1.0,7.0,1.0,1.0,0.0,6.0,70
1.0,2.0,1.0,7.0,1.0,2.0,0.0,5.0,70
1.0,3.0,1.0,7.0,1.0,3.0,0.0,4.0,70
1.0,4.0,1.0,7.0,1.0,4.0,0.0,3.0,70
1.0,5.0,1.0,7.0,1.0,5.0,0.0,2.0,70
1.0,6.0,1.0,7.0,1.0,6.0,0.0,1.0,70
1.0,7.0,1.0,7.0,1.0,7.0,0.0,0.0,70
1.0,0.0,1.0,7.0,2.0,0.0,0.0,7.0,71
1.0,1.0,1.0,7.0,2.0,0.0,1.0,6.0,71
1.0,2.0,1.0,7.0,2.0,1.0,0.0,5.0,71
1.0,3.0,1.0,7.0,2.0,1.0,1.0,4.0,71
1.0,4.0,1.0,7.0,2.0,2.0,0.0,3.0,71
1.0,5.0,1.0,7.0,2.0,2.0,1.0,2.0,71
1.0,6.0,1.0,7.0,2.0,3.0,0.0,1.0,71
1.0,7.0,1.0,7.0,2.0,3.0,1.0,0.0,71
1.0,0.0,1.0,7.0,3.0,0.0,0.0,7.0,72
1.0,1.0,1.0,7.0,3.0,0.0,1.0,6.0,72
1.0,2.0,1.0,7.0,3.0,0.0,2.0,5.0,72
1.0,3.0,1.0,7.0,3.0,1.0,0.0,4.0,72
1.0,4.0,1.0,7.0,3.0,1.0,1.0,3.0,72
1.0,5.0,1.0,7.0,3.0,1.0,2.0,2.0,72
1.0,6.0,1.0,7.0,3.0,2.0,0.0,1.0,72
1.0,7.0,1.0,7.0,3.0,2.0,1.0,0.0,72
1.0,0.0,1.0,7.0,4.0,0.0,0.0,7.0,73
1.0,1.0,1.0,7.0,4.0,0.0,1.0,6.0,73
1.0,2.0,1.0,7.0,4.0,0.0,2.0,5.0,73
1.0,3.0,1.0,7.0,4.0,0.0,3.0,4.0,73
1.0,4.0,1.0,7.0,4.0,1.0,0.0,3.0,73
1.0,5.0,1.0,7.0,4.0,1.0,1.0,2.0,73
1.0,6.0,1.0,7.0,4.0,1.0,2.0,1.0,73
1.0,7.0,1.0,7.0,4.0,1.0,3.0,0.0,73
1.0,0.0,1.0,7.0,5.0,0.0,0.0,7.0,74
1.0,1.0,1.0,7.0,5.0,0.0,1.0,6.0,74
1.0,2.0,1.0,7.0,5.0,0.0,2.0,5.0,74
1.0,3.0,1.0,7.0,5.0,0.0,3.0,4.0,74
1.0,4.0,1.0,7.0,5.0,0.0,4.0,3.0,74
1.0,5.0,1.0,7.0,5.0,1.0,0.0,2.0,74
1.0,6.0,1.0,7.0,5.0,1.0,1.0,1.0,74
1.0,7.0,1.0,7.0,5.0,1.0,2.0,0.0,74
1.0,0.0,1.0,7.0,6.0,0.0,0.0,7.0,75
1.0,1.0,1.0,7.0,6.0,0.0,1.0,6.0,75
1.0,2.0,1.0,7.0,6.0,0.0,2.0,5.0,75
1.0,3.0,1.0,7.0,6.0,0.0,3.0,4.0,75
1.0,4.0,1.0,7.0,6.0,0.0,4.0,3.0,75
1.0,5.0,1.0,7.0,6.0,0.0,5.0,2.0,75
1.0,6.0,1.0,7.0,6.0,1.0,0.0,1.0,75
1.0,7.0,1.0,7.0,6.0,1.0,1.0,0.0,75
1.0,0.0,1.0,7.0,7.0,0.0,0.0,7.0,76
1.0,1.0,1.0,7.0,7.0,0.0,1.0,6.0,76
1.0,2.0,1.0,7.0,7.0,0.0,2.0,5.0,76
1.0,3.0,1.0,7.0,7.0,0.0,3.0,4.0,76
1.0,4.0,1.0,7.0,7.0,0.0,4.0,3.0,76
1.0,5.0,1.0,7.0,7.0,0.0,5.0,2.0,76
1.0,6.0,1.0,7.0,7.0,0.0,6.0,1.0,76
1.0,7.0,1.0,7.0,7.0,1.0,0.0,0.0,76
1.0,0.0,1.0,7.0,8.0,0.0,0.0,7.0,77
1.0,1.0,1.0,7.0,8.0,0.0,1.0,6.0,77
1.0,2.0,1.0,7.0,8.0,0.0,2.0,5.0,77
1.0,3.0,1.0,7.0,8.0,0.0,3.0,4.0,77
1.0,4.0,1.0,7.0,8.0,0.0,4.0,3.0,77
1.0,5.0,1.0,7.0,8.0,0.0,5.0,2.0,77
1.0,6.0,1.0,7.0,8.0,0.0,6.0,1.0,77
1.0,7.0,1.0,7.0,8.0,0.0,7.0,0.0,77
1.0,0.0,1.0,7.0,9.0,0.0,0.0,7.0,78
1.0,1.0,1.0,7.0,9.0,0.0,1.0,6.0,78
1.0,2.0,1.0,7.0,9.0,0.0,2.0,5.0,78
1.0,3.0,1.0,7.0,9.0,0.0,3.0,4.0,78
1.0,4.0,1.0,7.0,9.0,0.0,4.0,3.0,78
1.0,5.0,1.0,7.0,9.0,0.0,5.0,2.0,78
1.0,6.0,1.0,7.0,9.0,0.0,6.0,1.0,78
1.0,7.0,1.0,7.0,9.0,0.0,7.0,0.0,78
1.0,0.0,1.0,7.0,10.0,0.0,0.0,7.0,79
1.0,1.0,1.0,7.0,10.0,0.0,1.0,6.0,79
1.0,2.0,1.0,7.0,10.0,0.0,2.0,5.0,79
1.0,3.0,1.0,7.0,10.0,0.0,3.0,4.0,79
1.0,4.0,1.0,7.0,10.0,0.0,4.0,3.0,79
1.0,5.0,1.0,7.0,10.0,0.0,5.0,2.0,79
1.0,6.0,1.0,7.0,10.0,0.0,6.0,1.0,79
1.0,7.0,1.0,7.0,10.0,0.0,7.0,0.0,79
1.0,0.0,1.0,8.0,1.0,0.0,0.0,8.0,80
1.0,1.0,1.0,8.0,1.0,1.0,0.0,7.0,80
1.0,2.0,1.0,8.0,1.0,2.0,0.0,6.0,80
1.0,3.0,1.0,8.0,1.0,3.0,0.0,5.0,80
1.0,4.0,1.0,8.0,1.0,4.0,0.0,4.0,80
1.0,5.0,1.0,8.0,1.0,5.0,0.0,3.0,80
1.0,6.0,1.0,8.0,1.0,6.0,0.0,2.0,80
1.0,7.0,1.0,8.0,1.0,7.0,0.0,1.0,80
1.0,8.0,1.0,8.0,1.0,8.0,0.0,0.0,80
1.0,0.0,1.0,8.0,2.0,0.0,0.0,8.0,81
1.0,1.0,1.0,8.0,2.0,0.0,1.0,7.0,81
1.0,2.0,1.0,8.0,2.0,1.0,0.0,6.0,81
1.0,3.0,1.0,8.0,2.0,1.0,1.0,5.0,81
1.0,4.0,1.0,8.0,2.0,2.0,0.0,4.0,81
1.0,5.0,1.0,8.0,2.0,2.0,1.0,3.0,81
1.0,6.0,1.0,8.0,2.0,3.0,0.0,2.0,81
1.0,7.0,1.0,8.0,2.0,3.0,1.0,1.0,81
1.0,8.0,1.0,8.0,2.0,4.0,0.0,0.0,81
1.0,0.0,1.0,8.0,3.0,0.0,0.0,8.0,82
1.0,1.0,1.0,8.0,3.0,0.0,1.0,7.0,82
1.0,2.0,1.0,8.0,3.0,0.0,2.0,6.0,82
1.0,3.0,1.0,8.0,3.0,1.0,0.0,5.0,82
1.0,4.0,1.0,8.0,3.0,1.0,1.0,4.0,82
1.0,5.0,1.0,8.0,3.0,1.0,2.0,3.0,82
1.0,6.0,1.0,8.0,3.0,2.0,0.0,2.0,82
1.0,7.0,1.0,8.0,3.0,2.0,1.0,1.0,82
1.0,8.0,1.0,8.0,3.0,2.0,2.0,0.0,82
1.0,0.0,1.0,8.0,4.0,0.0,0.0,8.0,83
1.0,1.0,1.0,8.0,4.0,0.0,1.0,7.0,83
1.0,2.0,1.0,8.0,4.0,0.0,2.0,6.0,83
1.0,3.0,1.0,8.0,4.0,0.0,3.0,5.0,83
1.0,4.0,1.0,8.0,4.0,1.0,0.0,4.0,83
1.0,5.0,1.0,8.0,4.0,1.0,1.0,3.0,83
1.0,6.0,1.0,8.0,4.0,1.0,2.0,2.0,83
1.0,7.0,1.0,8.0,4.0,1.0,3.0,1.0,83
1.0,8.0,1.0,8.0,4.0,2.0,0.0,0.0,83
1.0,0.0,1.0,8.0,5.0,0.0,0.0,8.0,84
1.0,1.0,1.0,8.0,5.0,0.0,1.0,7.0,84
1.0,2.0,1.0,8.0,5.0,0.0,2.0,6.0,84
1.0,3.0,1.0,8.0,5.0,0.0,3.0,5.0,84
1.0,4.0,1.0,8.0,5.0,0.0,4.0,4.0,84
1.0,5.0,1.0,8.0,5.0,1.0,0.0,3.0,84
1.0,6.0,1.0,8.0,5.0,1.0,1.0,2.0,84
1.0,7.0,1.0,8.0,5.0,1.0,2.0,1.0,84
1.0,8.0,1.0,8.0,5.0,1.0,3.0,0.0,84
1.0,0.0,1.0,8.0,6.0,0.0,0.0,8.0,85
1.0,1.0,1.0,8.0,6.0,0.0,1.0,7.0,85
1.0,2.0,1.0,8.0,6.0,0.0,2.0,6.0,85
1.0,3.0,1.0,8.0,6.0,0.0,3.0,5.0,85
1.0,4.0,1.0,8.0,6.0,0.0,4.0,4.0,85
1.0,5.0,1.0,8.0,6.0,0.0,5.0,3.0,85
1.0,6.0,1.0,8.0,6.0,1.0,0.0,2.0,85
1.0,7.0,1.0,8.0,6.0,1.0,1.0,1.0,85
1.0,8.0,1.0,8.0,6.0,1.0,2.0,0.0,85
1.0,0.0,1.0,8.0,7.0,0.0,0.0,8.0,86
1.0,1.0,1.0,8.0,7.0,0.0,1.0,7.0,86
1.0,2.0,1.0,8.0,7.0,0.0,2.0,6.0,86
1.0,3.0,1.0,8.0,7.0,0.0,3.0,5.0,86
1.0,4.0,1.0,8.0,7.0,0.0,4.0,4.0,86
1.0,5.0,1.0,8.0,7.0,0.0,5.0,3.0,86
1.0,6.0,1.0,8.0,7.0,0.0,6.0,2.0,86
1.0,7.0,1.0,8.0,7.0,1.0,0.0,1.0,86
1.0,8.0,1.0,8.0,7.0,1.0,1.0,0.0,86
1.0,0.0,1.0,8.0,8.0,0.0,0.0,8.0,87
1.0,1.0,1.0,8.0,8.0,0.0,1.0,7.0,87
1.0,2.0,1.0,8.0,8.0,0.0,2.0,6.0,87
1.0,3.0,1.0,8.0,8.0,0.0,3.0,5.0,87
1.0,4.0,1.0,8.0,8.0,0.0,4.0,4.0,87
1.0,5.0,1.0,8.0,8.0,0.0,5.0,3.0,87
1.0,6.0,1.0,8.0,8.0,0.0,6.0,2.0,87
1.0,7.0,1.0,8.0,8.0,0.0,7.0,1.0,87
1.0,8.0,1.0,8.0,8.0,1.0,0.0,0.0,87
1.0,0.0,1.0,8.0,9.0,0.0,0.0,8.0,88
1.0,1.0,1.0,8.0,9.0,0.0,1.0,7.0,88
1.0,2.0,1.0,8.0,9.0,0.0,2.0,6.0,88
1.0,3.0,1.0,8.0,9.0,0.0,3.0,5.0,88
1.0,4.0,1.0,8.0,9.0,0.0,4.0,4.0,88
1.0,5.0,1.0,8.0,9.0,0.0,5.0,3.0,88
1.0,6.0,1.0,8.0,9.0,0.0,6.0,2.0,88
1.0,7.0,1.0,8.0,9.0,0.0,7.0,1.0,88
1.0,8.0,1.0,8.0,9.0,0.0,8.0,0.0,88
1.0,0.0,1.0,8.0,10.0,0.0,0.0,8.0,89
1.0,1.0,1.0,8.0,10.0,0.0,1.0,7.0,89
1.0,2.0,1.0,8.0,10.0,0.0,2.0,6.0,89
1.0,3.0,1.0,8.0,10.0,0.0,3.0,5.0,89
1.0,4.0,1.0,8.0,10.0,0.0,4.0,4.0,89
1.0,5.0,1.0,8.0,10.0,0.0,5.0,3.0,89
1.0,6.0,1.0,8.0,10.0,0.0,6.0,2.0,89
1.0,7.0,1.0,8.0,10.0,0.0,7.0,1.0,89
1.0,8.0,1.0,8.0,10.0,0.0,8.0,0.0,89
1.0,0.0,1.0,9.0,1.0,0.0,0.0,9.0,90
1.0,1.0,1.0,9.0,1.0,1.0,0.0,8.0,90
1.0,2.0,1.0,9.0,1.0,2.0,0.0,7.0,90
1.0,3.0,1.0,9.0,1.0,3.0,0.0,6.0,90
1.0,4.0,1.0,9.0,1.0,4.0,0.0,5.0,90
1.0,5.0,1.0,9.0,1.0,5.0,0.0,4.0,90
1.0,6.0,1.0,9.0,1.0,6.0,0.0,3.0,90
1.0,7.0,1.0,9.0,1.0,7.0,0.0,2.0,90
1.0,8.0,1.0,9.0,1.0,8.0,0.0,1.0,90
1.0,9.0,1.0,9.0,1.0,9.0,0.0,0.0,90
1.0,0.0,1.0,9.0,2.0,0.0,0.0,9.0,91
1.0,1.0,1.0,9.0,2.0,0.0,1.0,8.0,91
1.0,2.0,1.0,9.0,2.0,1.0,0.0,7.0,91
1.0,3.0,1.0,9.0,2.0,1.0,1.0,6.0,91
1.0,4.0,1.0,9.0,2.0,2.0,0.0,5.0,91
1.0,5.0,1.0,9.0,2.0,2.0,1.0,4.0,91
1.0,6.0,1.0,9.0,2.0,3.0,0.0,3.0,91
1.0,7.0,1.0,9.0,2.0,3.0,1.0,2.0,91
1.0,8.0,1.0,9.0,2.0,4.0,0.0,1.0,91
1.0,9.0,1.0,9.0,2.0,4.0,1.0,0.0,91
1.0,0.0,1.0,9.0,3.0,0.0,0.0,9.0,92
1.0,1.0,1.0,9.0,3.0,0.0,1.0,8.0,92
1.0,2.0,1.0,9.0,3.0,0.0,2.0,7.0,92
1.0,3.0,1.0,9.0,3.0,1.0,0.0,6.0,92
1.0,4.0,1.0,9.0,3.0,1.0,1.0,5.0,92
1.0,5.0,1.0,9.0,3.0,1.0,2.0,4.0,92
1.0,6.0,1.0,9.0,3.0,2.0,0.0,3.0,92
1.0,7.0,1.0,9.0,3.0,2.0,1.0,2.0,92
1.0,8.0,1.0,9.0,3.0,2.0,2.0,1.0,92
1.0,9.0,1.0,9.0,3.0,3.0,0.0,0.0,92
1.0,0.0,1.0,9.0,4.0,0.0,0.0,9.0,93
1.0,1.0,1.0,9.0,4.0,0.0,1.0,8.0,93
1.0,2.0,1.0,9.0,4.0,0.0,2.0,7.0,93
1.0,3.0,1.0,9.0,4.0,0.0,3.0,6.0,93
1.0,4.0,1.0,9.0,4.0,1.0,0.0,5.0,93
1.0,5.0,1.0,9.0,4.0,1.0,1.0,4.0,93
1.0,6.0,1.0,9.0,4.0,1.0,2.0,3.0,93
1.0,7.0,1.0,9.0,4.0,1.0,3.0,2.0,93
1.0,8.0,1.0,9.0,4.0,2.0,0.0,1.0,93
1.0,9.0,1.0,9.0,4.0,2.0,1.0,0.0,93
1.0,0.0,1.0,9.0,5.0,0.0,0.0,9.0,94
1.0,1.0,1.0,9.0,5.0,0.0,1.0,8.0,94
1.0,2.0,1.0,9.0,5.0,0.0,2.0,7.0,94
1.0,3.0,1.0,9.0,5.0,0.0,3.0,6.0,94
1.0,4.0,1.0,9.0,5.0,0.0,4.0,5.0,94
1.0,5.0,1.0,9.0,5.0,1.0,0.0,4.0,94
1.0,6.0,1.0,9.0,5.0,1.0,1.0,3.0,94
1.0,7.0,1.0,9.0,5.0,1.0,2.0,2.0,94
1.0,8.0,1.0,9.0,5.0,1.0,3.0,1.0,94
1.0,9.0,1.0,9.0,5.0,1.0,4.0,0.0,94
1.0,0.0,1.0,9.0,6.0,0.0,0.0,9.0,95
1.0,1.0,1.0,9.0,6.0,0.0,1.0,8.0,95
1.0,2.0,1.0,9.0,6.0,0.0,2.0,7.0,95
1.0,3.0,1.0,9.0,6.0,0.0,3.0,6.0,95
1.0,4.0,1.0,9.0,6.0,0.0,4.0,5.0,95
1.0,5.0,1.0,9.0,6.0,0.0,5.0,4.0,95
1.0,6.0,1.0,9.0,6.0,1.0,0.0,3.0,95
1.0,7.0,1.0,9.0,6.0,1.0,1.0,2.0,95
1.0,8.0,1.0,9.0,6.0,1.0,2.0,1.0,95
1.0,9.0,1.0,9.0,6.0,1.0,3.0,0.0,95
1.0,0.0,1.0,9.0,7.0,0.0,0.0,9.0,96
1.0,1.0,1.0,9.0,7.0,0.0,1.0,8.0,96
1.0,2.0,1.0,9.0,7.0,0.0,2.0,7.0,96
1.0,3.0,1.0,9.0,7.0,0.0,3.0,6.0,96
1.0,4.0,1.0,9.0,7.0,0.0,4.0,5.0,96
1.0,5.0,1.0,9.0,7.0,0.0,5.0,4.0,96
1.0,6.0,1.0,9.0,7.0,0.0,6.0,3.0,96
1.0,7.0,1.0,9.0,7.0,1.0,0.0,2.0,96
1.0,8.0,1.0,9.0,7.0,1.0,1.0,1.0,96
1.0,9.0,1.0,9.0,7.0,1.0,2.0,0.0,96
1.0,0.0,1.0,9.0,8.0,0.0,0.0,9.0,97
1.0,1.0,1.0,9.0,8.0,0.0,1.0,8.0,97
1.0,2.0,1.0,9.0,8.0,0.0,2.0,7.0,97
1.0,3.0,1.0,9.0,8.0,0.0,3.0,6.0,97
1.0,4.0,1.0,9.0,8.0,0.0,4.0,5.0,97
1.0,5.0,1.0,9.0,8.0,0.0,5.0,4.0,97
1.0,6.0,1.0,9.0,8.0,0.0,6.0,3.0,97
1.0,7.0,1.0,9.0,8.0,0.0,7.0,2.0,97
1.0,8.0,1.0,9.0,8.0,1.0,0.0,1.0,97
1.0,9.0,1.0,9.0,8.0,1.0,1.0,0.0,97
1.0,0.0,1.0,9.0,9.0,0.0,0.0,9.0,98
1.0,1.0,1.0,9.0,9.0,0.0,1.0,8.0,98
1.0,2.0,1.0,9.0,9.0,0.0,2.0,7.0,98
1.0,3.0,1.0,9.0,9.0,0.0,3.0,6.0,98
1.0,4.0,1.0,9.0,9.0,0.0,4.0,5.0,98
1.0,5.0,1.0,9.0,9.0,0.0,5.0,4.0,98
1.0,6.0,1.0,9.0,9.0,0.0,6.0,3.0,98
1.0,7.0,1.0,9.0,9.0,0.0,7.0,2.0,98
1.0,8.0,1.0,9.0,9.0,0.0,8.0,1.0,98
1.0,9.0,1.0,9.0,9.0,1.0,0.0,0.0,98
1.0,0.0,1.0,9.0,10.0,0.0,0.0,9.0,99
1.0,1.0,1.0,9.0,10.0,0.0,1.0,8.0,99
1.0,2.0,1.0,9.0,10.0,0.0,2.0,7.0,99
1.0,3.0,1.0,9.0,10.0,0.0,3.0,6.0,99
1.0,4.0,1.0,9.0,10.0,0.0,4.0,5.0,99
1.0,5.0,1.0,9.0,10.0,0.0,5.0,4.0,99
1.0,6.0,1.0,9.0,10.0,0.0,6.0,3.0,99
1.0,7.0,1.0,9.0,10.0,0.0,7.0,2.0,99
1.0,8.0,1.0,9.0,10.0,0.0,8.0,1.0,99
1.0,9.0,1.0,9.0,10.0,0.0,9.0,0.0,99
1.0,0.0,1.0,274.0,142.0,0.0,0.0,274.0,100
1.0,1.0,1.0,274.0,142.0,0.0,1.0,273.0,100
1.0,2.0,1.0,274.0,142.0,0.0,2.0,272.0,100
1.0,3.0,1.0,274.0,142.0,0.0,3.0,271.0,100
1.0,4.0,1.0,274.0,142.0,0.0,4.0,270.0,100
1.0,5.0,1.0,274.0,142.0,0.0,5.0,269.0,100
1.0,6.0,1.0,274.0,142.0,0.0,6.0,268.0,100
1.0,7.0,1.0,274.0,142.0,0.0,7.0,267.0,100
1.0,8.0,1.0,274.0,142.0,0.0,8.0,266.0,100
1.0,9.0,1.0,274.0,142.0,0.0,9.0,265.0,100
1.0,10.0,1.0,274.0,142.0,0.0,10.0,264.0,100
1.0,11.0,1.0,274.0,142.0,0.0,11.0,263.0,100
1.0,12.0,1.0,274.0,142.0,0.0,12.0,262.0,100
1.0,13.0,1.0,274.0,142.0,0.0,13.0,261.0,100
1.0,14.0,1.0,274.0,142.0,0.0,14.0,260.0,100
1.0,15.0,1.0,274.0,142.0,0.0,15.0,259.0,100
1.0,16.0,1.0,274.0,142.0,0.0,16.0,258.0,100
1.0,17.0,1.0,274.0,142.0,0.0,17.0,257.0,100
1.0,18.0,1.0,274.0,142.0,0.0,18.0,256.0,100
1.0,19.0,1.0,274.0,142.0,0.0,19.0,255.0,100
1.0,20.0,1.0,274.0,142.0,0.0,20.0,254.0,100
1.0,21.0,1.0,274.0,142.0,0.0,21.0,253.0,100
1.0,22.0,1.0,274.0,142.0,0.0,22.0,252.0,100
1.0,23.0,1.0,274.0,142.0,0.0,23.0,251.0,100
1.0,24.0,1.0,274.0,142.0,0.0,24.0,250.0,100
1.0,25.0,1.0,274.0,142.0,0.0,25.0,249.0,100
1.0,26.0,1.0,274.0,142.0,0.0,26.0,248.0,100
1.0,27.0,1.0,274.0,142.0,0.0,27.0,247.0,100
1.0,28.0,1.0,274.0,142.0,0.0,28.0,246.0,100
1.0,29.0,1.0,274.0,142.0,0.0,29.0,245.0,100
1.0,0.0,1.0,2836.0,6174.0,0.0,0.0,2836.0,101
1.0,1.0,1.0,2836.0,6174.0,0.0,1.0,2835.0,101
1.0,2.0,1.0,2836.0,6174.0,0.0,2.0,2834.0,101
1.0,3.0,1.0,2836.0,6174.0,0.0,3.0,2833.0,101
1.0,4.0,1.0,2836.0,6174.0,0.0,4.0,2832.0,101
1.0,5.0,1.0,2836.0,6174.0,0.0,5.0,2831.0,101
1.0,6.0,1.0,2836.0,6174.0,0.0,6.0,2830.0,101
1.0,7.0,1.0,2836.0,6174.0,0.0,7.0,2829.0,101
1.0,8.0,1.0,2836.0,6174.0,0.0,8.0,2828.0,101
1.0,9.0,1.0,2836.0,6174.0,0.0,9.0,2827.0,101
1.0,10.0,1.0,2836.0,6174.0,0.0,10.0,2826.0,101
1.0,11.0,1.0,2836.0,6174.0,0.0,11.0,2825.0,101
1.0,12.0,1.0,2836.0,6174.0,0.0,12.0,2824.0,101
1.0,13.0,1.0,2836.0,6174.0,0.0,13.0,2823.0,101
1.0,14.0,1.0,2836.0,6174.0,0.0,14.0,2822.0,101
1.0,15.0,1.0,2836.0,6174.0,0.0,15.0,2821.0,101
1.0,16.0,1.0,2836.0,6174.0,0.0,16.0,2820.0,101
1.0,17.0,1.0,2836.0,6174.0,0.0,17.0,2819.0,101
1.0,18.0,1.0,2836.0,6174.0,0.0,18.0,2818.0,101
1.0,19.0,1.0,2836.0,6174.0,0.0,19.0,2817.0,101
1.0,20.0,1.0,2836.0,6174.0,0.0,20.0,2816.0,101
1.0,21.0,1.0,2836.0,6174.0,0.0,21.0,2815.0,101
1.0,22.0,1.0,2836.0,6174.0,0.0,22.0,2814.0,101
1.0,23.0,1.0,2836.0,6174.0,0.0,23.0,2813.0,101
1.0,24.0,1.0,2836.0,6174.0,0.0,24.0,2812.0,101
1.0,25.0,1.0,2836.0,6174.0,0.0,25.0,2811.0,101
1.0,26.0,1.0,2836.0,6174.0,0.0,26.0,2810.0,101
1.0,27.0,1.0,2836.0,6174.0,0.0,27.0,2809.0,101
1.0,28.0,1.0,2836.0,6174.0,0.0,28.0,2808.0,101
1.0,29.0,1.0,2836.0,6174.0,0.0,29.0,2807.0,101
1.0,0.0,1.0,876.0,1732.0,0.0,0.0,876.0,102
1.0,1.0,1.0,876.0,1732.0,0.0,1.0,875.0,102
1.0,2.0,1.0,876.0,1732.0,0.0,2.0,874.0,102
1.0,3.0,1.0,876.0,1732.0,0.0,3.0,873.0,102
1.0,4.0,1.0,876.0,1732.0,0.0,4.0,872.0,102
1.0,5.0,1.0,876.0,1732.0,0.0,5.0,871.0,102
1.0,6.0,1.0,876.0,1732.0,0.0,6.0,870.0,102
1.0,7.0,1.0,876.0,1732.0,0.0,7.0,869.0,102
1.0,8.0,1.0,876.0,1732.0,0.0,8.0,868.0,102
1.0,9.0,1.0,876.0,1732.0,0.0,9.0,867.0,102
1.0,10.0,1.0,876.0,1732.0,0.0,10.0,866.0,102
1.0,11.0,1.0,876.0,1732.0,0.0,11.0,865.0,102
1.0,12.0,1.0,876.0,1732.0,0.0,12.0,864.0,102
1.0,13.0,1.0,876.0,1732.0,0.0,13.0,863.0,102
1.0,14.0,1.0,876.0,1732.0,0.0,14.0,862.0,102
1.0,15.0,1.0,876.0,1732.0,0.0,15.0,861.0,102
1.0,16.0,1.0,876.0,1732.0,0.0,16.0,860.0,102
1.0,17.0,1.0,876.0,1732.0,0.0,17.0,859.0,102
1.0,18.0,1.0,876.0,1732.0,0.0,18.0,858.0,102
1.0,19.0,1.0,876.0,1732.0,0.0,19.0,857.0,102
1.0,20.0,1.0,876.0,1732.0,0.0,20.0,856.0,102
1.0,21.0,1.0,876.0,1732.0,0.0,21.0,855.0,102
1.0,22.0,1.0,876.0,1732.0,0.0,22.0,854.0,102
1.0,23.0,1.0,876.0,1732.0,0.0,23.0,853.0,102
1.0,24.0,1.0,876.0,1732.0,0.0,24.0,852.0,102
1.0,25.0,1.0,876.0,1732.0,0.0,25.0,851.0,102
1.0,26.0,1.0,876.0,1732.0,0.0,26.0,850.0,102
1.0,27.0,1.0,876.0,1732.0,0.0,27.0,849.0,102
1.0,28.0,1.0,876.0,1732.0,0.0,28.0,848.0,102
1.0,29.0,1.0,876.0,1732.0,0.0,29.0,847.0,102
1.0,0.0,1.0,5754.0,533.0,0.0,0.0,5754.0,103
1.0,1.0,1.0,5754.0,533.0,0.0,1.0,5753.0,103
1.0,2.0,1.0,5754.0,533.0,0.0,2.0,5752.0,103
1.0,3.0,1.0,5754.0,533.0,0.0,3.0,5751.0,103
1.0,4.0,1.0,5754.0,533.0,0.0,4.0,5750.0,103
1.0,5.0,1.0,5754.0,533.0,0.0,5.0,5749.0,103
1.0,6.0,1.0,5754.0,533.0,0.0,6.0,5748.0,103
1.0,7.0,1.0,5754.0,533.0,0.0,7.0,5747.0,103
1.0,8.0,1.0,5754.0,533.0,0.0,8.0,5746.0,103
1.0,9.0,1.0,5754.0,533.0,0.0,9.0,5745.0,103
1.0,10.0,1.0,5754.0,533.0,0.0,10.0,5744.0,103
1.0,11.0,1.0,5754.0,533.0,0.0,11.0,5743.0,103
1.0,12.0,1.0,5754.0,533.0,0.0,12.0,5742.0,103
1.0,13.0,1.0,5754.0,533.0,0.0,13.0,5741.0,103
1.0,14.0,1.0,5754.0,533.0,0.0,14.0,5740.0,103
1.0,15.0,1.0,5754.0,533.0,0.0,15.0,5739.0,103
1.0,16.0,1.0,5754.0,533.0,0.0,16.0,5738.0,103
1.0,17.0,1.0,5754.0,533.0,0.0,17.0,5737.0,103
1.0,18.0,1.0,5754.0,533.0,0.0,18.0,5736.0,103
1.0,19.0,1.0,5754.0,533.0,0.0,19.0,5735.0,103
1.0,20.0,1.0,5754.0,533.0,0.0,20.0,5734.0,103
1.0,21.0,1.0,5754.0,533.0,0.0,21.0,5733.0,103
1.0,22.0,1.0,5754.0,533.0,0.0,22.0,5732.0,103
1.0,23.0,1.0,5754.0,533.0,0.0,23.0,5731.0,103
1.0,24.0,1.0,5754.0,533.0,0.0,24.0,5730.0,103
1.0,25.0,1.0,5754.0,533.0,0.0,25.0,5729.0,103
1.0,26.0,1.0,5754.0,533.0,0.0,26.0,5728.0,103
1.0,27.0,1.0,5754.0,533.0,0.0,27.0,5727.0,103
1.0,28.0,1.0,5754.0,533.0,0.0,28.0,5726.0,103
1.0,29.0,1.0,5754.0,533.0,0.0,29.0,5725.0,103
1.0,0.0,1.0,2159.0,3453.0,0.0,0.0,2159.0,104
1.0,1.0,1.0,2159.0,3453.0,0.0,1.0,2158.0,104
1.0,2.0,1.0,2159.0,3453.0,0.0,2.0,2157.0,104
1.0,3.0,1.0,2159.0,3453.0,0.0,3.0,2156.0,104
1.0,4.0,1.0,2159.0,3453.0,0.0,4.0,2155.0,104
1.0,5.0,1.0,2159.0,3453.0,0.0,5.0,2154.0,104
1.0,6.0,1.0,2159.0,3453.0,0.0,6.0,2153.0,104
1.0,7.0,1.0,2159.0,3453.0,0.0,7.0,2152.0,104
1.0,8.0,1.0,2159.0,3453.0,0.0,8.0,2151.0,104
1.0,9.0,1.0,2159.0,3453.0,0.0,9.0,2150.0,104
1.0,10.0,1.0,2159.0,3453.0,0.0,10.0,2149.0,104
1.0,11.0,1.0,2159.0,3453.0,0.0,11.0,2148.0,104
1.0,12.0,1.0,2159.0,3453.0,0.0,12.0,2147.0,104
1.0,13.0,1.0,2159.0,3453.0,0.0,13.0,2146.0,104
1.0,14.0,1.0,2159.0,3453.0,0.0,14.0,2145.0,104
1.0,15.0,1.0,2159.0,3453.0,0.0,15.0,2144.0,104
1.0,16.0,1.0,2159.0,3453.0,0.0,16.0,2143.0,104
1.0,17.0,1.0,2159.0,3453.0,0.0,17.0,2142.0,104
1.0,18.0,1.0,2159.0,3453.0,0.0,18.0,2141.0,104
1.0,19.0,1.0,2159.0,3453.0,0.0,19.0,2140.0,104
1.0,20.0,1.0,2159.0,3453.0,0.0,20.0,2139.0,104
1.0,21.0,1.0,2159.0,3453.0,0.0,21.0,2138.0,104
1.0,22.0,1.0,2159.0,3453.0,0.0,22.0,2137.0,104
1.0,23.0,1.0,2159.0,3453.0,0.0,23.0,2136.0,104
1.0,24.0,1.0,2159.0,3453.0,0.0,24.0,2135.0,104
1.0,25.0,1.0,2159.0,3453.0,0.0,25.0,2134.0,104
1.0,26.0,1.0,2159.0,3453.0,0.0,26.0,2133.0,104
1.0,27.0,1.0,2159.0,3453.0,0.0,27.0,2132.0,104
1.0,28.0,1.0,2159.0,3453.0,0.0,28.0,2131.0,104
1.0,29.0,1.0,2159.0,3453.0,0.0,29.0,2130.0,104
1.0,0.0,1.0,1648.0,9291.0,0.0,0.0,1648.0,105
1.0,1.0,1.0,1648.0,9291.0,0.0,1.0,1647.0,105
1.0,2.0,1.0,1648.0,9291.0,0.0,2.0,1646.0,105
1.0,3.0,1.0,1648.0,9291.0,0.0,3.0,1645.0,105
1.0,4.0,1.0,1648.0,9291.0,0.0,4.0,1644.0,105
1.0,5.0,1.0,1648.0,9291.0,0.0,5.0,1643.0,105
1.0,6.0,1.0,1648.0,9291.0,0.0,6.0,1642.0,105
1.0,7.0,1.0,1648.0,9291.0,0.0,7.0,1641.0,105
1.0,8.0,1.0,1648.0,9291.0,0.0,8.0,1640.0,105
1.0,9.0,1.0,1648.0,9291.0,0.0,9.0,1639.0,105
1.0,10.0,1.0,1648.0,9291.0,0.0,10.0,1638.0,105
1.0,11.0,1.0,1648.0,9291.0,0.0,11.0,1637.0,105
1.0,12.0,1.0,1648.0,9291.0,0.0,12.0,1636.0,105
1.0,13.0,1.0,1648.0,9291.0,0.0,13.0,1635.0,105
1.0,14.0,1.0,1648.0,9291.0,0.0,14.0,1634.0,105
1.0,15.0,1.0,1648.0,9291.0,0.0,15.0,1633.0,105
1.0,16.0,1.0,1648.0,9291.0,0.0,16.0,1632.0,105
1.0,17.0,1.0,1648.0,9291.0,0.0,17.0,1631.0,105
1.0,18.0,1.0,1648.0,9291.0,0.0,18.0,1630.0,105
1.0,19.0,1.0,1648.0,9291.0,0.0,19.0,1629.0,105
1.0,20.0,1.0,1648.0,9291.0,0.0,20.0,1628.0,105
1.0,21.0,1.0,1648.0,9291.0,0.0,21.0,1627.0,105
1.0,22.0,1.0,1648.0,9291.0,0.0,22.0,1626.0,105
1.0,23.0,1.0,1648.0,9291.0,0.0,23.0,1625.0,105
1.0,24.0,1.0,1648.0,9291.0,0.0,24.0,1624.0,105
1.0,25.0,1.0,1648.0,9291.0,0.0,25.0,1623.0,105
1.0,26.0,1.0,1648.0,9291.0,0.0,26.0,1622.0,105
1.0,27.0,1.0,1648.0,9291.0,0.0,27.0,1621.0,105
1.0,28.0,1.0,1648.0,9291.0,0.0,28.0,1620.0,105
1.0,29.0,1.0,1648.0,9291.0,0.0,29.0,1619.0,105
1.0,0.0,1.0,753.0,4752.0,0.0,0.0,753.0,106
1.0,1.0,1.0,753.0,4752.0,0.0,1.0,752.0,106
1.0,2.0,1.0,753.0,4752.0,0.0,2.0,751.0,106
1.0,3.0,1.0,753.0,4752.0,0.0,3.0,750.0,106
1.0,4.0,1.0,753.0,4752.0,0.0,4.0,749.0,106
1.0,5.0,1.0,753.0,4752.0,0.0,5.0,748.0,106
1.0,6.0,1.0,753.0,4752.0,0.0,6.0,747.0,106
1.0,7.0,1.0,753.0,4752.0,0.0,7.0,746.0,106
1.0,8.0,1.0,753.0,4752.0,0.0,8.0,745.0,106
1.0,9.0,1.0,753.0,4752.0,0.0,9.0,744.0,106
1.0,10.0,1.0,753.0,4752.0,0.0,10.0,743.0,106
1.0,11.0,1.0,753.0,4752.0,0.0,11.0,742.0,106
1.0,12.0,1.0,753.0,4752.0,0.0,12.0,741.0,106
1.0,13.0,1.0,753.0,4752.0,0.0,13.0,740.0,106
1.0,14.0,1.0,753.0,4752.0,0.0,14.0,739.0,106
1.0,15.0,1.0,753.0,4752.0,0.0,15.0,738.0,106
1.0,16.0,1.0,753.0,4752.0,0.0,16.0,737.0,106
1.0,17.0,1.0,753.0,4752.0,0.0,17.0,736.0,106
1.0,18.0,1.0,753.0,4752.0,0.0,18.0,735.0,106
1.0,19.0,1.0,753.0,4752.0,0.0,19.0,734.0,106
1.0,20.0,1.0,753.0,4752.0,0.0,20.0,733.0,106
1.0,21.0,1.0,753.0,4752.0,0.0,21.0,732.0,106
1.0,22.0,1.0,753.0,4752.0,0.0,22.0,731.0,106
1.0,23.0,1.0,753.0,4752.0,0.0,23.0,730.0,106
1.0,24.0,1.0,753.0,4752.0,0.0,24.0,729.0,106
1.0,25.0,1.0,753.0,4752.0,0.0,25.0,728.0,106
1.0,26.0,1.0,753.0,4752.0,0.0,26.0,727.0,106
1.0,27.0,1.0,753.0,4752.0,0.0,27.0,726.0,106
1.0,28.0,1.0,753.0,4752.0,0.0,28.0,725.0,106
1.0,29.0,1.0,753.0,4752.0,0.0,29.0,724.0,106
1.0,0.0,1.0,7721.0,997.0,0.0,0.0,7721.0,107
1.0,1.0,1.0,7721.0,997.0,0.0,1.0,7720.0,107
1.0,2.0,1.0,7721.0,997.0,0.0,2.0,7719.0,107
1.0,3.0,1.0,7721.0,997.0,0.0,3.0,7718.0,107
1.0,4.0,1.0,7721.0,997.0,0.0,4.0,7717.0,107
1.0,5.0,1.0,7721.0,997.0,0.0,5.0,7716.0,107
1.0,6.0,1.0,7721.0,997.0,0.0,6.0,7715.0,107
1.0,7.0,1.0,7721.0,997.0,0.0,7.0,7714.0,107
1.0,8.0,1.0,7721.0,997.0,0.0,8.0,7713.0,107
1.0,9.0,1.0,7721.0,997.0,0.0,9.0,7712.0,107
1.0,10.0,1.0,7721.0,997.0,0.0,10.0,7711.0,107
1.0,11.0,1.0,7721.0,997.0,0.0,11.0,7710.0,107
1.0,12.0,1.0,7721.0,997.0,0.0,12.0,7709.0,107
1.0,13.0,1.0,7721.0,997.0,0.0,13.0,7708.0,107
1.0,14.0,1.0,7721.0,997.0,0.0,14.0,7707.0,107
1.0,15.0,1.0,7721.0,997.0,0.0,15.0,7706.0,107
1.0,16.0,1.0,7721.0,997.0,0.0,16.0,7705.0,107
1.0,17.0,1.0,7721.0,997.0,0.0,17.0,7704.0,107
1.0,18.0,1.0,7721.0,997.0,0.0,18.0,7703.0,107
1.0,19.0,1.0,7721.0,997.0,0.0,19.0,7702.0,107
1.0,20.0,1.0,7721.0,997.0,0.0,20.0,7701.0,107
1.0,21.0,1.0,7721.0,997.0,0.0,21.0,7700.0,107
1.0,22.0,1.0,7721.0,997.0,0.0,22.0,7699.0,107
1.0,23.0,1.0,7721.0,997.0,0.0,23.0,7698.0,107
1.0,24.0,1.0,7721.0,997.0,0.0,24.0,7697.0,107
1.0,25.0,1.0,7721.0,997.0,0.0,25.0,7696.0,107
1.0,26.0,1.0,7721.0,997.0,0.0,26.0,7695.0,107
1.0,27.0,1.0,7721.0,997.0,0.0,27.0,7694.0,107
1.0,28.0,1.0,7721.0,997.0,0.0,28.0,7693.0,107
1.0,29.0,1.0,7721.0,997.0,0.0,29.0,7692.0,107
1.0,0.0,1.0,3942.0,523.0,0.0,0.0,3942.0,108
1.0,1.0,1.0,3942.0,523.0,0.0,1.0,3941.0,108
1.0,2.0,1.0,3942.0,523.0,0.0,2.0,3940.0,108
1.0,3.0,1.0,3942.0,523.0,0.0,3.0,3939.0,108
1.0,4.0,1.0,3942.0,523.0,0.0,4.0,3938.0,108
1.0,5.0,1.0,3942.0,523.0,0.0,5.0,3937.0,108
1.0,6.0,1.0,3942.0,523.0,0.0,6.0,3936.0,108
1.0,7.0,1.0,3942.0,523.0,0.0,7.0,3935.0,108
1.0,8.0,1.0,3942.0,523.0,0.0,8.0,3934.0,108
1.0,9.0,1.0,3942.0,523.0,0.0,9.0,3933.0,108
1.0,10.0,1.0,3942.0,523.0,0.0,10.0,3932.0,108
1.0,11.0,1.0,3942.0,523.0,0.0,11.0,3931.0,108
1.0,12.0,1.0,3942.0,523.0,0.0,12.0,3930.0,108
1.0,13.0,1.0,3942.0,523.0,0.0,13.0,3929.0,108
1.0,14.0,1.0,3942.0,523.0,0.0,14.0,3928.0,108
1.0,15.0,1.0,3942.0,523.0,0.0,15.0,3927.0,108
1.0,16.0,1.0,3942.0,523.0,0.0,16.0,3926.0,108
1.0,17.0,1.0,3942.0,523.0,0.0,17.0,3925.0,108
1.0,18.0,1.0,3942.0,523.0,0.0,18.0,3924.0,108
1.0,19.0,1.0,3942.0,523.0,0.0,19.0,3923.0,108
1.0,20.0,1.0,3942.0,523.0,0.0,20.0,3922.0,108
1.0,21.0,1.0,3942.0,523.0,0.0,21.0,3921.0,108
1.0,22.0,1.0,3942.0,523.0,0.0,22.0,3920.0,108
1.0,23.0,1.0,3942.0,523.0,0.0,23.0,3919.0,108
1.0,24.0,1.0,3942.0,523.0,0.0,24.0,3918.0,108
1.0,25.0,1.0,3942.0,523.0,0.0,25.0,3917.0,108
1.0,26.0,1.0,3942.0,523.0,0.0,26.0,3916.0,108
1.0,27.0,1.0,3942.0,523.0,0.0,27.0,3915.0,108
1.0,28.0,1.0,3942.0,523.0,0.0,28.0,3914.0,108
1.0,29.0,1.0,3942.0,523.0,0.0,29.0,3913.0,108
1.0,0.0,1.0,730.0,7932.0,0.0,0.0,730.0,109
1.0,1.0,1.0,730.0,7932.0,0.0,1.0,729.0,109
1.0,2.0,1.0,730.0,7932.0,0.0,2.0,728.0,109
1.0,3.0,1.0,730.0,7932.0,0.0,3.0,727.0,109
1.0,4.0,1.0,730.0,7932.0,0.0,4.0,726.0,109
1.0,5.0,1.0,730.0,7932.0,0.0,5.0,725.0,109
1.0,6.0,1.0,730.0,7932.0,0.0,6.0,724.0,109
1.0,7.0,1.0,730.0,7932.0,0.0,7.0,723.0,109
1.0,8.0,1.0,730.0,7932.0,0.0,8.0,722.0,109
1.0,9.0,1.0,730.0,7932.0,0.0,9.0,721.0,109
1.0,10.0,1.0,730.0,7932.0,0.0,10.0,720.0,109
1.0,11.0,1.0,730.0,7932.0,0.0,11.0,719.0,109
1.0,12.0,1.0,730.0,7932.0,0.0,12.0,718.0,109
1.0,13.0,1.0,730.0,7932.0,0.0,13.0,717.0,109
1.0,14.0,1.0,730.0,7932.0,0.0,14.0,716.0,109
1.0,15.0,1.0,730.0,7932.0,0.0,15.0,715.0,109
1.0,16.0,1.0,730.0,7932.0,0.0,16.0,714.0,109
1.0,17.0,1.0,730.0,7932.0,0.0,17.0,713.0,109
1.0,18.0,1.0,730.0,7932.0,0.0,18.0,712.0,109
1.0,19.0,1.0,730.0,7932.0,0.0,19.0,711.0,109
1.0,20.0,1.0,730.0,7932.0,0.0,20.0,710.0,109
1.0,21.0,1.0,730.0,7932.0,0.0,21.0,709.0,109
1.0,22.0,1.0,730.0,7932.0,0.0,22.0,708.0,109
1.0,23.0,1.0,730.0,7932.0,0.0,23.0,707.0,109
1.0,24.0,1.0,730.0,7932.0,0.0,24.0,706.0,109
1.0,25.0,1.0,730.0,7932.0,0.0,25.0,705.0,109
1.0,26.0,1.0,730.0,7932.0,0.0,26.0,704.0,109
1.0,27.0,1.0,730.0,7932.0,0.0,27.0,703.0,109
1.0,28.0,1.0,730.0,7932.0,0.0,28.0,702.0,109
1.0,29.0,1.0,730.0,7932.0,0.0,29.0,701.0,109
1.0,0.0,1.0,428.0,859.0,0.0,0.0,428.0,110
1.0,1.0,1.0,428.0,859.0,0.0,1.0,427.0,110
1.0,2.0,1.0,428.0,859.0,0.0,2.0,426.0,110
1.0,3.0,1.0,428.0,859.0,0.0,3.0,425.0,110
1.0,4.0,1.0,428.0,859.0,0.0,4.0,424.0,110
1.0,5.0,1.0,428.0,859.0,0.0,5.0,423.0,110
1.0,6.0,1.0,428.0,859.0,0.0,6.0,422.0,110
1.0,7.0,1.0,428.0,859.0,0.0,7.0,421.0,110
1.0,8.0,1.0,428.0,859.0,0.0,8.0,420.0,110
1.0,9.0,1.0,428.0,859.0,0.0,9.0,419.0,110
1.0,10.0,1.0,428.0,859.0,0.0,10.0,418.0,110
1.0,11.0,1.0,428.0,859.0,0.0,11.0,417.0,110
1.0,12.0,1.0,428.0,859.0,0.0,12.0,416.0,110
1.0,13.0,1.0,428.0,859.0,0.0,13.0,415.0,110
1.0,14.0,1.0,428.0,859.0,0.0,14.0,414.0,110
1.0,15.0,1.0,428.0,859.0,0.0,15.0,413.0,110
1.0,16.0,1.0,428.0,859.0,0.0,16.0,412.0,110
1.0,17.0,1.0,428.0,859.0,0.0,17.0,411.0,110
1.0,18.0,1.0,428.0,859.0,0.0,18.0,410.0,110
1.0,19.0,1.0,428.0,859.0,0.0,19.0,409.0,110
1.0,20.0,1.0,428.0,859.0,0.0,20.0,408.0,110
1.0,21.0,1.0,428.0,859.0,0.0,21.0,407.0,110
1.0,22.0,1.0,428.0,859.0,0.0,22.0,406.0,110
1.0,23.0,1.0,428.0,859.0,0.0,23.0,405.0,110
1.0,24.0,1.0,428.0,859.0,0.0,24.0,404.0,110
1.0,25.0,1.0,428.0,859.0,0.0,25.0,403.0,110
1.0,26.0,1.0,428.0,859.0,0.0,26.0,402.0,110
1.0,27.0,1.0,428.0,859.0,0.0,27.0,401.0,110
1.0,28.0,1.0,428.0,859.0,0.0,28.0,400.0,110
1.0,29.0,1.0,428.0,859.0,0.0,29.0,399.0,110
1.0,0.0,1.0,885.0,237.0,0.0,0.0,885.0,111
1.0,1.0,1.0,885.0,237.0,0.0,1.0,884.0,111
1.0,2.0,1.0,885.0,237.0,0.0,2.0,883.0,111
1.0,3.0,1.0,885.0,237.0,0.0,3.0,882.0,111
1.0,4.0,1.0,885.0,237.0,0.0,4.0,881.0,111
1.0,5.0,1.0,885.0,237.0,0.0,5.0,880.0,111
1.0,6.0,1.0,885.0,237.0,0.0,6.0,879.0,111
1.0,7.0,1.0,885.0,237.0,0.0,7.0,878.0,111
1.0,8.0,1.0,885.0,237.0,0.0,8.0,877.0,111
1.0,9.0,1.0,885.0,237.0,0.0,9.0,876.0,111
1.0,10.0,1.0,885.0,237.0,0.0,10.0,875.0,111
1.0,11.0,1.0,885.0,237.0,0.0,11.0,874.0,111
1.0,12.0,1.0,885.0,237.0,0.0,12.0,873.0,111
1.0,13.0,1.0,885.0,237.0,0.0,13.0,872.0,111
1.0,14.0,1.0,885.0,237.0,0.0,14.0,871.0,111
1.0,15.0,1.0,885.0,237.0,0.0,15.0,870.0,111
1.0,16.0,1.0,885.0,237.0,0.0,16.0,869.0,111
1.0,17.0,1.0,885.0,237.0,0.0,17.0,868.0,111
1.0,18.0,1.0,885.0,237.0,0.0,18.0,867.0,111
1.0,19.0,1.0,885.0,237.0,0.0,19.0,866.0,111
1.0,20.0,1.0,885.0,237.0,0.0,20.0,865.0,111
1.0,21.0,1.0,885.0,237.0,0.0,21.0,864.0,111
1.0,22.0,1.0,885.0,237.0,0.0,22.0,863.0,111
1.0,23.0,1.0,885.0,237.0,0.0,23.0,862.0,111
1.0,24.0,1.0,885.0,237.0,0.0,24.0,861.0,111
1.0,25.0,1.0,885.0,237.0,0.0,25.0,860.0,111
1.0,26.0,1.0,885.0,237.0,0.0,26.0,859.0,111
1.0,27.0,1.0,885.0,237.0,0.0,27.0,858.0,111
1.0,28.0,1.0,885.0,237.0,0.0,28.0,857.0,111
1.0,29.0,1.0,885.0,237.0,0.0,29.0,856.0,111
